Date,Day,Occasion_English,Occasion_Gujarati,Category,Cultural_Context,Visual_Mood,Priority,Message_English,Message_Gujarati,Illustration_Prompt,Palette,Style,Season,Language,Approval_Status,Version,Record_Type,Emotion,Why_This_Day,Gujarati_Editorial_Status,Message_ID
2026-01-01,Thursday,New Year's Day,નવા વર્ષનો દિવસ,International Celebration,Western,Celebration,1,A new year does not change life by itself; meaningful change begins with the choices we make each day.,નવું વર્ષ તો માત્ર શરૂઆત છે; સાચો બદલાવ રોજ કરેલા સારા નિર્ણયોથી આવે છે.,"Premium global New Year's Eve greeting-card scene with midnight blue sky, champagne-gold fireworks, elegant clock approaching midnight, refined city lights, generous clear text space, no diya, rangoli, temple or Indian religious motif.",Midnight Indigo,Royal Greeting,Winter,EN+GU,Draft,1.0,Named Occasion,Hope,"The Gregorian New Year is observed worldwide on 1 January. It is commonly used as a moment to reflect, reset priorities and begin the year with clearer intentions.",Festival wording — review before final,OCCASION-2026-01-01
2026-01-02,Friday,Purposeful Day,હેતુપૂર્ણ દિવસ,Everyday Inspiration,Indian,Purpose,3,A clear purpose gives direction to even the smallest effort. Choose one worthwhile task and do it well today.,હેતુ સ્પષ્ટ હોય તો નાનો પ્રયત્ન પણ સાચી દિશામાં આગળ વધે છે. આજે એક સારું કામ પસંદ કરો અને દિલથી પૂરું કરો.,Premium greeting-card artwork for Character Day; cultural context: Indian; mood: Integrity; season: Winter; elegant composition with clear bilingual text space; authentic details; no text inside artwork.,Heritage Sandstone,Modern Editorial,Winter,EN+GU,Draft,1.0,Evergreen,Purpose,"Character Day is presented in this working calendar as a day for thoughtful reflection, cultural respect and positive action.",Natural spoken Gujarati — reviewed,EVERGREEN-001
2026-01-03,Saturday,Character Day,ચારિત્ર્ય દિવસ,Indian Values,Indian,Integrity,3,Character grows through choices made when no one is watching. Do the right thing even when it brings no applause.,કોઈ જોઈ રહ્યું ન હોય ત્યારે કરેલી સાચી પસંદગીથી ચારિત્ર્ય બને છે. વખાણ ન મળે તો પણ સાચું કામ કરો.,Premium greeting-card artwork for Gratitude Day; cultural context: Indian; mood: Gratitude; season: Winter; elegant composition with clear bilingual text space; authentic details; no text inside artwork.,Heritage Sandstone,Classic Heritage,Winter,EN+GU,Draft,1.0,Evergreen,Integrity,"Gratitude Day is presented in this working calendar as a day for thoughtful reflection, cultural respect and positive action.",Natural spoken Gujarati — reviewed,EVERGREEN-002
2026-01-04,Sunday,World Braille Day,વિશ્વ બ્રેલ દિવસ,International Observance,Global,Inclusion,1,"Let the meaning of World Braille Day guide us toward responsibility, respect and thoughtful action.","વિશ્વ બ્રેલ દિવસનો અર્થ આપણને જવાબદારી, સન્માન અને વિચારપૂર્વકના કાર્ય તરફ દોરી જાય.",Premium greeting-card artwork for World Braille Day; cultural context: Global; mood: Inclusion; season: Winter; elegant composition with clear bilingual text space; authentic details; no text inside artwork.,Midnight Indigo,Modern Editorial,Winter,EN+GU,Draft,1.0,Named Occasion,Inclusion,"World Braille Day is presented in this working calendar as a day for thoughtful reflection, cultural respect and positive action.",Festival wording — review before final,OCCASION-2026-01-04
2026-01-05,Monday,Gratitude Day,કૃતજ્ઞતા દિવસ,Indian Values,Indian,Gratitude,3,Gratitude makes ordinary blessings easier to notice. Pause today and thank someone whose care often goes unnoticed.,"આભાર માનવાની ટેવ હોય તો રોજિંદી નાની ખુશીઓ પણ દેખાય છે. આજે એવા કોઈને આભાર કહો, જેમની કાળજી આપણે ઘણી વાર સ્વાભાવિક માની લઈએ છીએ.",Premium greeting-card artwork for Kindness Day; cultural context: Indian; mood: Compassion; season: Winter; elegant composition with clear bilingual text space; authentic details; no text inside artwork.,Lotus Pink,Royal Greeting,Winter,EN+GU,Draft,1.0,Evergreen,Gratitude,"Kindness Day is presented in this working calendar as a day for thoughtful reflection, cultural respect and positive action.",Natural spoken Gujarati — reviewed,EVERGREEN-003
2026-01-06,Tuesday,Learning Day,શીખવાનો દિવસ,Education,Indian,Wisdom,3,Every difficulty can teach something that comfort cannot. Ask one question today without being afraid of not knowing.,મુશ્કેલી ઘણી વાર એવી વાત શીખવે છે જે આરામમાં ક્યારેય સમજાતી નથી. આજે કંઈ ખબર ન હોય તો નિઃસંકોચ પૂછો.,Premium greeting-card artwork for Discipline Day; cultural context: Indian; mood: Determination; season: Winter; elegant composition with clear bilingual text space; authentic details; no text inside artwork.,Peacock Royal,Modern Editorial,Winter,EN+GU,Draft,1.0,Evergreen,Wisdom,"Discipline Day is presented in this working calendar as a day for thoughtful reflection, cultural respect and positive action.",Natural spoken Gujarati — reviewed,EVERGREEN-004
2026-01-07,Wednesday,Kindness Day,દયાનો દિવસ,Social Values,Indian,Compassion,3,A small kindness can become the best part of someone's day. Offer help before someone has to ask twice.,દયાનો નાનો હાવભાવ પણ કોઈના આખા દિવસને સુંદર બનાવી શકે છે. કોઈને વારંવાર કહેવું ન પડે તે પહેલાં મદદનો હાથ આપો.,Premium greeting-card artwork for Family Values Day; cultural context: Indian; mood: Affection; season: Winter; elegant composition with clear bilingual text space; authentic details; no text inside artwork.,Lotus Pink,Royal Greeting,Winter,EN+GU,Draft,1.0,Evergreen,Compassion,"Family Values Day is presented in this working calendar as a day for thoughtful reflection, cultural respect and positive action.",Natural spoken Gujarati — reviewed,EVERGREEN-005
2026-01-08,Thursday,Discipline Day,શિસ્ત દિવસ,Work Ethics,Indian,Determination,3,Discipline turns good intentions into dependable progress. Complete the task you have been postponing.,શિસ્ત સારા ઇરાદાને સાચી પ્રગતિમાં બદલે છે. જે કામ વારંવાર મુલતવી રાખ્યું છે તે આજે પૂરું કરો.,Premium greeting-card artwork for Service Day; cultural context: Indian; mood: Service; season: Winter; elegant composition with clear bilingual text space; authentic details; no text inside artwork.,Midnight Indigo,Modern Editorial,Winter,EN+GU,Draft,1.0,Evergreen,Determination,"Service Day is presented in this working calendar as a day for thoughtful reflection, cultural respect and positive action.",Natural spoken Gujarati — reviewed,EVERGREEN-006
2026-01-09,Friday,Pravasi Bharatiya Divas,પ્રવાસી ભારતીય દિવસ,National Observance,Indian,Pride,1,"Let the meaning of Pravasi Bharatiya Divas guide us toward responsibility, respect and thoughtful action.","પ્રવાસી ભારતીય દિવસનો અર્થ આપણને જવાબદારી, સન્માન અને વિચારપૂર્વકના કાર્ય તરફ દોરી જાય.",Premium greeting-card artwork for Pravasi Bharatiya Divas; cultural context: Indian; mood: Pride; season: Winter; elegant composition with clear bilingual text space; authentic details; no text inside artwork.,Heritage Sandstone,Classic Heritage,Winter,EN+GU,Draft,1.0,Named Occasion,Pride,"Pravasi Bharatiya Divas is presented in this working calendar as a day for thoughtful reflection, cultural respect and positive action.",Festival wording — review before final,OCCASION-2026-01-09
2026-01-10,Saturday,World Hindi Day,વિશ્વ હિન્દી દિવસ,Language and Culture,Global,Cultural Pride,1,"Let the meaning of World Hindi Day guide us toward responsibility, respect and thoughtful action.","વિશ્વ હિન્દી દિવસનો અર્થ આપણને જવાબદારી, સન્માન અને વિચારપૂર્વકના કાર્ય તરફ દોરી જાય.",Premium greeting-card artwork for World Hindi Day; cultural context: Global; mood: Cultural Pride; season: Winter; elegant composition with clear bilingual text space; authentic details; no text inside artwork.,Heritage Sandstone,Modern Editorial,Winter,EN+GU,Draft,1.0,Named Occasion,Cultural Pride,"World Hindi Day is presented in this working calendar as a day for thoughtful reflection, cultural respect and positive action.",Festival wording — review before final,OCCASION-2026-01-10
2026-01-11,Sunday,Family Values Day,પરિવાર મૂલ્યો દિવસ,Family,Indian,Affection,3,"Strong families are built through time, respect and listening. Give someone at home your full attention today.","મજબૂત પરિવાર સમય, સન્માન અને એકબીજાને સાંભળવાથી બને છે. આજે ઘરના કોઈને થોડો સમય પૂરા ધ્યાનથી સાંભળો.",Premium greeting-card artwork for Courage Day; cultural context: Indian; mood: Courage; season: Winter; elegant composition with clear bilingual text space; authentic details; no text inside artwork.,Lotus Pink,Royal Greeting,Winter,EN+GU,Draft,1.0,Evergreen,Affection,"Courage Day is presented in this working calendar as a day for thoughtful reflection, cultural respect and positive action.",Natural spoken Gujarati — reviewed,EVERGREEN-007
2026-01-12,Monday,National Youth Day,રાષ્ટ્રીય યુવા દિવસ,National Observance,Indian,Inspiration,1,"Let the meaning of National Youth Day guide us toward responsibility, respect and thoughtful action.","રાષ્ટ્રીય યુવા દિવસનો અર્થ આપણને જવાબદારી, સન્માન અને વિચારપૂર્વકના કાર્ય તરફ દોરી જાય.",Premium greeting-card artwork for National Youth Day; cultural context: Indian; mood: Inspiration; season: Winter; elegant composition with clear bilingual text space; authentic details; no text inside artwork.,Royal Saffron,Modern Editorial,Winter,EN+GU,Draft,1.0,Named Occasion,Inspiration,"National Youth Day is presented in this working calendar as a day for thoughtful reflection, cultural respect and positive action.",Festival wording — review before final,OCCASION-2026-01-12
2026-01-13,Tuesday,Lohri,લોહડી,Festival,Regional Indian,Joy,1,"Let the meaning of Lohri guide us toward responsibility, respect and thoughtful action.","લોહડીનો અર્થ આપણને જવાબદારી, સન્માન અને વિચારપૂર્વકના કાર્ય તરફ દોરી જાય.",Premium greeting-card artwork for Lohri; cultural context: Regional Indian; mood: Joy; season: Winter; elegant composition with clear bilingual text space; authentic details; no text inside artwork.,Festival Gold,Royal Greeting,Winter,EN+GU,Draft,1.0,Named Occasion,Joy,"Lohri is presented in this working calendar as a day for thoughtful reflection, cultural respect and positive action.",Festival wording — review before final,OCCASION-2026-01-13
2026-01-14,Wednesday,Makar Sankranti • Uttarayan • Pongal,મકર સંક્રાંતિ • ઉત્તરાયણ • પોંગલ,Festival,Regional Indian,Joy,1,"Let your aspirations rise like a kite, while your values keep you firmly grounded.","સપનાઓને પતંગ જેટલી ઊંચી ઉડાન આપો, પણ પગ હંમેશા સંસ્કારની જમીન પર જ રહેવા દો.","Golden winter morning over old Ahmedabad rooftops, colourful kites filling the sky, Gujarati families celebrating together, cinematic premium digital painting, joyful energy, generous clear bilingual text space, no text in artwork.",Royal Saffron,Nature Canvas,Winter,EN+GU,Draft,1.0,Named Occasion,Joy,"Uttarayan marks the Sun’s northward journey and is celebrated across Gujarat with kite flying, shared meals and community gatherings. The day also coincides with Makar Sankranti and harvest traditions across India.",Festival wording — review before final,OCCASION-2026-01-14
2026-01-15,Thursday,Army Day,સેના દિવસ,National Observance,Indian,Pride,1,"Let the meaning of Army Day guide us toward responsibility, respect and thoughtful action.","સેના દિવસનો અર્થ આપણને જવાબદારી, સન્માન અને વિચારપૂર્વકના કાર્ય તરફ દોરી જાય.",Premium greeting-card artwork for Army Day; cultural context: Indian; mood: Pride; season: Winter; elegant composition with clear bilingual text space; authentic details; no text inside artwork.,Heritage Sandstone,Classic Heritage,Winter,EN+GU,Draft,1.0,Named Occasion,Pride,"Army Day is presented in this working calendar as a day for thoughtful reflection, cultural respect and positive action.",Festival wording — review before final,OCCASION-2026-01-15
2026-01-16,Friday,Service Day,સેવાનો દિવસ,Social Responsibility,Indian,Service,3,Service becomes noble when humility is greater than recognition. Do one useful thing today without announcing it.,પ્રસિદ્ધિ કરતાં વિનમ્રતા મોટી હોય ત્યારે સેવા મહાન બને છે. આજે એક કામ કોઈને કહ્યા વગર કરી આપો.,Premium greeting-card artwork for Learning Day; cultural context: Indian; mood: Wisdom; season: Winter; elegant composition with clear bilingual text space; authentic details; no text inside artwork.,Royal Saffron,Classic Heritage,Winter,EN+GU,Draft,1.0,Evergreen,Service,"Learning Day is presented in this working calendar as a day for thoughtful reflection, cultural respect and positive action.",Natural spoken Gujarati — reviewed,EVERGREEN-008
2026-01-17,Saturday,Patience Day,ધીરજ દિવસ,Everyday Inspiration,Indian,Calm,3,Patience is steady effort without unnecessary anxiety. Continue the process without judging it too early.,ધીરજ એટલે હાથ પર હાથ ધરી બેસવું નહીં; ચિંતા વગર સતત પ્રયત્ન કરવો. પરિણામ વહેલું ન દેખાય તો પણ પ્રક્રિયા ચાલુ રાખો.,Premium greeting-card artwork for Kindness Day; cultural context: Indian; mood: Compassion; season: Winter; elegant composition with clear bilingual text space; authentic details; no text inside artwork.,Monsoon Green,Spiritual Serenity,Winter,EN+GU,Draft,1.0,Evergreen,Calm,"Kindness Day is presented in this working calendar as a day for thoughtful reflection, cultural respect and positive action.",Natural spoken Gujarati — reviewed,EVERGREEN-009
2026-01-18,Sunday,Unity Day,એકતા દિવસ,Indian Values,Indian,Unity,3,Differences become strength when respect remains common. Work with someone whose approach differs from yours.,પરસ્પર સન્માન હોય તો ભિન્નતા પણ શક્તિ બની જાય છે. આજે તમારી રીતથી અલગ રીતે કામ કરનાર સાથે સહકાર આપો.,Premium greeting-card artwork for Discipline Day; cultural context: Indian; mood: Determination; season: Winter; elegant composition with clear bilingual text space; authentic details; no text inside artwork.,Royal Saffron,Classic Heritage,Winter,EN+GU,Draft,1.0,Evergreen,Unity,"Discipline Day is presented in this working calendar as a day for thoughtful reflection, cultural respect and positive action.",Natural spoken Gujarati — reviewed,EVERGREEN-010
2026-01-19,Monday,Courage Day,હિંમત દિવસ,Everyday Inspiration,Indian,Courage,3,Courage is often a quiet decision to do what is right. Take the necessary step even if confidence is not perfect.,"હિંમત ઘણી વાર શોર નહીં, પરંતુ સાચું કરવાની શાંત પસંદગી હોય છે. પૂરો આત્મવિશ્વાસ ન હોય તો પણ જરૂરી પગલું भरो.",Premium greeting-card artwork for Family Values Day; cultural context: Indian; mood: Affection; season: Winter; elegant composition with clear bilingual text space; authentic details; no text inside artwork.,Midnight Indigo,Modern Editorial,Winter,EN+GU,Draft,1.0,Evergreen,Courage,"Family Values Day is presented in this working calendar as a day for thoughtful reflection, cultural respect and positive action.",Natural spoken Gujarati — reviewed,EVERGREEN-011
2026-01-20,Tuesday,Nature Appreciation Day,પ્રકૃતિ કદર દિવસ,Environment,Indian,Nature,3,Caring for nature protects the inheritance of future generations. Reduce one avoidable wasteful habit today.,પ્રકૃતિની કાળજી લઈએ ત્યારે આવતી પેઢીઓનો વારસો બચાવીએ છીએ. આજે એક બિનજરૂરી બગાડતી ટેવ ઘટાડો.,Premium greeting-card artwork for Service Day; cultural context: Indian; mood: Service; season: Winter; elegant composition with clear bilingual text space; authentic details; no text inside artwork.,Monsoon Green,Nature Canvas,Winter,EN+GU,Draft,1.0,Evergreen,Nature,"Service Day is presented in this working calendar as a day for thoughtful reflection, cultural respect and positive action.",Natural spoken Gujarati — reviewed,EVERGREEN-012
2026-01-21,Wednesday,Purposeful Day,હેતુપૂર્ણ દિવસ,Everyday Inspiration,Indian,Purpose,3,"When the purpose is clear, ordinary work begins to feel meaningful. Choose one worthwhile task and do it well today.",મન એકાગ્ર હોય તો સામાન્ય દિવસ પણ કામનો બની જાય છે. આજે એક સારું કામ પસંદ કરો અને દિલથી પૂરું કરો.,Premium greeting-card artwork for Patience Day; cultural context: Indian; mood: Calm; season: Winter; elegant composition with clear bilingual text space; authentic details; no text inside artwork.,Heritage Sandstone,Modern Editorial,Winter,EN+GU,Draft,1.0,Evergreen,Purpose,"Patience Day is presented in this working calendar as a day for thoughtful reflection, cultural respect and positive action.",Natural spoken Gujarati — reviewed,EVERGREEN-013
2026-01-22,Thursday,Character Day,ચારિત્ર્ય દિવસ,Indian Values,Indian,Integrity,3,The strongest reputation begins with private honesty. Do the right thing even when it brings no applause.,સાચી ઈમાનદારી એ છે કે એકલા હોઈએ ત્યારે પણ ખોટું ન કરીએ. વખાણ ન મળે તો પણ સાચું કામ કરો.,Premium greeting-card artwork for Unity Day; cultural context: Indian; mood: Unity; season: Winter; elegant composition with clear bilingual text space; authentic details; no text inside artwork.,Heritage Sandstone,Classic Heritage,Winter,EN+GU,Draft,1.0,Evergreen,Integrity,"Unity Day is presented in this working calendar as a day for thoughtful reflection, cultural respect and positive action.",Natural spoken Gujarati — reviewed,EVERGREEN-014
2026-01-23,Friday,Vasant Panchami • Parakram Diwas,વસંત પંચમી • પરાક્રમ દિવસ,Festival and National,Indian,Wisdom,1,"Let the meaning of Vasant Panchami • Parakram Diwas guide us toward responsibility, respect and thoughtful action.","વસંત પંચમી • પરાક્રમ દિવસનો અર્થ આપણને જવાબદારી, સન્માન અને વિચારપૂર્વકના કાર્ય તરફ દોરી જાય.",Premium greeting-card artwork for Vasant Panchami • Parakram Diwas; cultural context: Indian; mood: Wisdom; season: Winter; elegant composition with clear bilingual text space; authentic details; no text inside artwork.,Royal Saffron,Classic Heritage,Winter,EN+GU,Draft,1.0,Named Occasion,Wisdom,"Vasant Panchami • Parakram Diwas is presented in this working calendar as a day for thoughtful reflection, cultural respect and positive action.",Festival wording — review before final,OCCASION-2026-01-23
2026-01-24,Saturday,National Girl Child Day • International Day of Education,રાષ્ટ્રીય બાળિકા દિવસ • આંતરરાષ્ટ્રીય શિક્ષણ દિવસ,Social and Education,Indian,Empowerment,1,"Let the meaning of National Girl Child Day • International Day of Education guide us toward responsibility, respect and thoughtful action.","રાષ્ટ્રીય બાળિકા દિવસ • આંતરરાષ્ટ્રીય શિક્ષણ દિવસનો અર્થ આપણને જવાબદારી, સન્માન અને વિચારપૂર્વકના કાર્ય તરફ દોરી જાય.",Premium greeting-card artwork for National Girl Child Day • International Day of Education; cultural context: Indian; mood: Empowerment; season: Winter; elegant composition with clear bilingual text space; authentic details; no text inside artwork.,Lotus Pink,Modern Editorial,Winter,EN+GU,Draft,1.0,Named Occasion,Empowerment,"National Girl Child Day • International Day of Education is presented in this working calendar as a day for thoughtful reflection, cultural respect and positive action.",Festival wording — review before final,OCCASION-2026-01-24
2026-01-25,Sunday,National Voters' Day,રાષ્ટ્રીય મતદાતા દિવસ,Civic,Indian,Responsibility,1,"Let the meaning of National Voters' Day guide us toward responsibility, respect and thoughtful action.","રાષ્ટ્રીય મતદાતા દિવસનો અર્થ આપણને જવાબદારી, સન્માન અને વિચારપૂર્વકના કાર્ય તરફ દોરી જાય.",Premium greeting-card artwork for National Voters' Day; cultural context: Indian; mood: Responsibility; season: Winter; elegant composition with clear bilingual text space; authentic details; no text inside artwork.,Heritage Sandstone,Classic Heritage,Winter,EN+GU,Draft,1.0,Named Occasion,Responsibility,"National Voters' Day is presented in this working calendar as a day for thoughtful reflection, cultural respect and positive action.",Festival wording — review before final,OCCASION-2026-01-25
2026-01-26,Monday,Republic Day,પ્રજાસત્તાક દિવસ,National,Indian,Pride,1,A Constitution gives a nation its structure; responsible citizens give it strength.,"બંધારણ દેશનો આધાર છે, પરંતુ જવાબદાર નાગરિકો તેની સાચી તાકાત છે.",Premium greeting-card artwork for Republic Day; cultural context: Indian; mood: Pride; season: Winter; elegant composition with clear bilingual text space; authentic details; no text inside artwork.,Royal Saffron,Classic Heritage,Winter,EN+GU,Draft,1.0,Named Occasion,Pride,"India became a republic on 26 January 1950 when the Constitution came into effect. The day honours constitutional values, democratic responsibility and the dignity of every citizen.",Festival wording — review before final,OCCASION-2026-01-26
2026-01-27,Tuesday,Holocaust Remembrance Day,હોલોકોસ્ટ સ્મૃતિ દિવસ,International Observance,Global,Reflection,1,"Let the meaning of Holocaust Remembrance Day guide us toward responsibility, respect and thoughtful action.","હોલોકોસ્ટ સ્મૃતિ દિવસનો અર્થ આપણને જવાબદારી, સન્માન અને વિચારપૂર્વકના કાર્ય તરફ દોરી જાય.",Premium greeting-card artwork for Holocaust Remembrance Day; cultural context: Global; mood: Reflection; season: Winter; elegant composition with clear bilingual text space; authentic details; no text inside artwork.,Midnight Indigo,Modern Editorial,Winter,EN+GU,Draft,1.0,Named Occasion,Reflection,"Holocaust Remembrance Day is presented in this working calendar as a day for thoughtful reflection, cultural respect and positive action.",Festival wording — review before final,OCCASION-2026-01-27
2026-01-28,Wednesday,Gratitude Day,કૃતજ્ઞતા દિવસ,Indian Values,Indian,Gratitude,3,A thankful heart sees abundance where others see routine. Pause today and thank someone whose care often goes unnoticed.,"કૃતજ્ઞ મન સામાન્ય બાબતમાં પણ આશીર્વાદ શોધી લે છે. આજે એવા કોઈને આભાર કહો, જેમની કાળજી આપણે ઘણી વાર સ્વાભાવિક માની લઈએ છીએ.",Premium greeting-card artwork for Learning Day; cultural context: Indian; mood: Wisdom; season: Winter; elegant composition with clear bilingual text space; authentic details; no text inside artwork.,Lotus Pink,Royal Greeting,Winter,EN+GU,Draft,1.0,Evergreen,Gratitude,"Learning Day is presented in this working calendar as a day for thoughtful reflection, cultural respect and positive action.",Natural spoken Gujarati — reviewed,EVERGREEN-015
2026-01-29,Thursday,Learning Day,શીખવાનો દિવસ,Education,Indian,Wisdom,3,Learning continues when curiosity remains stronger than ego. Ask one question today without being afraid of not knowing.,અહંકાર કરતાં જિજ્ઞાસા મોટી રહે ત્યારે શીખવાનું ચાલુ રહે છે. આજે કંઈ ખબર ન હોય તો નિઃસંકોચ પૂછો.,Premium greeting-card artwork for Kindness Day; cultural context: Indian; mood: Compassion; season: Winter; elegant composition with clear bilingual text space; authentic details; no text inside artwork.,Peacock Royal,Modern Editorial,Winter,EN+GU,Draft,1.0,Evergreen,Wisdom,"Kindness Day is presented in this working calendar as a day for thoughtful reflection, cultural respect and positive action.",Natural spoken Gujarati — reviewed,EVERGREEN-016
2026-01-30,Friday,Martyrs' Day,શહીદ દિવસ,National Remembrance,Indian,Reflection,1,"Let the meaning of Martyrs' Day guide us toward responsibility, respect and thoughtful action.","શહીદ દિવસનો અર્થ આપણને જવાબદારી, સન્માન અને વિચારપૂર્વકના કાર્ય તરફ દોરી જાય.",Premium greeting-card artwork for Martyrs' Day; cultural context: Indian; mood: Reflection; season: Winter; elegant composition with clear bilingual text space; authentic details; no text inside artwork.,Heritage Sandstone,Classic Heritage,Winter,EN+GU,Draft,1.0,Named Occasion,Reflection,"Martyrs' Day is presented in this working calendar as a day for thoughtful reflection, cultural respect and positive action.",Festival wording — review before final,OCCASION-2026-01-30
2026-01-31,Saturday,Kindness Day,દયાનો દિવસ,Social Values,Indian,Compassion,3,Gentle words often reach places that advice cannot. Offer help before someone has to ask twice.,ક્યારેક બે મીઠા શબ્દો મોટી સલાહ કરતાં વધુ અસર કરે છે. કોઈને વારંવાર કહેવું ન પડે તે પહેલાં મદદનો હાથ આપો.,Premium greeting-card artwork for Family Values Day; cultural context: Indian; mood: Affection; season: Winter; elegant composition with clear bilingual text space; authentic details; no text inside artwork.,Lotus Pink,Royal Greeting,Winter,EN+GU,Draft,1.0,Evergreen,Compassion,"Family Values Day is presented in this working calendar as a day for thoughtful reflection, cultural respect and positive action.",Natural spoken Gujarati — reviewed,EVERGREEN-017
2026-02-01,Sunday,Indian Coast Guard Day,ભારતીય કોસ્ટ ગાર્ડ દિવસ,National Observance,Indian,Service,1,"Let the meaning of Indian Coast Guard Day guide us toward responsibility, respect and thoughtful action.","ભારતીય કોસ્ટ ગાર્ડ દિવસનો અર્થ આપણને જવાબદારી, સન્માન અને વિચારપૂર્વકના કાર્ય તરફ દોરી જાય.",Premium greeting-card artwork for Indian Coast Guard Day; cultural context: Indian; mood: Service; season: Winter; elegant composition with clear bilingual text space; authentic details; no text inside artwork.,Peacock Royal,Classic Heritage,Winter,EN+GU,Draft,1.0,Named Occasion,Service,"Indian Coast Guard Day is presented in this working calendar as a day for thoughtful reflection, cultural respect and positive action.",Festival wording — review before final,OCCASION-2026-02-01
2026-02-02,Monday,World Wetlands Day,વિશ્વ આર્દ્રભૂમિ દિવસ,Environment,Global,Nature,1,"Let the meaning of World Wetlands Day guide us toward responsibility, respect and thoughtful action.","વિશ્વ આર્દ્રભૂમિ દિવસનો અર્થ આપણને જવાબદારી, સન્માન અને વિચારપૂર્વકના કાર્ય તરફ દોરી જાય.",Premium greeting-card artwork for World Wetlands Day; cultural context: Global; mood: Nature; season: Winter; elegant composition with clear bilingual text space; authentic details; no text inside artwork.,Monsoon Green,Nature Canvas,Winter,EN+GU,Draft,1.0,Named Occasion,Nature,"World Wetlands Day is presented in this working calendar as a day for thoughtful reflection, cultural respect and positive action.",Festival wording — review before final,OCCASION-2026-02-02
2026-02-03,Tuesday,Discipline Day,શિસ્ત દિવસ,Work Ethics,Indian,Determination,3,Consistency matters more than occasional bursts of effort. Complete the task you have been postponing.,ક્યારેક બહુ મહેનત કરતાં રોજ થોડું સતત કરવું વધુ કામ આવે છે. જે કામ વારંવાર મુલતવી રાખ્યું છે તે આજે પૂરું કરો.,Premium greeting-card artwork for Unity Day; cultural context: Indian; mood: Unity; season: Winter; elegant composition with clear bilingual text space; authentic details; no text inside artwork.,Midnight Indigo,Modern Editorial,Winter,EN+GU,Draft,1.0,Evergreen,Determination,"Unity Day is presented in this working calendar as a day for thoughtful reflection, cultural respect and positive action.",Natural spoken Gujarati — reviewed,EVERGREEN-018
2026-02-04,Wednesday,Family Values Day,પરિવાર મૂલ્યો દિવસ,Family,Indian,Affection,3,Love feels safest when people are heard without judgment. Give someone at home your full attention today.,નિર્ણય કર્યા વગર સાંભળવામાં આવે ત્યારે પ્રેમ વધુ સુરક્ષિત લાગે છે. આજે ઘરના કોઈને થોડો સમય પૂરા ધ્યાનથી સાંભળો.,Premium greeting-card artwork for Courage Day; cultural context: Indian; mood: Courage; season: Winter; elegant composition with clear bilingual text space; authentic details; no text inside artwork.,Lotus Pink,Royal Greeting,Winter,EN+GU,Draft,1.0,Evergreen,Affection,"Courage Day is presented in this working calendar as a day for thoughtful reflection, cultural respect and positive action.",Natural spoken Gujarati — reviewed,EVERGREEN-019
2026-02-05,Thursday,Service Day,સેવાનો દિવસ,Social Responsibility,Indian,Service,3,Useful work done quietly often creates the deepest impact. Do one useful thing today without announcing it.,શાંતિથી કરેલું કામ ઘણી વાર સૌથી ઊંડી અસર કરે છે. આજે એક કામ કોઈને કહ્યા વગર કરી આપો.,Premium greeting-card artwork for Nature Appreciation Day; cultural context: Indian; mood: Nature; season: Winter; elegant composition with clear bilingual text space; authentic details; no text inside artwork.,Royal Saffron,Classic Heritage,Winter,EN+GU,Draft,1.0,Evergreen,Service,"Nature Appreciation Day is presented in this working calendar as a day for thoughtful reflection, cultural respect and positive action.",Natural spoken Gujarati — reviewed,EVERGREEN-020
2026-02-06,Friday,Patience Day,ધીરજ દિવસ,Everyday Inspiration,Indian,Calm,3,Some results need time even when the work is being done correctly. Continue the process without judging it too early.,કામ સાચું ચાલતું હોય તો પણ કેટલાક પરિણામને સમય લાગે છે. પરિણામ વહેલું ન દેખાય તો પણ પ્રક્રિયા ચાલુ રાખો.,Premium greeting-card artwork for Purposeful Day; cultural context: Indian; mood: Purpose; season: Winter; elegant composition with clear bilingual text space; authentic details; no text inside artwork.,Monsoon Green,Spiritual Serenity,Winter,EN+GU,Draft,1.0,Evergreen,Calm,"Purposeful Day is presented in this working calendar as a day for thoughtful reflection, cultural respect and positive action.",Natural spoken Gujarati — reviewed,EVERGREEN-021
2026-02-07,Saturday,Unity Day,એકતા દિવસ,Indian Values,Indian,Unity,3,Unity does not require sameness; it requires cooperation. Work with someone whose approach differs from yours.,એકતા માટે બધાં સરખાં હોવું જરૂરી નથી; સાથે કામ કરવાની તૈયારી જરૂરી છે. આજે તમારી રીતથી અલગ રીતે કામ કરનાર સાથે સહકાર આપો.,Premium greeting-card artwork for Character Day; cultural context: Indian; mood: Integrity; season: Winter; elegant composition with clear bilingual text space; authentic details; no text inside artwork.,Royal Saffron,Classic Heritage,Winter,EN+GU,Draft,1.0,Evergreen,Unity,"Character Day is presented in this working calendar as a day for thoughtful reflection, cultural respect and positive action.",Natural spoken Gujarati — reviewed,EVERGREEN-022
2026-02-08,Sunday,Courage Day,હિંમત દિવસ,Everyday Inspiration,Indian,Courage,3,Bravery begins when fear is acknowledged but not obeyed. Take the necessary step even if confidence is not perfect.,ડર હોવા છતાં તેની આજ્ઞા ન માનવી એ જ બહાદુરીની શરૂઆત છે. પૂરો આત્મવિશ્વાસ ન હોય તો પણ જરૂરી પગલું भरो.,Premium greeting-card artwork for Gratitude Day; cultural context: Indian; mood: Gratitude; season: Winter; elegant composition with clear bilingual text space; authentic details; no text inside artwork.,Midnight Indigo,Modern Editorial,Winter,EN+GU,Draft,1.0,Evergreen,Courage,"Gratitude Day is presented in this working calendar as a day for thoughtful reflection, cultural respect and positive action.",Natural spoken Gujarati — reviewed,EVERGREEN-023
2026-02-09,Monday,Nature Appreciation Day,પ્રકૃતિ કદર દિવસ,Environment,Indian,Nature,3,"Nature gives quietly, but its loss is felt by everyone. Reduce one avoidable wasteful habit today.","પ્રકૃતિ શાંતિથી આપતી રહે છે, પણ તેનો નુકસાન બધાને સહન કરવું પડે છે. આજે એક બિનજરૂરી બગાડતી ટેવ ઘટાડો.",Premium greeting-card artwork for Learning Day; cultural context: Indian; mood: Wisdom; season: Winter; elegant composition with clear bilingual text space; authentic details; no text inside artwork.,Monsoon Green,Nature Canvas,Winter,EN+GU,Draft,1.0,Evergreen,Nature,"Learning Day is presented in this working calendar as a day for thoughtful reflection, cultural respect and positive action.",Natural spoken Gujarati — reviewed,EVERGREEN-024
2026-02-10,Tuesday,Safer Internet Day • World Pulses Day,સુરક્ષિત ઇન્ટરનેટ દિવસ • વિશ્વ કઠોળ દિવસ,Global Awareness,Global,Responsibility,1,"Let the meaning of Safer Internet Day • World Pulses Day guide us toward responsibility, respect and thoughtful action.","સુરક્ષિત ઇન્ટરનેટ દિવસ • વિશ્વ કઠોળ દિવસનો અર્થ આપણને જવાબદારી, સન્માન અને વિચારપૂર્વકના કાર્ય તરફ દોરી જાય.",Premium greeting-card artwork for Safer Internet Day • World Pulses Day; cultural context: Global; mood: Responsibility; season: Winter; elegant composition with clear bilingual text space; authentic details; no text inside artwork.,Peacock Royal,Modern Editorial,Winter,EN+GU,Draft,1.0,Named Occasion,Responsibility,"Safer Internet Day • World Pulses Day is presented in this working calendar as a day for thoughtful reflection, cultural respect and positive action.",Festival wording — review before final,OCCASION-2026-02-10
2026-02-11,Wednesday,International Day of Women and Girls in Science,વિજ્ઞાનમાં મહિલાઓ અને બાળિકાઓનો આંતરરાષ્ટ્રીય દિવસ,Science and Equality,Global,Empowerment,1,"Let the meaning of International Day of Women and Girls in Science guide us toward responsibility, respect and thoughtful action.","વિજ્ઞાનમાં મહિલાઓ અને બાળિકાઓનો આંતરરાષ્ટ્રીય દિવસનો અર્થ આપણને જવાબદારી, સન્માન અને વિચારપૂર્વકના કાર્ય તરફ દોરી જાય.",Premium greeting-card artwork for International Day of Women and Girls in Science; cultural context: Global; mood: Empowerment; season: Winter; elegant composition with clear bilingual text space; authentic details; no text inside artwork.,Lotus Pink,Modern Editorial,Winter,EN+GU,Draft,1.0,Named Occasion,Empowerment,"International Day of Women and Girls in Science is presented in this working calendar as a day for thoughtful reflection, cultural respect and positive action.",Festival wording — review before final,OCCASION-2026-02-11
2026-02-12,Thursday,Purposeful Day,હેતુપૂર્ણ દિવસ,Everyday Inspiration,Indian,Purpose,3,A focused mind turns a simple day into useful progress. Choose one worthwhile task and do it well today.,શું કરવું છે તે નક્કી હોય તો મહેનતનો દરેક પગલું અર્થપૂર્ણ બને છે. આજે એક સારું કામ પસંદ કરો અને દિલથી પૂરું કરો.,Premium greeting-card artwork for Family Values Day; cultural context: Indian; mood: Affection; season: Winter; elegant composition with clear bilingual text space; authentic details; no text inside artwork.,Heritage Sandstone,Modern Editorial,Winter,EN+GU,Draft,1.0,Evergreen,Purpose,"Family Values Day is presented in this working calendar as a day for thoughtful reflection, cultural respect and positive action.",Natural spoken Gujarati — reviewed,EVERGREEN-025
2026-02-13,Friday,World Radio Day,વિશ્વ રેડિયો દિવસ,Media and Culture,Global,Connection,1,"Let the meaning of World Radio Day guide us toward responsibility, respect and thoughtful action.","વિશ્વ રેડિયો દિવસનો અર્થ આપણને જવાબદારી, સન્માન અને વિચારપૂર્વકના કાર્ય તરફ દોરી જાય.",Premium greeting-card artwork for World Radio Day; cultural context: Global; mood: Connection; season: Winter; elegant composition with clear bilingual text space; authentic details; no text inside artwork.,Peacock Royal,Modern Editorial,Winter,EN+GU,Draft,1.0,Named Occasion,Connection,"World Radio Day is presented in this working calendar as a day for thoughtful reflection, cultural respect and positive action.",Festival wording — review before final,OCCASION-2026-02-13
2026-02-14,Saturday,Valentine's Day,વેલેન્ટાઇન દિવસ,International Celebration,Western,Affection,1,"Let the meaning of Valentine's Day guide us toward responsibility, respect and thoughtful action.","વેલેન્ટાઇન દિવસનો અર્થ આપણને જવાબદારી, સન્માન અને વિચારપૂર્વકના કાર્ય તરફ દોરી જાય.",Premium greeting-card artwork for Valentine's Day; cultural context: Western; mood: Affection; season: Winter; elegant composition with clear bilingual text space; authentic details; no text inside artwork.,Lotus Pink,Royal Greeting,Winter,EN+GU,Draft,1.0,Named Occasion,Affection,"Valentine's Day is presented in this working calendar as a day for thoughtful reflection, cultural respect and positive action.",Festival wording — review before final,OCCASION-2026-02-14
2026-02-15,Sunday,Maha Shivaratri,મહાશિવરાત્રી,Religious Festival,Indian,Devotion,1,True strength is the calm that remains steady when the world around us is restless.,"સાચી શક્તિ એ શાંતિ છે, જે આસપાસની દુનિયા અશાંત હોય ત્યારે પણ અડગ રહે છે.",Premium greeting-card artwork for Maha Shivaratri; cultural context: Indian; mood: Devotion; season: Winter; elegant composition with clear bilingual text space; authentic details; no text inside artwork.,Midnight Indigo,Spiritual Serenity,Winter,EN+GU,Draft,1.0,Named Occasion,Devotion,"Maha Shivaratri is presented in this working calendar as a day for thoughtful reflection, cultural respect and positive action.",Festival wording — review before final,OCCASION-2026-02-15
2026-02-16,Monday,Character Day,ચારિત્ર્ય દિવસ,Indian Values,Indian,Integrity,3,"Good character is built quietly, one decision at a time. Do the right thing even when it brings no applause.","સારા સંસ્કાર મોટા પ્રસંગે નહીં, રોજની નાની પસંદગીઓમાં દેખાય છે. વખાણ ન મળે તો પણ સાચું કામ કરો.",Premium greeting-card artwork for Courage Day; cultural context: Indian; mood: Courage; season: Winter; elegant composition with clear bilingual text space; authentic details; no text inside artwork.,Heritage Sandstone,Classic Heritage,Winter,EN+GU,Draft,1.0,Evergreen,Integrity,"Courage Day is presented in this working calendar as a day for thoughtful reflection, cultural respect and positive action.",Natural spoken Gujarati — reviewed,EVERGREEN-026
2026-02-17,Tuesday,Gratitude Day,કૃતજ્ઞતા દિવસ,Indian Values,Indian,Gratitude,3,Appreciation brings peace without reducing ambition. Pause today and thank someone whose care often goes unnoticed.,"જે મળ્યું છે તેની કદર કરવાથી આગળ વધવાની ઇચ્છા ઓછી થતી નથી, મન શાંત બને છે. આજે એવા કોઈને આભાર કહો, જેમની કાળજી આપણે ઘણી વાર સ્વાભાવિક માની લઈએ છીએ.",Premium greeting-card artwork for Nature Appreciation Day; cultural context: Indian; mood: Nature; season: Winter; elegant composition with clear bilingual text space; authentic details; no text inside artwork.,Lotus Pink,Royal Greeting,Winter,EN+GU,Draft,1.0,Evergreen,Gratitude,"Nature Appreciation Day is presented in this working calendar as a day for thoughtful reflection, cultural respect and positive action.",Natural spoken Gujarati — reviewed,EVERGREEN-027
2026-02-18,Wednesday,Learning Day,શીખવાનો દિવસ,Education,Indian,Wisdom,3,A thoughtful question can open a new direction. Ask one question today without being afraid of not knowing.,સાચો પ્રશ્ન નવી દિશાનો દરવાજો ખોલી શકે છે. આજે કંઈ ખબર ન હોય તો નિઃસંકોચ પૂછો.,Premium greeting-card artwork for Purposeful Day; cultural context: Indian; mood: Purpose; season: Winter; elegant composition with clear bilingual text space; authentic details; no text inside artwork.,Peacock Royal,Modern Editorial,Winter,EN+GU,Draft,1.0,Evergreen,Wisdom,"Purposeful Day is presented in this working calendar as a day for thoughtful reflection, cultural respect and positive action.",Natural spoken Gujarati — reviewed,EVERGREEN-028
2026-02-19,Thursday,Kindness Day,દયાનો દિવસ,Social Values,Indian,Compassion,3,Kindness becomes meaningful when it is timely and practical. Offer help before someone has to ask twice.,સમયસર અને કામની મદદ જ દયાને સાચો અર્થ આપે છે. કોઈને વારંવાર કહેવું ન પડે તે પહેલાં મદદનો હાથ આપો.,Premium greeting-card artwork for Character Day; cultural context: Indian; mood: Integrity; season: Winter; elegant composition with clear bilingual text space; authentic details; no text inside artwork.,Lotus Pink,Royal Greeting,Winter,EN+GU,Draft,1.0,Evergreen,Compassion,"Character Day is presented in this working calendar as a day for thoughtful reflection, cultural respect and positive action.",Natural spoken Gujarati — reviewed,EVERGREEN-029
2026-02-20,Friday,World Day of Social Justice • Arunachal Pradesh Foundation Day,વિશ્વ સામાજિક ન્યાય દિવસ • અરુણાચલ પ્રદેશ સ્થાપના દિવસ,Social and Regional,Indian,Justice,1,"Let the meaning of World Day of Social Justice • Arunachal Pradesh Foundation Day guide us toward responsibility, respect and thoughtful action.","વિશ્વ સામાજિક ન્યાય દિવસ • અરુણાચલ પ્રદેશ સ્થાપના દિવસનો અર્થ આપણને જવાબદારી, સન્માન અને વિચારપૂર્વકના કાર્ય તરફ દોરી જાય.",Premium greeting-card artwork for World Day of Social Justice • Arunachal Pradesh Foundation Day; cultural context: Indian; mood: Justice; season: Winter; elegant composition with clear bilingual text space; authentic details; no text inside artwork.,Heritage Sandstone,Modern Editorial,Winter,EN+GU,Draft,1.0,Named Occasion,Justice,"World Day of Social Justice • Arunachal Pradesh Foundation Day is presented in this working calendar as a day for thoughtful reflection, cultural respect and positive action.",Festival wording — review before final,OCCASION-2026-02-20
2026-02-21,Saturday,International Mother Language Day,આંતરરાષ્ટ્રીય માતૃભાષા દિવસ,Language and Culture,Global,Cultural Pride,1,"Let the meaning of International Mother Language Day guide us toward responsibility, respect and thoughtful action.","આંતરરાષ્ટ્રીય માતૃભાષા દિવસનો અર્થ આપણને જવાબદારી, સન્માન અને વિચારપૂર્વકના કાર્ય તરફ દોરી જાય.",Premium greeting-card artwork for International Mother Language Day; cultural context: Global; mood: Cultural Pride; season: Winter; elegant composition with clear bilingual text space; authentic details; no text inside artwork.,Peacock Royal,Modern Editorial,Winter,EN+GU,Draft,1.0,Named Occasion,Cultural Pride,"International Mother Language Day is presented in this working calendar as a day for thoughtful reflection, cultural respect and positive action.",Festival wording — review before final,OCCASION-2026-02-21
2026-02-22,Sunday,World Thinking Day,વિશ્વ વિચાર દિવસ,Youth and Values,Global,Reflection,1,"Let the meaning of World Thinking Day guide us toward responsibility, respect and thoughtful action.","વિશ્વ વિચાર દિવસનો અર્થ આપણને જવાબદારી, સન્માન અને વિચારપૂર્વકના કાર્ય તરફ દોરી જાય.",Premium greeting-card artwork for World Thinking Day; cultural context: Global; mood: Reflection; season: Winter; elegant composition with clear bilingual text space; authentic details; no text inside artwork.,Midnight Indigo,Modern Editorial,Winter,EN+GU,Draft,1.0,Named Occasion,Reflection,"World Thinking Day is presented in this working calendar as a day for thoughtful reflection, cultural respect and positive action.",Festival wording — review before final,OCCASION-2026-02-22
2026-02-23,Monday,Discipline Day,શિસ્ત દિવસ,Work Ethics,Indian,Determination,3,A steady routine protects important goals from changing moods. Complete the task you have been postponing.,મન બદલાય તો પણ સારી ટેવ લક્ષ્યને રસ્તા પર રાખે છે. જે કામ વારંવાર મુલતવી રાખ્યું છે તે આજે પૂરું કરો.,Premium greeting-card artwork for Discipline Day; cultural context: Indian; mood: Determination; season: Winter; elegant composition with clear bilingual text space; authentic details; no text inside artwork.,Midnight Indigo,Modern Editorial,Winter,EN+GU,Draft,1.0,Evergreen,Determination,"Discipline Day is presented in this working calendar as a day for thoughtful reflection, cultural respect and positive action.",Natural spoken Gujarati — reviewed,EVERGREEN-030
2026-02-24,Tuesday,Family Values Day,પરિવાર મૂલ્યો દિવસ,Family,Indian,Affection,3,Family bonds grow through ordinary moments of presence. Give someone at home your full attention today.,"પરિવારનો સ્નેહ મોટા પ્રસંગોથી નહીં, રોજની સાથે રહેલી ક્ષણોથી વધે છે. આજે ઘરના કોઈને થોડો સમય પૂરા ધ્યાનથી સાંભળો.",Premium greeting-card artwork for Family Values Day; cultural context: Indian; mood: Affection; season: Winter; elegant composition with clear bilingual text space; authentic details; no text inside artwork.,Lotus Pink,Royal Greeting,Winter,EN+GU,Draft,1.0,Evergreen,Affection,"Family Values Day is presented in this working calendar as a day for thoughtful reflection, cultural respect and positive action.",Natural spoken Gujarati — reviewed,EVERGREEN-031
2026-02-25,Wednesday,Service Day,સેવાનો દિવસ,Social Responsibility,Indian,Service,3,Helping others is strongest when dignity is preserved. Do one useful thing today without announcing it.,મદદ એવી હોવી જોઈએ કે સામેના માણસનું માન જળવાઈ રહે. આજે એક કામ કોઈને કહ્યા વગર કરી આપો.,Premium greeting-card artwork for Service Day; cultural context: Indian; mood: Service; season: Winter; elegant composition with clear bilingual text space; authentic details; no text inside artwork.,Royal Saffron,Classic Heritage,Winter,EN+GU,Draft,1.0,Evergreen,Service,"Service Day is presented in this working calendar as a day for thoughtful reflection, cultural respect and positive action.",Natural spoken Gujarati — reviewed,EVERGREEN-032
2026-02-26,Thursday,Patience Day,ધીરજ દિવસ,Everyday Inspiration,Indian,Calm,3,Calm persistence often succeeds where hurried pressure fails. Continue the process without judging it too early.,ઉતાવળ જ્યાં અટકી જાય છે ત્યાં શાંતિથી કરેલો સતત પ્રયત્ન જીતે છે. પરિણામ વહેલું ન દેખાય તો પણ પ્રક્રિયા ચાલુ રાખો.,Premium greeting-card artwork for Patience Day; cultural context: Indian; mood: Calm; season: Winter; elegant composition with clear bilingual text space; authentic details; no text inside artwork.,Monsoon Green,Spiritual Serenity,Winter,EN+GU,Draft,1.0,Evergreen,Calm,"Patience Day is presented in this working calendar as a day for thoughtful reflection, cultural respect and positive action.",Natural spoken Gujarati — reviewed,EVERGREEN-033
2026-02-27,Friday,Unity Day,એકતા દિવસ,Indian Values,Indian,Unity,3,Communities grow when people protect both identity and mutual trust. Work with someone whose approach differs from yours.,પોતાની ઓળખ જાળવીને પણ એકબીજાનો વિશ્વાસ રાખીએ ત્યારે સમાજ મજબૂત બને છે. આજે તમારી રીતથી અલગ રીતે કામ કરનાર સાથે સહકાર આપો.,Premium greeting-card artwork for Unity Day; cultural context: Indian; mood: Unity; season: Winter; elegant composition with clear bilingual text space; authentic details; no text inside artwork.,Royal Saffron,Classic Heritage,Winter,EN+GU,Draft,1.0,Evergreen,Unity,"Unity Day is presented in this working calendar as a day for thoughtful reflection, cultural respect and positive action.",Natural spoken Gujarati — reviewed,EVERGREEN-034
2026-02-28,Saturday,Courage Day,હિંમત દિવસ,Everyday Inspiration,Indian,Courage,3,The next honest step matters more than complete certainty. Take the necessary step even if confidence is not perfect.,બધી ખાતરી મળવાની રાહ કરતાં આગળનું સાચું પગલું વધુ મહત્વનું છે. પૂરો આત્મવિશ્વાસ ન હોય તો પણ જરૂરી પગલું भरो.,Premium greeting-card artwork for Courage Day; cultural context: Indian; mood: Courage; season: Winter; elegant composition with clear bilingual text space; authentic details; no text inside artwork.,Midnight Indigo,Modern Editorial,Winter,EN+GU,Draft,1.0,Evergreen,Courage,"Courage Day is presented in this working calendar as a day for thoughtful reflection, cultural respect and positive action.",Natural spoken Gujarati — reviewed,EVERGREEN-035
2026-03-01,Sunday,Zero Discrimination Day,શૂન્ય ભેદભાવ દિવસ,Social Values,Global,Equality,1,"Let the meaning of Zero Discrimination Day guide us toward responsibility, respect and thoughtful action.","શૂન્ય ભેદભાવ દિવસનો અર્થ આપણને જવાબદારી, સન્માન અને વિચારપૂર્વકના કાર્ય તરફ દોરી જાય.",Premium greeting-card artwork for Zero Discrimination Day; cultural context: Global; mood: Equality; season: Spring; elegant composition with clear bilingual text space; authentic details; no text inside artwork.,Lotus Pink,Modern Editorial,Spring,EN+GU,Draft,1.0,Named Occasion,Equality,"Zero Discrimination Day is presented in this working calendar as a day for thoughtful reflection, cultural respect and positive action.",Festival wording — review before final,OCCASION-2026-03-01
2026-03-02,Monday,Nature Appreciation Day,પ્રકૃતિ કદર દિવસ,Environment,Indian,Nature,3,A healthy environment begins with ordinary responsible habits. Reduce one avoidable wasteful habit today.,સ્વસ્થ પર્યાવરણની શરૂઆત રોજની જવાબદાર ટેવોથી થાય છે. આજે એક બિનજરૂરી બગાડતી ટેવ ઘટાડો.,Premium greeting-card artwork for Purposeful Day; cultural context: Indian; mood: Purpose; season: Spring; elegant composition with clear bilingual text space; authentic details; no text inside artwork.,Monsoon Green,Nature Canvas,Spring,EN+GU,Draft,1.0,Evergreen,Nature,"Purposeful Day is presented in this working calendar as a day for thoughtful reflection, cultural respect and positive action.",Natural spoken Gujarati — reviewed,EVERGREEN-036
2026-03-03,Tuesday,Holi • World Wildlife Day,હોળી • વિશ્વ વન્યજીવ દિવસ,Festival and Environment,Indian,Joy,1,"Celebrate colour without losing kindness, and joy without forgetting respect for life.","રંગો ઉજવો, પરંતુ દયાને ન ગુમાવો; આનંદ માણો, પરંતુ જીવન પ્રત્યેનો સન્માન ન ભૂલો.",Premium greeting-card artwork for Holi • World Wildlife Day; cultural context: Indian; mood: Joy; season: Spring; elegant composition with clear bilingual text space; authentic details; no text inside artwork.,Festival Gold,Nature Canvas,Spring,EN+GU,Draft,1.0,Named Occasion,Joy,"Holi • World Wildlife Day is presented in this working calendar as a day for thoughtful reflection, cultural respect and positive action.",Festival wording — review before final,OCCASION-2026-03-03
2026-03-04,Wednesday,Purposeful Day,હેતુપૂર્ણ દિવસ,Everyday Inspiration,Indian,Purpose,3,A clear purpose gives direction to even the smallest effort. Let today move you one honest step closer to what matters.,હેતુ સ્પષ્ટ હોય તો નાનો પ્રયત્ન પણ સાચી દિશામાં આગળ વધે છે. આજે જે ખરેખર મહત્વનું છે તેની તરફ એક સાચું પગલું भरो.,Premium greeting-card artwork for Gratitude Day; cultural context: Indian; mood: Gratitude; season: Spring; elegant composition with clear bilingual text space; authentic details; no text inside artwork.,Heritage Sandstone,Modern Editorial,Spring,EN+GU,Draft,1.0,Evergreen,Purpose,"Gratitude Day is presented in this working calendar as a day for thoughtful reflection, cultural respect and positive action.",Natural spoken Gujarati — reviewed,EVERGREEN-037
2026-03-05,Thursday,Character Day,ચારિત્ર્ય દિવસ,Indian Values,Indian,Integrity,3,Character grows through choices made when no one is watching. Let honesty guide the choice that only you will know about.,કોઈ જોઈ રહ્યું ન હોય ત્યારે કરેલી સાચી પસંદગીથી ચારિત્ર્ય બને છે. જે નિર્ણય વિશે માત્ર તમને જ ખબર હોય તેમાં પણ ઈમાનદારી રાખો.,Premium greeting-card artwork for Learning Day; cultural context: Indian; mood: Wisdom; season: Spring; elegant composition with clear bilingual text space; authentic details; no text inside artwork.,Heritage Sandstone,Classic Heritage,Spring,EN+GU,Draft,1.0,Evergreen,Integrity,"Learning Day is presented in this working calendar as a day for thoughtful reflection, cultural respect and positive action.",Natural spoken Gujarati — reviewed,EVERGREEN-038
2026-03-06,Friday,Gratitude Day,કૃતજ્ઞતા દિવસ,Indian Values,Indian,Gratitude,3,Gratitude makes ordinary blessings easier to notice. Notice one simple blessing before asking for more.,આભાર માનવાની ટેવ હોય તો રોજિંદી નાની ખુશીઓ પણ દેખાય છે. વધુ માંગતા પહેલાં આજે મળેલી એક સારી બાબતને દિલથી યાદ કરો.,Premium greeting-card artwork for Kindness Day; cultural context: Indian; mood: Compassion; season: Spring; elegant composition with clear bilingual text space; authentic details; no text inside artwork.,Lotus Pink,Royal Greeting,Spring,EN+GU,Draft,1.0,Evergreen,Gratitude,"Kindness Day is presented in this working calendar as a day for thoughtful reflection, cultural respect and positive action.",Natural spoken Gujarati — reviewed,EVERGREEN-039
2026-03-07,Saturday,Learning Day,શીખવાનો દિવસ,Education,Indian,Wisdom,3,Every difficulty can teach something that comfort cannot. Let a mistake become a lesson instead of a burden.,મુશ્કેલી ઘણી વાર એવી વાત શીખવે છે જે આરામમાં ક્યારેય સમજાતી નથી. ભૂલને ભાર ન બનાવો; તેને પાઠ બનાવી આગળ વધો.,Premium greeting-card artwork for Discipline Day; cultural context: Indian; mood: Determination; season: Spring; elegant composition with clear bilingual text space; authentic details; no text inside artwork.,Peacock Royal,Modern Editorial,Spring,EN+GU,Draft,1.0,Evergreen,Wisdom,"Discipline Day is presented in this working calendar as a day for thoughtful reflection, cultural respect and positive action.",Natural spoken Gujarati — reviewed,EVERGREEN-040
2026-03-08,Sunday,International Women's Day,આંતરરાષ્ટ્રીય મહિલા દિવસ,Social Values,Global,Empowerment,1,"Let the meaning of International Women's Day guide us toward responsibility, respect and thoughtful action.","આંતરરાષ્ટ્રીય મહિલા દિવસનો અર્થ આપણને જવાબદારી, સન્માન અને વિચારપૂર્વકના કાર્ય તરફ દોરી જાય.",Premium greeting-card artwork for International Women's Day; cultural context: Global; mood: Empowerment; season: Spring; elegant composition with clear bilingual text space; authentic details; no text inside artwork.,Lotus Pink,Modern Editorial,Spring,EN+GU,Draft,1.0,Named Occasion,Empowerment,"International Women's Day is presented in this working calendar as a day for thoughtful reflection, cultural respect and positive action.",Festival wording — review before final,OCCASION-2026-03-08
2026-03-09,Monday,Kindness Day,દયાનો દિવસ,Social Values,Indian,Compassion,3,A small kindness can become the best part of someone's day. Speak today in a way that leaves the other person lighter.,દયાનો નાનો હાવભાવ પણ કોઈના આખા દિવસને સુંદર બનાવી શકે છે. આજે એવી રીતે બોલો કે સામેનું મન થોડું હળવું થાય.,Premium greeting-card artwork for Service Day; cultural context: Indian; mood: Service; season: Spring; elegant composition with clear bilingual text space; authentic details; no text inside artwork.,Lotus Pink,Royal Greeting,Spring,EN+GU,Draft,1.0,Evergreen,Compassion,"Service Day is presented in this working calendar as a day for thoughtful reflection, cultural respect and positive action.",Natural spoken Gujarati — reviewed,EVERGREEN-041
2026-03-10,Tuesday,Discipline Day,શિસ્ત દિવસ,Work Ethics,Indian,Determination,3,Discipline turns good intentions into dependable progress. Keep one promise you made to yourself today.,શિસ્ત સારા ઇરાદાને સાચી પ્રગતિમાં બદલે છે. આજે પોતાને આપેલું એક વચન જરૂર નિભાવો.,Premium greeting-card artwork for Patience Day; cultural context: Indian; mood: Calm; season: Spring; elegant composition with clear bilingual text space; authentic details; no text inside artwork.,Midnight Indigo,Modern Editorial,Spring,EN+GU,Draft,1.0,Evergreen,Determination,"Patience Day is presented in this working calendar as a day for thoughtful reflection, cultural respect and positive action.",Natural spoken Gujarati — reviewed,EVERGREEN-042
2026-03-11,Wednesday,Family Values Day,પરિવાર મૂલ્યો દિવસ,Family,Indian,Affection,3,"Strong families are built through time, respect and listening. Listen before offering a solution.","મજબૂત પરિવાર સમય, સન્માન અને એકબીજાને સાંભળવાથી બને છે. ઉકેલ આપતા પહેલાં તેમની વાત પૂરી સાંભળો.",Premium greeting-card artwork for Unity Day; cultural context: Indian; mood: Unity; season: Spring; elegant composition with clear bilingual text space; authentic details; no text inside artwork.,Lotus Pink,Royal Greeting,Spring,EN+GU,Draft,1.0,Evergreen,Affection,"Unity Day is presented in this working calendar as a day for thoughtful reflection, cultural respect and positive action.",Natural spoken Gujarati — reviewed,EVERGREEN-043
2026-03-12,Thursday,Service Day,સેવાનો દિવસ,Social Responsibility,Indian,Service,3,Service becomes noble when humility is greater than recognition. Help in a way that respects the other person's independence.,"પ્રસિદ્ધિ કરતાં વિનમ્રતા મોટી હોય ત્યારે સેવા મહાન બને છે. મદદ કરો, પણ સામેની વ્યક્તિની સ્વતંત્રતા અને માન જાળવો.",Premium greeting-card artwork for Courage Day; cultural context: Indian; mood: Courage; season: Spring; elegant composition with clear bilingual text space; authentic details; no text inside artwork.,Royal Saffron,Classic Heritage,Spring,EN+GU,Draft,1.0,Evergreen,Service,"Courage Day is presented in this working calendar as a day for thoughtful reflection, cultural respect and positive action.",Natural spoken Gujarati — reviewed,EVERGREEN-044
2026-03-13,Friday,Patience Day,ધીરજ દિવસ,Everyday Inspiration,Indian,Calm,3,Patience is steady effort without unnecessary anxiety. Give an important decision the time it deserves.,ધીરજ એટલે હાથ પર હાથ ધરી બેસવું નહીં; ચિંતા વગર સતત પ્રયત્ન કરવો. મહત્વના નિર્ણયને જેટલો સમય જોઈએ એટલો આપો.,Premium greeting-card artwork for Nature Appreciation Day; cultural context: Indian; mood: Nature; season: Spring; elegant composition with clear bilingual text space; authentic details; no text inside artwork.,Monsoon Green,Spiritual Serenity,Spring,EN+GU,Draft,1.0,Evergreen,Calm,"Nature Appreciation Day is presented in this working calendar as a day for thoughtful reflection, cultural respect and positive action.",Natural spoken Gujarati — reviewed,EVERGREEN-045
2026-03-14,Saturday,Pi Day,પાઈ દિવસ,Science and Education,Global,Curiosity,1,"Let the meaning of Pi Day guide us toward responsibility, respect and thoughtful action.","પાઈ દિવસનો અર્થ આપણને જવાબદારી, સન્માન અને વિચારપૂર્વકના કાર્ય તરફ દોરી જાય.",Premium greeting-card artwork for Pi Day; cultural context: Global; mood: Curiosity; season: Spring; elegant composition with clear bilingual text space; authentic details; no text inside artwork.,Peacock Royal,Modern Editorial,Spring,EN+GU,Draft,1.0,Named Occasion,Curiosity,"Pi Day is presented in this working calendar as a day for thoughtful reflection, cultural respect and positive action.",Festival wording — review before final,OCCASION-2026-03-14
2026-03-15,Sunday,Unity Day,એકતા દિવસ,Indian Values,Indian,Unity,3,Differences become strength when respect remains common. Look for the shared purpose before debating the differences.,પરસ્પર સન્માન હોય તો ભિન્નતા પણ શક્તિ બની જાય છે. ભિન્નતા પર ચર્ચા કરતાં પહેલાં બંનેનો સામાન્ય હેતુ શોધો.,Premium greeting-card artwork for Character Day; cultural context: Indian; mood: Integrity; season: Spring; elegant composition with clear bilingual text space; authentic details; no text inside artwork.,Royal Saffron,Classic Heritage,Spring,EN+GU,Draft,1.0,Evergreen,Unity,"Character Day is presented in this working calendar as a day for thoughtful reflection, cultural respect and positive action.",Natural spoken Gujarati — reviewed,EVERGREEN-046
2026-03-16,Monday,National Vaccination Day,રાષ્ટ્રીય રસીકરણ દિવસ,National Observance,Indian,Responsibility,1,"Let the meaning of National Vaccination Day guide us toward responsibility, respect and thoughtful action.","રાષ્ટ્રીય રસીકરણ દિવસનો અર્થ આપણને જવાબદારી, સન્માન અને વિચારપૂર્વકના કાર્ય તરફ દોરી જાય.",Premium greeting-card artwork for National Vaccination Day; cultural context: Indian; mood: Responsibility; season: Spring; elegant composition with clear bilingual text space; authentic details; no text inside artwork.,Monsoon Green,Modern Editorial,Spring,EN+GU,Draft,1.0,Named Occasion,Responsibility,"National Vaccination Day is presented in this working calendar as a day for thoughtful reflection, cultural respect and positive action.",Festival wording — review before final,OCCASION-2026-03-16
2026-03-17,Tuesday,Courage Day,હિંમત દિવસ,Everyday Inspiration,Indian,Courage,3,Courage is often a quiet decision to do what is right. Say the truthful thing with respect.,"હિંમત ઘણી વાર શોર નહીં, પરંતુ સાચું કરવાની શાંત પસંદગી હોય છે. સન્માન સાથે સાચી વાત કહો.",Premium greeting-card artwork for Learning Day; cultural context: Indian; mood: Wisdom; season: Spring; elegant composition with clear bilingual text space; authentic details; no text inside artwork.,Midnight Indigo,Modern Editorial,Spring,EN+GU,Draft,1.0,Evergreen,Courage,"Learning Day is presented in this working calendar as a day for thoughtful reflection, cultural respect and positive action.",Natural spoken Gujarati — reviewed,EVERGREEN-047
2026-03-18,Wednesday,Ordnance Factories Day,આયુધ નિર્માણીઓ દિવસ,National Industry,Indian,Service,1,"Let the meaning of Ordnance Factories Day guide us toward responsibility, respect and thoughtful action.","આયુધ નિર્માણીઓ દિવસનો અર્થ આપણને જવાબદારી, સન્માન અને વિચારપૂર્વકના કાર્ય તરફ દોરી જાય.",Premium greeting-card artwork for Ordnance Factories Day; cultural context: Indian; mood: Service; season: Spring; elegant composition with clear bilingual text space; authentic details; no text inside artwork.,Heritage Sandstone,Classic Heritage,Spring,EN+GU,Draft,1.0,Named Occasion,Service,"Ordnance Factories Day is presented in this working calendar as a day for thoughtful reflection, cultural respect and positive action.",Festival wording — review before final,OCCASION-2026-03-18
2026-03-19,Thursday,Nature Appreciation Day,પ્રકૃતિ કદર દિવસ,Environment,Indian,Nature,3,Caring for nature protects the inheritance of future generations. Leave a place cleaner than you found it.,પ્રકૃતિની કાળજી લઈએ ત્યારે આવતી પેઢીઓનો વારસો બચાવીએ છીએ. જ્યાં જાઓ તે જગ્યા પહેલાં કરતાં સ્વચ્છ રાખો.,Premium greeting-card artwork for Discipline Day; cultural context: Indian; mood: Determination; season: Spring; elegant composition with clear bilingual text space; authentic details; no text inside artwork.,Monsoon Green,Nature Canvas,Spring,EN+GU,Draft,1.0,Evergreen,Nature,"Discipline Day is presented in this working calendar as a day for thoughtful reflection, cultural respect and positive action.",Natural spoken Gujarati — reviewed,EVERGREEN-048
2026-03-20,Friday,International Day of Happiness • World Sparrow Day,આંતરરાષ્ટ્રીય ખુશી દિવસ • વિશ્વ ચકલી દિવસ,Global and Nature,Global,Joy,1,"Let the meaning of International Day of Happiness • World Sparrow Day guide us toward responsibility, respect and thoughtful action.","આંતરરાષ્ટ્રીય ખુશી દિવસ • વિશ્વ ચકલી દિવસનો અર્થ આપણને જવાબદારી, સન્માન અને વિચારપૂર્વકના કાર્ય તરફ દોરી જાય.",Premium greeting-card artwork for International Day of Happiness • World Sparrow Day; cultural context: Global; mood: Joy; season: Spring; elegant composition with clear bilingual text space; authentic details; no text inside artwork.,Monsoon Green,Nature Canvas,Spring,EN+GU,Draft,1.0,Named Occasion,Joy,"International Day of Happiness • World Sparrow Day is presented in this working calendar as a day for thoughtful reflection, cultural respect and positive action.",Festival wording — review before final,OCCASION-2026-03-20
2026-03-21,Saturday,World Poetry Day • International Day of Forests,વિશ્વ કવિતા દિવસ • આંતરરાષ્ટ્રીય વન દિવસ,Culture and Environment,Global,Reflection,1,"Let the meaning of World Poetry Day • International Day of Forests guide us toward responsibility, respect and thoughtful action.","વિશ્વ કવિતા દિવસ • આંતરરાષ્ટ્રીય વન દિવસનો અર્થ આપણને જવાબદારી, સન્માન અને વિચારપૂર્વકના કાર્ય તરફ દોરી જાય.",Premium greeting-card artwork for World Poetry Day • International Day of Forests; cultural context: Global; mood: Reflection; season: Spring; elegant composition with clear bilingual text space; authentic details; no text inside artwork.,Monsoon Green,Nature Canvas,Spring,EN+GU,Draft,1.0,Named Occasion,Reflection,"World Poetry Day • International Day of Forests is presented in this working calendar as a day for thoughtful reflection, cultural respect and positive action.",Festival wording — review before final,OCCASION-2026-03-21
2026-03-22,Sunday,World Water Day,વિશ્વ જળ દિવસ,Environment,Global,Responsibility,1,"Let the meaning of World Water Day guide us toward responsibility, respect and thoughtful action.","વિશ્વ જળ દિવસનો અર્થ આપણને જવાબદારી, સન્માન અને વિચારપૂર્વકના કાર્ય તરફ દોરી જાય.",Premium greeting-card artwork for World Water Day; cultural context: Global; mood: Responsibility; season: Spring; elegant composition with clear bilingual text space; authentic details; no text inside artwork.,Peacock Royal,Nature Canvas,Spring,EN+GU,Draft,1.0,Named Occasion,Responsibility,"World Water Day is presented in this working calendar as a day for thoughtful reflection, cultural respect and positive action.",Festival wording — review before final,OCCASION-2026-03-22
2026-03-23,Monday,Purposeful Day,હેતુપૂર્ણ દિવસ,Everyday Inspiration,Indian,Purpose,3,"When the purpose is clear, ordinary work begins to feel meaningful. Let today move you one honest step closer to what matters.",મન એકાગ્ર હોય તો સામાન્ય દિવસ પણ કામનો બની જાય છે. આજે જે ખરેખર મહત્વનું છે તેની તરફ એક સાચું પગલું भरो.,Premium greeting-card artwork for Unity Day; cultural context: Indian; mood: Unity; season: Spring; elegant composition with clear bilingual text space; authentic details; no text inside artwork.,Heritage Sandstone,Modern Editorial,Spring,EN+GU,Draft,1.0,Evergreen,Purpose,"Unity Day is presented in this working calendar as a day for thoughtful reflection, cultural respect and positive action.",Natural spoken Gujarati — reviewed,EVERGREEN-049
2026-03-24,Tuesday,Character Day,ચારિત્ર્ય દિવસ,Indian Values,Indian,Integrity,3,The strongest reputation begins with private honesty. Let honesty guide the choice that only you will know about.,સાચી ઈમાનદારી એ છે કે એકલા હોઈએ ત્યારે પણ ખોટું ન કરીએ. જે નિર્ણય વિશે માત્ર તમને જ ખબર હોય તેમાં પણ ઈમાનદારી રાખો.,Premium Indian-context greeting-card artwork for Mindful Living Day; mood: Balance; season: Spring; elegant composition with clear bilingual text space; no text inside artwork.,Heritage Sandstone,Classic Heritage,Spring,EN+GU,Draft,1.0,Evergreen,Integrity,"Mindful Living Day is presented in this working calendar as a day for thoughtful reflection, cultural respect and positive action.",Natural spoken Gujarati — reviewed,EVERGREEN-050
2026-03-25,Wednesday,Gratitude Day,કૃતજ્ઞતા દિવસ,Indian Values,Indian,Gratitude,3,A thankful heart sees abundance where others see routine. Notice one simple blessing before asking for more.,કૃતજ્ઞ મન સામાન્ય બાબતમાં પણ આશીર્વાદ શોધી લે છે. વધુ માંગતા પહેલાં આજે મળેલી એક સારી બાબતને દિલથી યાદ કરો.,Premium greeting-card artwork for Nature Appreciation Day; cultural context: Indian; mood: Nature; season: Spring; elegant composition with clear bilingual text space; authentic details; no text inside artwork.,Lotus Pink,Royal Greeting,Spring,EN+GU,Draft,1.0,Evergreen,Gratitude,"Nature Appreciation Day is presented in this working calendar as a day for thoughtful reflection, cultural respect and positive action.",Natural spoken Gujarati — reviewed,EVERGREEN-051
2026-03-26,Thursday,Learning Day,શીખવાનો દિવસ,Education,Indian,Wisdom,3,Learning continues when curiosity remains stronger than ego. Let a mistake become a lesson instead of a burden.,અહંકાર કરતાં જિજ્ઞાસા મોટી રહે ત્યારે શીખવાનું ચાલુ રહે છે. ભૂલને ભાર ન બનાવો; તેને પાઠ બનાવી આગળ વધો.,Premium greeting-card artwork for Purposeful Day; cultural context: Indian; mood: Purpose; season: Spring; elegant composition with clear bilingual text space; authentic details; no text inside artwork.,Peacock Royal,Modern Editorial,Spring,EN+GU,Draft,1.0,Evergreen,Wisdom,"Purposeful Day is presented in this working calendar as a day for thoughtful reflection, cultural respect and positive action.",Natural spoken Gujarati — reviewed,EVERGREEN-052
2026-03-27,Friday,Kindness Day,દયાનો દિવસ,Social Values,Indian,Compassion,3,Gentle words often reach places that advice cannot. Speak today in a way that leaves the other person lighter.,ક્યારેક બે મીઠા શબ્દો મોટી સલાહ કરતાં વધુ અસર કરે છે. આજે એવી રીતે બોલો કે સામેનું મન થોડું હળવું થાય.,Premium greeting-card artwork for Character Day; cultural context: Indian; mood: Integrity; season: Spring; elegant composition with clear bilingual text space; authentic details; no text inside artwork.,Lotus Pink,Royal Greeting,Spring,EN+GU,Draft,1.0,Evergreen,Compassion,"Character Day is presented in this working calendar as a day for thoughtful reflection, cultural respect and positive action.",Natural spoken Gujarati — reviewed,EVERGREEN-053
2026-03-28,Saturday,Discipline Day,શિસ્ત દિવસ,Work Ethics,Indian,Determination,3,Consistency matters more than occasional bursts of effort. Keep one promise you made to yourself today.,ક્યારેક બહુ મહેનત કરતાં રોજ થોડું સતત કરવું વધુ કામ આવે છે. આજે પોતાને આપેલું એક વચન જરૂર નિભાવો.,Premium greeting-card artwork for Gratitude Day; cultural context: Indian; mood: Gratitude; season: Spring; elegant composition with clear bilingual text space; authentic details; no text inside artwork.,Midnight Indigo,Modern Editorial,Spring,EN+GU,Draft,1.0,Evergreen,Determination,"Gratitude Day is presented in this working calendar as a day for thoughtful reflection, cultural respect and positive action.",Natural spoken Gujarati — reviewed,EVERGREEN-054
2026-03-29,Sunday,Family Values Day,પરિવાર મૂલ્યો દિવસ,Family,Indian,Affection,3,Love feels safest when people are heard without judgment. Listen before offering a solution.,નિર્ણય કર્યા વગર સાંભળવામાં આવે ત્યારે પ્રેમ વધુ સુરક્ષિત લાગે છે. ઉકેલ આપતા પહેલાં તેમની વાત પૂરી સાંભળો.,Premium greeting-card artwork for Learning Day; cultural context: Indian; mood: Wisdom; season: Spring; elegant composition with clear bilingual text space; authentic details; no text inside artwork.,Lotus Pink,Royal Greeting,Spring,EN+GU,Draft,1.0,Evergreen,Affection,"Learning Day is presented in this working calendar as a day for thoughtful reflection, cultural respect and positive action.",Natural spoken Gujarati — reviewed,EVERGREEN-055
2026-03-30,Monday,International Day of Zero Waste,આંતરરાષ્ટ્રીય શૂન્ય કચરો દિવસ,Environment,Global,Responsibility,1,"Let the meaning of International Day of Zero Waste guide us toward responsibility, respect and thoughtful action.","આંતરરાષ્ટ્રીય શૂન્ય કચરો દિવસનો અર્થ આપણને જવાબદારી, સન્માન અને વિચારપૂર્વકના કાર્ય તરફ દોરી જાય.",Premium greeting-card artwork for International Day of Zero Waste; cultural context: Global; mood: Responsibility; season: Spring; elegant composition with clear bilingual text space; authentic details; no text inside artwork.,Monsoon Green,Modern Editorial,Spring,EN+GU,Draft,1.0,Named Occasion,Responsibility,"International Day of Zero Waste is presented in this working calendar as a day for thoughtful reflection, cultural respect and positive action.",Festival wording — review before final,OCCASION-2026-03-30
2026-03-31,Tuesday,Service Day,સેવાનો દિવસ,Social Responsibility,Indian,Service,3,Useful work done quietly often creates the deepest impact. Help in a way that respects the other person's independence.,"શાંતિથી કરેલું કામ ઘણી વાર સૌથી ઊંડી અસર કરે છે. મદદ કરો, પણ સામેની વ્યક્તિની સ્વતંત્રતા અને માન જાળવો.",Premium greeting-card artwork for Discipline Day; cultural context: Indian; mood: Determination; season: Spring; elegant composition with clear bilingual text space; authentic details; no text inside artwork.,Royal Saffron,Classic Heritage,Spring,EN+GU,Draft,1.0,Evergreen,Service,"Discipline Day is presented in this working calendar as a day for thoughtful reflection, cultural respect and positive action.",Natural spoken Gujarati — reviewed,EVERGREEN-056
2026-04-01,Wednesday,April Fools' Day,એપ્રિલ ફૂલ્સ ડે,International Celebration,Western,Playfulness,1,"Let the meaning of April Fools' Day guide us toward responsibility, respect and thoughtful action.","એપ્રિલ ફૂલ્સ ડેનો અર્થ આપણને જવાબદારી, સન્માન અને વિચારપૂર્વકના કાર્ય તરફ દોરી જાય.",Premium greeting-card artwork for April Fools' Day; cultural context: Western; mood: Playfulness; season: Spring; elegant composition with clear bilingual text space; authentic details; no text inside artwork.,Lotus Pink,Modern Editorial,Spring,EN+GU,Draft,1.0,Named Occasion,Playfulness,"April Fools' Day is presented in this working calendar as a day for thoughtful reflection, cultural respect and positive action.",Festival wording — review before final,OCCASION-2026-04-01
2026-04-02,Thursday,World Autism Awareness Day,વિશ્વ ઓટિઝમ જાગૃતિ દિવસ,Social Awareness,Global,Inclusion,1,"Let the meaning of World Autism Awareness Day guide us toward responsibility, respect and thoughtful action.","વિશ્વ ઓટિઝમ જાગૃતિ દિવસનો અર્થ આપણને જવાબદારી, સન્માન અને વિચારપૂર્વકના કાર્ય તરફ દોરી જાય.",Premium greeting-card artwork for World Autism Awareness Day; cultural context: Global; mood: Inclusion; season: Spring; elegant composition with clear bilingual text space; authentic details; no text inside artwork.,Peacock Royal,Modern Editorial,Spring,EN+GU,Draft,1.0,Named Occasion,Inclusion,"World Autism Awareness Day is presented in this working calendar as a day for thoughtful reflection, cultural respect and positive action.",Festival wording — review before final,OCCASION-2026-04-02
2026-04-03,Friday,Good Friday,ગુડ ફ્રાઇડે,Religious Observance,Christian,Reflection,1,"Let the meaning of Good Friday guide us toward responsibility, respect and thoughtful action.","ગુડ ફ્રાઇડેનો અર્થ આપણને જવાબદારી, સન્માન અને વિચારપૂર્વકના કાર્ય તરફ દોરી જાય.",Premium greeting-card artwork for Good Friday; cultural context: Christian; mood: Reflection; season: Spring; elegant composition with clear bilingual text space; authentic details; no text inside artwork.,Midnight Indigo,Spiritual Serenity,Spring,EN+GU,Draft,1.0,Named Occasion,Reflection,"Good Friday is presented in this working calendar as a day for thoughtful reflection, cultural respect and positive action.",Festival wording — review before final,OCCASION-2026-04-03
2026-04-04,Saturday,Patience Day,ધીરજ દિવસ,Everyday Inspiration,Indian,Calm,3,Some results need time even when the work is being done correctly. Give an important decision the time it deserves.,કામ સાચું ચાલતું હોય તો પણ કેટલાક પરિણામને સમય લાગે છે. મહત્વના નિર્ણયને જેટલો સમય જોઈએ એટલો આપો.,Premium greeting-card artwork for Unity Day; cultural context: Indian; mood: Unity; season: Spring; elegant composition with clear bilingual text space; authentic details; no text inside artwork.,Monsoon Green,Spiritual Serenity,Spring,EN+GU,Draft,1.0,Evergreen,Calm,"Unity Day is presented in this working calendar as a day for thoughtful reflection, cultural respect and positive action.",Natural spoken Gujarati — reviewed,EVERGREEN-057
2026-04-05,Sunday,Easter Sunday,ઈસ્ટર રવિવાર,Religious Festival,Christian,Hope,1,"Let the meaning of Easter Sunday guide us toward responsibility, respect and thoughtful action.","ઈસ્ટર રવિવારનો અર્થ આપણને જવાબદારી, સન્માન અને વિચારપૂર્વકના કાર્ય તરફ દોરી જાય.",Premium greeting-card artwork for Easter Sunday; cultural context: Christian; mood: Hope; season: Spring; elegant composition with clear bilingual text space; authentic details; no text inside artwork.,Festival Gold,Royal Greeting,Spring,EN+GU,Draft,1.0,Named Occasion,Hope,"Easter Sunday is presented in this working calendar as a day for thoughtful reflection, cultural respect and positive action.",Festival wording — review before final,OCCASION-2026-04-05
2026-04-06,Monday,Unity Day,એકતા દિવસ,Indian Values,Indian,Unity,3,Unity does not require sameness; it requires cooperation. Look for the shared purpose before debating the differences.,એકતા માટે બધાં સરખાં હોવું જરૂરી નથી; સાથે કામ કરવાની તૈયારી જરૂરી છે. ભિન્નતા પર ચર્ચા કરતાં પહેલાં બંનેનો સામાન્ય હેતુ શોધો.,Premium greeting-card artwork for Nature Appreciation Day; cultural context: Indian; mood: Nature; season: Spring; elegant composition with clear bilingual text space; authentic details; no text inside artwork.,Royal Saffron,Classic Heritage,Spring,EN+GU,Draft,1.0,Evergreen,Unity,"Nature Appreciation Day is presented in this working calendar as a day for thoughtful reflection, cultural respect and positive action.",Natural spoken Gujarati — reviewed,EVERGREEN-058
2026-04-07,Tuesday,Courage Day,હિંમત દિવસ,Everyday Inspiration,Indian,Courage,3,Bravery begins when fear is acknowledged but not obeyed. Say the truthful thing with respect.,ડર હોવા છતાં તેની આજ્ઞા ન માનવી એ જ બહાદુરીની શરૂઆત છે. સન્માન સાથે સાચી વાત કહો.,Premium Indian-context greeting-card artwork for Compassion Day; mood: Compassion; season: Spring; elegant composition with clear bilingual text space; no text inside artwork.,Midnight Indigo,Modern Editorial,Spring,EN+GU,Draft,1.0,Evergreen,Courage,"Compassion Day is presented in this working calendar as a day for thoughtful reflection, cultural respect and positive action.",Natural spoken Gujarati — reviewed,EVERGREEN-059
2026-04-08,Wednesday,Nature Appreciation Day,પ્રકૃતિ કદર દિવસ,Environment,Indian,Nature,3,"Nature gives quietly, but its loss is felt by everyone. Leave a place cleaner than you found it.","પ્રકૃતિ શાંતિથી આપતી રહે છે, પણ તેનો નુકસાન બધાને સહન કરવું પડે છે. જ્યાં જાઓ તે જગ્યા પહેલાં કરતાં સ્વચ્છ રાખો.",Premium greeting-card artwork for Character Day; cultural context: Indian; mood: Integrity; season: Spring; elegant composition with clear bilingual text space; authentic details; no text inside artwork.,Monsoon Green,Nature Canvas,Spring,EN+GU,Draft,1.0,Evergreen,Nature,"Character Day is presented in this working calendar as a day for thoughtful reflection, cultural respect and positive action.",Natural spoken Gujarati — reviewed,EVERGREEN-060
2026-04-09,Thursday,Purposeful Day,હેતુપૂર્ણ દિવસ,Everyday Inspiration,Indian,Purpose,3,A focused mind turns a simple day into useful progress. Let today move you one honest step closer to what matters.,શું કરવું છે તે નક્કી હોય તો મહેનતનો દરેક પગલું અર્થપૂર્ણ બને છે. આજે જે ખરેખર મહત્વનું છે તેની તરફ એક સાચું પગલું भरो.,Premium greeting-card artwork for Gratitude Day; cultural context: Indian; mood: Gratitude; season: Spring; elegant composition with clear bilingual text space; authentic details; no text inside artwork.,Heritage Sandstone,Modern Editorial,Spring,EN+GU,Draft,1.0,Evergreen,Purpose,"Gratitude Day is presented in this working calendar as a day for thoughtful reflection, cultural respect and positive action.",Natural spoken Gujarati — reviewed,EVERGREEN-061
2026-04-10,Friday,Character Day,ચારિત્ર્ય દિવસ,Indian Values,Indian,Integrity,3,"Good character is built quietly, one decision at a time. Let honesty guide the choice that only you will know about.","સારા સંસ્કાર મોટા પ્રસંગે નહીં, રોજની નાની પસંદગીઓમાં દેખાય છે. જે નિર્ણય વિશે માત્ર તમને જ ખબર હોય તેમાં પણ ઈમાનદારી રાખો.",Premium greeting-card artwork for Learning Day; cultural context: Indian; mood: Wisdom; season: Spring; elegant composition with clear bilingual text space; authentic details; no text inside artwork.,Heritage Sandstone,Classic Heritage,Spring,EN+GU,Draft,1.0,Evergreen,Integrity,"Learning Day is presented in this working calendar as a day for thoughtful reflection, cultural respect and positive action.",Natural spoken Gujarati — reviewed,EVERGREEN-062
2026-04-11,Saturday,Gratitude Day,કૃતજ્ઞતા દિવસ,Indian Values,Indian,Gratitude,3,Appreciation brings peace without reducing ambition. Notice one simple blessing before asking for more.,"જે મળ્યું છે તેની કદર કરવાથી આગળ વધવાની ઇચ્છા ઓછી થતી નથી, મન શાંત બને છે. વધુ માંગતા પહેલાં આજે મળેલી એક સારી બાબતને દિલથી યાદ કરો.",Premium greeting-card artwork for Kindness Day; cultural context: Indian; mood: Compassion; season: Spring; elegant composition with clear bilingual text space; authentic details; no text inside artwork.,Lotus Pink,Royal Greeting,Spring,EN+GU,Draft,1.0,Evergreen,Gratitude,"Kindness Day is presented in this working calendar as a day for thoughtful reflection, cultural respect and positive action.",Natural spoken Gujarati — reviewed,EVERGREEN-063
2026-04-12,Sunday,Learning Day,શીખવાનો દિવસ,Education,Indian,Wisdom,3,A thoughtful question can open a new direction. Let a mistake become a lesson instead of a burden.,સાચો પ્રશ્ન નવી દિશાનો દરવાજો ખોલી શકે છે. ભૂલને ભાર ન બનાવો; તેને પાઠ બનાવી આગળ વધો.,Premium greeting-card artwork for Discipline Day; cultural context: Indian; mood: Determination; season: Spring; elegant composition with clear bilingual text space; authentic details; no text inside artwork.,Peacock Royal,Modern Editorial,Spring,EN+GU,Draft,1.0,Evergreen,Wisdom,"Discipline Day is presented in this working calendar as a day for thoughtful reflection, cultural respect and positive action.",Natural spoken Gujarati — reviewed,EVERGREEN-064
2026-04-13,Monday,Kindness Day,દયાનો દિવસ,Social Values,Indian,Compassion,3,Kindness becomes meaningful when it is timely and practical. Speak today in a way that leaves the other person lighter.,સમયસર અને કામની મદદ જ દયાને સાચો અર્થ આપે છે. આજે એવી રીતે બોલો કે સામેનું મન થોડું હળવું થાય.,Premium greeting-card artwork for Family Values Day; cultural context: Indian; mood: Affection; season: Spring; elegant composition with clear bilingual text space; authentic details; no text inside artwork.,Lotus Pink,Royal Greeting,Spring,EN+GU,Draft,1.0,Evergreen,Compassion,"Family Values Day is presented in this working calendar as a day for thoughtful reflection, cultural respect and positive action.",Natural spoken Gujarati — reviewed,EVERGREEN-065
2026-04-14,Tuesday,Ambedkar Jayanti,આંબેડકર જયંતી,National Remembrance,Indian,Justice,1,"Let the meaning of Ambedkar Jayanti guide us toward responsibility, respect and thoughtful action.","આંબેડકર જયંતીનો અર્થ આપણને જવાબદારી, સન્માન અને વિચારપૂર્વકના કાર્ય તરફ દોરી જાય.",Premium greeting-card artwork for Ambedkar Jayanti; cultural context: Indian; mood: Justice; season: Spring; elegant composition with clear bilingual text space; authentic details; no text inside artwork.,Heritage Sandstone,Classic Heritage,Spring,EN+GU,Draft,1.0,Named Occasion,Justice,"Ambedkar Jayanti is presented in this working calendar as a day for thoughtful reflection, cultural respect and positive action.",Festival wording — review before final,OCCASION-2026-04-14
2026-04-15,Wednesday,Discipline Day,શિસ્ત દિવસ,Work Ethics,Indian,Determination,3,A steady routine protects important goals from changing moods. Keep one promise you made to yourself today.,મન બદલાય તો પણ સારી ટેવ લક્ષ્યને રસ્તા પર રાખે છે. આજે પોતાને આપેલું એક વચન જરૂર નિભાવો.,Premium greeting-card artwork for Patience Day; cultural context: Indian; mood: Calm; season: Spring; elegant composition with clear bilingual text space; authentic details; no text inside artwork.,Midnight Indigo,Modern Editorial,Spring,EN+GU,Draft,1.0,Evergreen,Determination,"Patience Day is presented in this working calendar as a day for thoughtful reflection, cultural respect and positive action.",Natural spoken Gujarati — reviewed,EVERGREEN-066
2026-04-16,Thursday,Family Values Day,પરિવાર મૂલ્યો દિવસ,Family,Indian,Affection,3,Family bonds grow through ordinary moments of presence. Listen before offering a solution.,"પરિવારનો સ્નેહ મોટા પ્રસંગોથી નહીં, રોજની સાથે રહેલી ક્ષણોથી વધે છે. ઉકેલ આપતા પહેલાં તેમની વાત પૂરી સાંભળો.",Premium greeting-card artwork for Unity Day; cultural context: Indian; mood: Unity; season: Spring; elegant composition with clear bilingual text space; authentic details; no text inside artwork.,Lotus Pink,Royal Greeting,Spring,EN+GU,Draft,1.0,Evergreen,Affection,"Unity Day is presented in this working calendar as a day for thoughtful reflection, cultural respect and positive action.",Natural spoken Gujarati — reviewed,EVERGREEN-067
2026-04-17,Friday,Service Day,સેવાનો દિવસ,Social Responsibility,Indian,Service,3,Helping others is strongest when dignity is preserved. Help in a way that respects the other person's independence.,"મદદ એવી હોવી જોઈએ કે સામેના માણસનું માન જળવાઈ રહે. મદદ કરો, પણ સામેની વ્યક્તિની સ્વતંત્રતા અને માન જાળવો.",Premium greeting-card artwork for Courage Day; cultural context: Indian; mood: Courage; season: Spring; elegant composition with clear bilingual text space; authentic details; no text inside artwork.,Royal Saffron,Classic Heritage,Spring,EN+GU,Draft,1.0,Evergreen,Service,"Courage Day is presented in this working calendar as a day for thoughtful reflection, cultural respect and positive action.",Natural spoken Gujarati — reviewed,EVERGREEN-068
2026-04-18,Saturday,World Heritage Day,વિશ્વ વારસા દિવસ,Culture and Heritage,Global,Cultural Pride,1,"Let the meaning of World Heritage Day guide us toward responsibility, respect and thoughtful action.","વિશ્વ વારસા દિવસનો અર્થ આપણને જવાબદારી, સન્માન અને વિચારપૂર્વકના કાર્ય તરફ દોરી જાય.",Premium greeting-card artwork for World Heritage Day; cultural context: Global; mood: Cultural Pride; season: Spring; elegant composition with clear bilingual text space; authentic details; no text inside artwork.,Heritage Sandstone,Classic Heritage,Spring,EN+GU,Draft,1.0,Named Occasion,Cultural Pride,"World Heritage Day is presented in this working calendar as a day for thoughtful reflection, cultural respect and positive action.",Festival wording — review before final,OCCASION-2026-04-18
2026-04-19,Sunday,Patience Day,ધીરજ દિવસ,Everyday Inspiration,Indian,Calm,3,Calm persistence often succeeds where hurried pressure fails. Give an important decision the time it deserves.,ઉતાવળ જ્યાં અટકી જાય છે ત્યાં શાંતિથી કરેલો સતત પ્રયત્ન જીતે છે. મહત્વના નિર્ણયને જેટલો સમય જોઈએ એટલો આપો.,Premium greeting-card artwork for Purposeful Day; cultural context: Indian; mood: Purpose; season: Spring; elegant composition with clear bilingual text space; authentic details; no text inside artwork.,Monsoon Green,Spiritual Serenity,Spring,EN+GU,Draft,1.0,Evergreen,Calm,"Purposeful Day is presented in this working calendar as a day for thoughtful reflection, cultural respect and positive action.",Natural spoken Gujarati — reviewed,EVERGREEN-069
2026-04-20,Monday,Unity Day,એકતા દિવસ,Indian Values,Indian,Unity,3,Communities grow when people protect both identity and mutual trust. Look for the shared purpose before debating the differences.,પોતાની ઓળખ જાળવીને પણ એકબીજાનો વિશ્વાસ રાખીએ ત્યારે સમાજ મજબૂત બને છે. ભિન્નતા પર ચર્ચા કરતાં પહેલાં બંનેનો સામાન્ય હેતુ શોધો.,Premium greeting-card artwork for Character Day; cultural context: Indian; mood: Integrity; season: Spring; elegant composition with clear bilingual text space; authentic details; no text inside artwork.,Royal Saffron,Classic Heritage,Spring,EN+GU,Draft,1.0,Evergreen,Unity,"Character Day is presented in this working calendar as a day for thoughtful reflection, cultural respect and positive action.",Natural spoken Gujarati — reviewed,EVERGREEN-070
2026-04-21,Tuesday,Courage Day,હિંમત દિવસ,Everyday Inspiration,Indian,Courage,3,The next honest step matters more than complete certainty. Say the truthful thing with respect.,બધી ખાતરી મળવાની રાહ કરતાં આગળનું સાચું પગલું વધુ મહત્વનું છે. સન્માન સાથે સાચી વાત કહો.,Premium greeting-card artwork for Gratitude Day; cultural context: Indian; mood: Gratitude; season: Spring; elegant composition with clear bilingual text space; authentic details; no text inside artwork.,Midnight Indigo,Modern Editorial,Spring,EN+GU,Draft,1.0,Evergreen,Courage,"Gratitude Day is presented in this working calendar as a day for thoughtful reflection, cultural respect and positive action.",Natural spoken Gujarati — reviewed,EVERGREEN-071
2026-04-22,Wednesday,Earth Day,પૃથ્વી દિવસ,Environment,Global,Responsibility,1,"Let the meaning of Earth Day guide us toward responsibility, respect and thoughtful action.","પૃથ્વી દિવસનો અર્થ આપણને જવાબદારી, સન્માન અને વિચારપૂર્વકના કાર્ય તરફ દોરી જાય.",Premium greeting-card artwork for Earth Day; cultural context: Global; mood: Responsibility; season: Spring; elegant composition with clear bilingual text space; authentic details; no text inside artwork.,Monsoon Green,Nature Canvas,Spring,EN+GU,Draft,1.0,Named Occasion,Responsibility,"Earth Day is presented in this working calendar as a day for thoughtful reflection, cultural respect and positive action.",Festival wording — review before final,OCCASION-2026-04-22
2026-04-23,Thursday,World Book Day,વિશ્વ પુસ્તક દિવસ,Education and Culture,Global,Wisdom,1,"Let the meaning of World Book Day guide us toward responsibility, respect and thoughtful action.","વિશ્વ પુસ્તક દિવસનો અર્થ આપણને જવાબદારી, સન્માન અને વિચારપૂર્વકના કાર્ય તરફ દોરી જાય.",Premium greeting-card artwork for World Book Day; cultural context: Global; mood: Wisdom; season: Spring; elegant composition with clear bilingual text space; authentic details; no text inside artwork.,Heritage Sandstone,Modern Editorial,Spring,EN+GU,Draft,1.0,Named Occasion,Wisdom,"World Book Day is presented in this working calendar as a day for thoughtful reflection, cultural respect and positive action.",Festival wording — review before final,OCCASION-2026-04-23
2026-04-24,Friday,Nature Appreciation Day,પ્રકૃતિ કદર દિવસ,Environment,Indian,Nature,3,A healthy environment begins with ordinary responsible habits. Leave a place cleaner than you found it.,સ્વસ્થ પર્યાવરણની શરૂઆત રોજની જવાબદાર ટેવોથી થાય છે. જ્યાં જાઓ તે જગ્યા પહેલાં કરતાં સ્વચ્છ રાખો.,Premium greeting-card artwork for Discipline Day; cultural context: Indian; mood: Determination; season: Spring; elegant composition with clear bilingual text space; authentic details; no text inside artwork.,Monsoon Green,Nature Canvas,Spring,EN+GU,Draft,1.0,Evergreen,Nature,"Discipline Day is presented in this working calendar as a day for thoughtful reflection, cultural respect and positive action.",Natural spoken Gujarati — reviewed,EVERGREEN-072
2026-04-25,Saturday,Purposeful Day,હેતુપૂર્ણ દિવસ,Everyday Inspiration,Indian,Purpose,3,A clear purpose gives direction to even the smallest effort. Small purposeful actions create lasting change.,હેતુ સ્પષ્ટ હોય તો નાનો પ્રયત્ન પણ સાચી દિશામાં આગળ વધે છે. નાના પણ હેતુભર્યા કામો જ મોટો બદલાવ લાવે છે.,Premium greeting-card artwork for Family Values Day; cultural context: Indian; mood: Affection; season: Spring; elegant composition with clear bilingual text space; authentic details; no text inside artwork.,Heritage Sandstone,Modern Editorial,Spring,EN+GU,Draft,1.0,Evergreen,Purpose,"Family Values Day is presented in this working calendar as a day for thoughtful reflection, cultural respect and positive action.",Natural spoken Gujarati — reviewed,EVERGREEN-073
2026-04-26,Sunday,Character Day,ચારિત્ર્ય દિવસ,Indian Values,Indian,Integrity,3,Character grows through choices made when no one is watching. Protect your values in the small moments.,કોઈ જોઈ રહ્યું ન હોય ત્યારે કરેલી સાચી પસંદગીથી ચારિત્ર્ય બને છે. નાની ક્ષણોમાં પણ પોતાના મૂલ્યોને હાથમાંથી છૂટવા ન દો.,Premium greeting-card artwork for Service Day; cultural context: Indian; mood: Service; season: Spring; elegant composition with clear bilingual text space; authentic details; no text inside artwork.,Heritage Sandstone,Classic Heritage,Spring,EN+GU,Draft,1.0,Evergreen,Integrity,"Service Day is presented in this working calendar as a day for thoughtful reflection, cultural respect and positive action.",Natural spoken Gujarati — reviewed,EVERGREEN-074
2026-04-27,Monday,Gratitude Day,કૃતજ્ઞતા દિવસ,Indian Values,Indian,Gratitude,3,Gratitude makes ordinary blessings easier to notice. Carry gratitude into your next conversation.,આભાર માનવાની ટેવ હોય તો રોજિંદી નાની ખુશીઓ પણ દેખાય છે. આગલી વાતચીતમાં એક મીઠો આભાર જરૂર ઉમેરો.,Premium greeting-card artwork for Patience Day; cultural context: Indian; mood: Calm; season: Spring; elegant composition with clear bilingual text space; authentic details; no text inside artwork.,Lotus Pink,Royal Greeting,Spring,EN+GU,Draft,1.0,Evergreen,Gratitude,"Patience Day is presented in this working calendar as a day for thoughtful reflection, cultural respect and positive action.",Natural spoken Gujarati — reviewed,EVERGREEN-075
2026-04-28,Tuesday,Learning Day,શીખવાનો દિવસ,Education,Indian,Wisdom,3,Every difficulty can teach something that comfort cannot. Stay curious enough to change your mind when facts change.,મુશ્કેલી ઘણી વાર એવી વાત શીખવે છે જે આરામમાં ક્યારેય સમજાતી નથી. નવી સાચી વાત મળે ત્યારે પોતાનો વિચાર બદલવાની હિંમત રાખો.,Premium greeting-card artwork for Unity Day; cultural context: Indian; mood: Unity; season: Spring; elegant composition with clear bilingual text space; authentic details; no text inside artwork.,Peacock Royal,Modern Editorial,Spring,EN+GU,Draft,1.0,Evergreen,Wisdom,"Unity Day is presented in this working calendar as a day for thoughtful reflection, cultural respect and positive action.",Natural spoken Gujarati — reviewed,EVERGREEN-076
2026-04-29,Wednesday,International Dance Day,આંતરરાષ્ટ્રીય નૃત્ય દિવસ,Arts and Culture,Global,Joy,1,"Let the meaning of International Dance Day guide us toward responsibility, respect and thoughtful action.","આંતરરાષ્ટ્રીય નૃત્ય દિવસનો અર્થ આપણને જવાબદારી, સન્માન અને વિચારપૂર્વકના કાર્ય તરફ દોરી જાય.",Premium greeting-card artwork for International Dance Day; cultural context: Global; mood: Joy; season: Spring; elegant composition with clear bilingual text space; authentic details; no text inside artwork.,Festival Gold,Royal Greeting,Spring,EN+GU,Draft,1.0,Named Occasion,Joy,"International Dance Day is presented in this working calendar as a day for thoughtful reflection, cultural respect and positive action.",Festival wording — review before final,OCCASION-2026-04-29
2026-04-30,Thursday,Kindness Day,દયાનો દિવસ,Social Values,Indian,Compassion,3,A small kindness can become the best part of someone's day. Make one person's day easier without expecting recognition.,દયાનો નાનો હાવભાવ પણ કોઈના આખા દિવસને સુંદર બનાવી શકે છે. વખાણની આશા રાખ્યા વગર કોઈનું એક કામ સરળ બનાવી આપો.,Premium greeting-card artwork for Nature Appreciation Day; cultural context: Indian; mood: Nature; season: Spring; elegant composition with clear bilingual text space; authentic details; no text inside artwork.,Lotus Pink,Royal Greeting,Spring,EN+GU,Draft,1.0,Evergreen,Compassion,"Nature Appreciation Day is presented in this working calendar as a day for thoughtful reflection, cultural respect and positive action.",Natural spoken Gujarati — reviewed,EVERGREEN-077
2026-05-01,Friday,Labour Day • Buddha Purnima,મજૂર દિવસ • બુદ્ધ પૂર્ણિમા,Civic and Religious,Indian,Dignity,1,"Let the meaning of Labour Day • Buddha Purnima guide us toward responsibility, respect and thoughtful action.","મજૂર દિવસ • બુદ્ધ પૂર્ણિમાનો અર્થ આપણને જવાબદારી, સન્માન અને વિચારપૂર્વકના કાર્ય તરફ દોરી જાય.",Premium greeting-card artwork for Labour Day • Buddha Purnima; cultural context: Indian; mood: Dignity; season: Summer; elegant composition with clear bilingual text space; authentic details; no text inside artwork.,Heritage Sandstone,Spiritual Serenity,Summer,EN+GU,Draft,1.0,Named Occasion,Dignity,"Labour Day • Buddha Purnima is presented in this working calendar as a day for thoughtful reflection, cultural respect and positive action.",Festival wording — review before final,OCCASION-2026-05-01
2026-05-02,Saturday,Discipline Day,શિસ્ત દિવસ,Work Ethics,Indian,Determination,3,Discipline turns good intentions into dependable progress. Choose steady effort over a dramatic beginning.,શિસ્ત સારા ઇરાદાને સાચી પ્રગતિમાં બદલે છે. મોટી શરૂઆત કરતાં સતત પ્રયત્ન પસંદ કરો.,Premium greeting-card artwork for Character Day; cultural context: Indian; mood: Integrity; season: Summer; elegant composition with clear bilingual text space; authentic details; no text inside artwork.,Midnight Indigo,Modern Editorial,Summer,EN+GU,Draft,1.0,Evergreen,Determination,"Character Day is presented in this working calendar as a day for thoughtful reflection, cultural respect and positive action.",Natural spoken Gujarati — reviewed,EVERGREEN-078
2026-05-03,Sunday,World Press Freedom Day,વિશ્વ પ્રેસ સ્વતંત્રતા દિવસ,Civic,Global,Freedom,1,"Let the meaning of World Press Freedom Day guide us toward responsibility, respect and thoughtful action.","વિશ્વ પ્રેસ સ્વતંત્રતા દિવસનો અર્થ આપણને જવાબદારી, સન્માન અને વિચારપૂર્વકના કાર્ય તરફ દોરી જાય.",Premium greeting-card artwork for World Press Freedom Day; cultural context: Global; mood: Freedom; season: Summer; elegant composition with clear bilingual text space; authentic details; no text inside artwork.,Midnight Indigo,Modern Editorial,Summer,EN+GU,Draft,1.0,Named Occasion,Freedom,"World Press Freedom Day is presented in this working calendar as a day for thoughtful reflection, cultural respect and positive action.",Festival wording — review before final,OCCASION-2026-05-03
2026-05-04,Monday,Family Values Day,પરિવાર મૂલ્યો દિવસ,Family,Indian,Affection,3,"Strong families are built through time, respect and listening. Create one simple memory together without a screen.","મજબૂત પરિવાર સમય, સન્માન અને એકબીજાને સાંભળવાથી બને છે. સ્ક્રીન વગર સાથે એક નાની સુંદર યાદ બનાવો.",Premium greeting-card artwork for Learning Day; cultural context: Indian; mood: Wisdom; season: Summer; elegant composition with clear bilingual text space; authentic details; no text inside artwork.,Lotus Pink,Royal Greeting,Summer,EN+GU,Draft,1.0,Evergreen,Affection,"Learning Day is presented in this working calendar as a day for thoughtful reflection, cultural respect and positive action.",Natural spoken Gujarati — reviewed,EVERGREEN-079
2026-05-05,Tuesday,Service Day,સેવાનો દિવસ,Social Responsibility,Indian,Service,3,Service becomes noble when humility is greater than recognition. Let your work solve a real problem for someone.,પ્રસિદ્ધિ કરતાં વિનમ્રતા મોટી હોય ત્યારે સેવા મહાન બને છે. તમારી મહેનતથી કોઈની સાચી મુશ્કેલી ઓછી થાય એવું કામ કરો.,Premium greeting-card artwork for Kindness Day; cultural context: Indian; mood: Compassion; season: Summer; elegant composition with clear bilingual text space; authentic details; no text inside artwork.,Royal Saffron,Classic Heritage,Summer,EN+GU,Draft,1.0,Evergreen,Service,"Kindness Day is presented in this working calendar as a day for thoughtful reflection, cultural respect and positive action.",Natural spoken Gujarati — reviewed,EVERGREEN-080
2026-05-06,Wednesday,Patience Day,ધીરજ દિવસ,Everyday Inspiration,Indian,Calm,3,Patience is steady effort without unnecessary anxiety. Move steadily without comparing your pace with others.,ધીરજ એટલે હાથ પર હાથ ધરી બેસવું નહીં; ચિંતા વગર સતત પ્રયત્ન કરવો. બીજાની ગતિ સાથે સરખામણી કર્યા વગર પોતાના રસ્તે આગળ વધો.,Premium greeting-card artwork for Discipline Day; cultural context: Indian; mood: Determination; season: Summer; elegant composition with clear bilingual text space; authentic details; no text inside artwork.,Monsoon Green,Spiritual Serenity,Summer,EN+GU,Draft,1.0,Evergreen,Calm,"Discipline Day is presented in this working calendar as a day for thoughtful reflection, cultural respect and positive action.",Natural spoken Gujarati — reviewed,EVERGREEN-081
2026-05-07,Thursday,Unity Day,એકતા દિવસ,Indian Values,Indian,Unity,3,Differences become strength when respect remains common. Let respect remain stronger than disagreement.,પરસ્પર સન્માન હોય તો ભિન્નતા પણ શક્તિ બની જાય છે. મતભેદ કરતાં સન્માનને મોટું રાખો.,Premium greeting-card artwork for Family Values Day; cultural context: Indian; mood: Affection; season: Summer; elegant composition with clear bilingual text space; authentic details; no text inside artwork.,Royal Saffron,Classic Heritage,Summer,EN+GU,Draft,1.0,Evergreen,Unity,"Family Values Day is presented in this working calendar as a day for thoughtful reflection, cultural respect and positive action.",Natural spoken Gujarati — reviewed,EVERGREEN-082
2026-05-08,Friday,World Red Cross and Red Crescent Day,વિશ્વ રેડ ક્રોસ અને રેડ ક્રેસન્ટ દિવસ,Humanitarian,Global,Service,1,"Let the meaning of World Red Cross and Red Crescent Day guide us toward responsibility, respect and thoughtful action.","વિશ્વ રેડ ક્રોસ અને રેડ ક્રેસન્ટ દિવસનો અર્થ આપણને જવાબદારી, સન્માન અને વિચારપૂર્વકના કાર્ય તરફ દોરી જાય.",Premium greeting-card artwork for World Red Cross and Red Crescent Day; cultural context: Global; mood: Service; season: Summer; elegant composition with clear bilingual text space; authentic details; no text inside artwork.,Lotus Pink,Modern Editorial,Summer,EN+GU,Draft,1.0,Named Occasion,Service,"World Red Cross and Red Crescent Day is presented in this working calendar as a day for thoughtful reflection, cultural respect and positive action.",Festival wording — review before final,OCCASION-2026-05-08
2026-05-09,Saturday,Courage Day,હિંમત દિવસ,Everyday Inspiration,Indian,Courage,3,Courage is often a quiet decision to do what is right. Begin before every doubt has disappeared.,"હિંમત ઘણી વાર શોર નહીં, પરંતુ સાચું કરવાની શાંત પસંદગી હોય છે. બધા સંશય દૂર થાય તેની રાહ જોયા વગર શરૂઆત કરો.",Premium greeting-card artwork for Patience Day; cultural context: Indian; mood: Calm; season: Summer; elegant composition with clear bilingual text space; authentic details; no text inside artwork.,Midnight Indigo,Modern Editorial,Summer,EN+GU,Draft,1.0,Evergreen,Courage,"Patience Day is presented in this working calendar as a day for thoughtful reflection, cultural respect and positive action.",Natural spoken Gujarati — reviewed,EVERGREEN-083
2026-05-10,Sunday,Mother's Day,માતૃ દિવસ,Family,Global,Gratitude,1,"Let the meaning of Mother's Day guide us toward responsibility, respect and thoughtful action.","માતૃ દિવસનો અર્થ આપણને જવાબદારી, સન્માન અને વિચારપૂર્વકના કાર્ય તરફ દોરી જાય.",Premium greeting-card artwork for Mother's Day; cultural context: Global; mood: Gratitude; season: Summer; elegant composition with clear bilingual text space; authentic details; no text inside artwork.,Lotus Pink,Royal Greeting,Summer,EN+GU,Draft,1.0,Named Occasion,Gratitude,"Mother's Day is presented in this working calendar as a day for thoughtful reflection, cultural respect and positive action.",Festival wording — review before final,OCCASION-2026-05-10
2026-05-11,Monday,Nature Appreciation Day,પ્રકૃતિ કદર દિવસ,Environment,Indian,Nature,3,"Caring for nature protects the inheritance of future generations. Use water and energy as resources, not conveniences without limits.","પ્રકૃતિની કાળજી લઈએ ત્યારે આવતી પેઢીઓનો વારસો બચાવીએ છીએ. પાણી અને ઊર્જાનો ઉપયોગ અમર્યાદ સુવિધા નહીં, કિંમતી સંપત્તિ સમજીને કરો.",Premium greeting-card artwork for Courage Day; cultural context: Indian; mood: Courage; season: Summer; elegant composition with clear bilingual text space; authentic details; no text inside artwork.,Monsoon Green,Nature Canvas,Summer,EN+GU,Draft,1.0,Evergreen,Nature,"Courage Day is presented in this working calendar as a day for thoughtful reflection, cultural respect and positive action.",Natural spoken Gujarati — reviewed,EVERGREEN-084
2026-05-12,Tuesday,International Nurses Day,આંતરરાષ્ટ્રીય નર્સ દિવસ,Professional Appreciation,Global,Gratitude,1,"Let the meaning of International Nurses Day guide us toward responsibility, respect and thoughtful action.","આંતરરાષ્ટ્રીય નર્સ દિવસનો અર્થ આપણને જવાબદારી, સન્માન અને વિચારપૂર્વકના કાર્ય તરફ દોરી જાય.",Premium greeting-card artwork for International Nurses Day; cultural context: Global; mood: Gratitude; season: Summer; elegant composition with clear bilingual text space; authentic details; no text inside artwork.,Peacock Royal,Modern Editorial,Summer,EN+GU,Draft,1.0,Named Occasion,Gratitude,"International Nurses Day is presented in this working calendar as a day for thoughtful reflection, cultural respect and positive action.",Festival wording — review before final,OCCASION-2026-05-12
2026-05-13,Wednesday,Purposeful Day,હેતુપૂર્ણ દિવસ,Everyday Inspiration,Indian,Purpose,3,"When the purpose is clear, ordinary work begins to feel meaningful. Small purposeful actions create lasting change.",મન એકાગ્ર હોય તો સામાન્ય દિવસ પણ કામનો બની જાય છે. નાના પણ હેતુભર્યા કામો જ મોટો બદલાવ લાવે છે.,Premium greeting-card artwork for Purposeful Day; cultural context: Indian; mood: Purpose; season: Summer; elegant composition with clear bilingual text space; authentic details; no text inside artwork.,Heritage Sandstone,Modern Editorial,Summer,EN+GU,Draft,1.0,Evergreen,Purpose,"Purposeful Day is presented in this working calendar as a day for thoughtful reflection, cultural respect and positive action.",Natural spoken Gujarati — reviewed,EVERGREEN-085
2026-05-14,Thursday,Character Day,ચારિત્ર્ય દિવસ,Indian Values,Indian,Integrity,3,The strongest reputation begins with private honesty. Protect your values in the small moments.,સાચી ઈમાનદારી એ છે કે એકલા હોઈએ ત્યારે પણ ખોટું ન કરીએ. નાની ક્ષણોમાં પણ પોતાના મૂલ્યોને હાથમાંથી છૂટવા ન દો.,Premium greeting-card artwork for Character Day; cultural context: Indian; mood: Integrity; season: Summer; elegant composition with clear bilingual text space; authentic details; no text inside artwork.,Heritage Sandstone,Classic Heritage,Summer,EN+GU,Draft,1.0,Evergreen,Integrity,"Character Day is presented in this working calendar as a day for thoughtful reflection, cultural respect and positive action.",Natural spoken Gujarati — reviewed,EVERGREEN-086
2026-05-15,Friday,International Day of Families,આંતરરાષ્ટ્રીય પરિવાર દિવસ,Family,Global,Affection,1,"Let the meaning of International Day of Families guide us toward responsibility, respect and thoughtful action.","આંતરરાષ્ટ્રીય પરિવાર દિવસનો અર્થ આપણને જવાબદારી, સન્માન અને વિચારપૂર્વકના કાર્ય તરફ દોરી જાય.",Premium greeting-card artwork for International Day of Families; cultural context: Global; mood: Affection; season: Summer; elegant composition with clear bilingual text space; authentic details; no text inside artwork.,Lotus Pink,Royal Greeting,Summer,EN+GU,Draft,1.0,Named Occasion,Affection,"International Day of Families is presented in this working calendar as a day for thoughtful reflection, cultural respect and positive action.",Festival wording — review before final,OCCASION-2026-05-15
2026-05-16,Saturday,Gratitude Day,કૃતજ્ઞતા દિવસ,Indian Values,Indian,Gratitude,3,A thankful heart sees abundance where others see routine. Carry gratitude into your next conversation.,કૃતજ્ઞ મન સામાન્ય બાબતમાં પણ આશીર્વાદ શોધી લે છે. આગલી વાતચીતમાં એક મીઠો આભાર જરૂર ઉમેરો.,Premium greeting-card artwork for Learning Day; cultural context: Indian; mood: Wisdom; season: Summer; elegant composition with clear bilingual text space; authentic details; no text inside artwork.,Lotus Pink,Royal Greeting,Summer,EN+GU,Draft,1.0,Evergreen,Gratitude,"Learning Day is presented in this working calendar as a day for thoughtful reflection, cultural respect and positive action.",Natural spoken Gujarati — reviewed,EVERGREEN-087
2026-05-17,Sunday,Learning Day,શીખવાનો દિવસ,Education,Indian,Wisdom,3,Learning continues when curiosity remains stronger than ego. Stay curious enough to change your mind when facts change.,અહંકાર કરતાં જિજ્ઞાસા મોટી રહે ત્યારે શીખવાનું ચાલુ રહે છે. નવી સાચી વાત મળે ત્યારે પોતાનો વિચાર બદલવાની હિંમત રાખો.,Premium greeting-card artwork for Kindness Day; cultural context: Indian; mood: Compassion; season: Summer; elegant composition with clear bilingual text space; authentic details; no text inside artwork.,Peacock Royal,Modern Editorial,Summer,EN+GU,Draft,1.0,Evergreen,Wisdom,"Kindness Day is presented in this working calendar as a day for thoughtful reflection, cultural respect and positive action.",Natural spoken Gujarati — reviewed,EVERGREEN-088
2026-05-18,Monday,Kindness Day,દયાનો દિવસ,Social Values,Indian,Compassion,3,Gentle words often reach places that advice cannot. Make one person's day easier without expecting recognition.,ક્યારેક બે મીઠા શબ્દો મોટી સલાહ કરતાં વધુ અસર કરે છે. વખાણની આશા રાખ્યા વગર કોઈનું એક કામ સરળ બનાવી આપો.,Premium greeting-card artwork for Discipline Day; cultural context: Indian; mood: Determination; season: Summer; elegant composition with clear bilingual text space; authentic details; no text inside artwork.,Lotus Pink,Royal Greeting,Summer,EN+GU,Draft,1.0,Evergreen,Compassion,"Discipline Day is presented in this working calendar as a day for thoughtful reflection, cultural respect and positive action.",Natural spoken Gujarati — reviewed,EVERGREEN-089
2026-05-19,Tuesday,Discipline Day,શિસ્ત દિવસ,Work Ethics,Indian,Determination,3,Consistency matters more than occasional bursts of effort. Choose steady effort over a dramatic beginning.,ક્યારેક બહુ મહેનત કરતાં રોજ થોડું સતત કરવું વધુ કામ આવે છે. મોટી શરૂઆત કરતાં સતત પ્રયત્ન પસંદ કરો.,Premium greeting-card artwork for Family Values Day; cultural context: Indian; mood: Affection; season: Summer; elegant composition with clear bilingual text space; authentic details; no text inside artwork.,Midnight Indigo,Modern Editorial,Summer,EN+GU,Draft,1.0,Evergreen,Determination,"Family Values Day is presented in this working calendar as a day for thoughtful reflection, cultural respect and positive action.",Natural spoken Gujarati — reviewed,EVERGREEN-090
2026-05-20,Wednesday,World Bee Day,વિશ્વ મધમાખી દિવસ,Environment,Global,Nature,1,"Let the meaning of World Bee Day guide us toward responsibility, respect and thoughtful action.","વિશ્વ મધમાખી દિવસનો અર્થ આપણને જવાબદારી, સન્માન અને વિચારપૂર્વકના કાર્ય તરફ દોરી જાય.",Premium greeting-card artwork for World Bee Day; cultural context: Global; mood: Nature; season: Summer; elegant composition with clear bilingual text space; authentic details; no text inside artwork.,Monsoon Green,Nature Canvas,Summer,EN+GU,Draft,1.0,Named Occasion,Nature,"World Bee Day is presented in this working calendar as a day for thoughtful reflection, cultural respect and positive action.",Festival wording — review before final,OCCASION-2026-05-20
2026-05-21,Thursday,International Tea Day,આંતરરાષ્ટ્રીય ચા દિવસ,Culture and Agriculture,Global,Warmth,1,"Let the meaning of International Tea Day guide us toward responsibility, respect and thoughtful action.","આંતરરાષ્ટ્રીય ચા દિવસનો અર્થ આપણને જવાબદારી, સન્માન અને વિચારપૂર્વકના કાર્ય તરફ દોરી જાય.",Premium greeting-card artwork for International Tea Day; cultural context: Global; mood: Warmth; season: Summer; elegant composition with clear bilingual text space; authentic details; no text inside artwork.,Heritage Sandstone,Royal Greeting,Summer,EN+GU,Draft,1.0,Named Occasion,Warmth,"International Tea Day is presented in this working calendar as a day for thoughtful reflection, cultural respect and positive action.",Festival wording — review before final,OCCASION-2026-05-21
2026-05-22,Friday,Family Values Day,પરિવાર મૂલ્યો દિવસ,Family,Indian,Affection,3,Love feels safest when people are heard without judgment. Create one simple memory together without a screen.,નિર્ણય કર્યા વગર સાંભળવામાં આવે ત્યારે પ્રેમ વધુ સુરક્ષિત લાગે છે. સ્ક્રીન વગર સાથે એક નાની સુંદર યાદ બનાવો.,Premium greeting-card artwork for Unity Day; cultural context: Indian; mood: Unity; season: Summer; elegant composition with clear bilingual text space; authentic details; no text inside artwork.,Lotus Pink,Royal Greeting,Summer,EN+GU,Draft,1.0,Evergreen,Affection,"Unity Day is presented in this working calendar as a day for thoughtful reflection, cultural respect and positive action.",Natural spoken Gujarati — reviewed,EVERGREEN-091
2026-05-23,Saturday,Service Day,સેવાનો દિવસ,Social Responsibility,Indian,Service,3,Useful work done quietly often creates the deepest impact. Let your work solve a real problem for someone.,શાંતિથી કરેલું કામ ઘણી વાર સૌથી ઊંડી અસર કરે છે. તમારી મહેનતથી કોઈની સાચી મુશ્કેલી ઓછી થાય એવું કામ કરો.,Premium greeting-card artwork for Courage Day; cultural context: Indian; mood: Courage; season: Summer; elegant composition with clear bilingual text space; authentic details; no text inside artwork.,Royal Saffron,Classic Heritage,Summer,EN+GU,Draft,1.0,Evergreen,Service,"Courage Day is presented in this working calendar as a day for thoughtful reflection, cultural respect and positive action.",Natural spoken Gujarati — reviewed,EVERGREEN-092
2026-05-24,Sunday,Patience Day,ધીરજ દિવસ,Everyday Inspiration,Indian,Calm,3,Some results need time even when the work is being done correctly. Move steadily without comparing your pace with others.,કામ સાચું ચાલતું હોય તો પણ કેટલાક પરિણામને સમય લાગે છે. બીજાની ગતિ સાથે સરખામણી કર્યા વગર પોતાના રસ્તે આગળ વધો.,Premium greeting-card artwork for Nature Appreciation Day; cultural context: Indian; mood: Nature; season: Summer; elegant composition with clear bilingual text space; authentic details; no text inside artwork.,Monsoon Green,Spiritual Serenity,Summer,EN+GU,Draft,1.0,Evergreen,Calm,"Nature Appreciation Day is presented in this working calendar as a day for thoughtful reflection, cultural respect and positive action.",Natural spoken Gujarati — reviewed,EVERGREEN-093
2026-05-25,Monday,Ganga Dussehra,ગંગા દશેરા,Religious Festival,Indian,Purity,1,"Let the meaning of Ganga Dussehra guide us toward responsibility, respect and thoughtful action.","ગંગા દશેરાનો અર્થ આપણને જવાબદારી, સન્માન અને વિચારપૂર્વકના કાર્ય તરફ દોરી જાય.",Premium greeting-card artwork for Ganga Dussehra; cultural context: Indian; mood: Purity; season: Summer; elegant composition with clear bilingual text space; authentic details; no text inside artwork.,Peacock Royal,Spiritual Serenity,Summer,EN+GU,Draft,1.0,Named Occasion,Purity,"Ganga Dussehra is presented in this working calendar as a day for thoughtful reflection, cultural respect and positive action.",Festival wording — review before final,OCCASION-2026-05-25
2026-05-26,Tuesday,Unity Day,એકતા દિવસ,Indian Values,Indian,Unity,3,Unity does not require sameness; it requires cooperation. Let respect remain stronger than disagreement.,એકતા માટે બધાં સરખાં હોવું જરૂરી નથી; સાથે કામ કરવાની તૈયારી જરૂરી છે. મતભેદ કરતાં સન્માનને મોટું રાખો.,Premium greeting-card artwork for Character Day; cultural context: Indian; mood: Integrity; season: Summer; elegant composition with clear bilingual text space; authentic details; no text inside artwork.,Royal Saffron,Classic Heritage,Summer,EN+GU,Draft,1.0,Evergreen,Unity,"Character Day is presented in this working calendar as a day for thoughtful reflection, cultural respect and positive action.",Natural spoken Gujarati — reviewed,EVERGREEN-094
2026-05-27,Wednesday,Courage Day,હિંમત દિવસ,Everyday Inspiration,Indian,Courage,3,Bravery begins when fear is acknowledged but not obeyed. Begin before every doubt has disappeared.,ડર હોવા છતાં તેની આજ્ઞા ન માનવી એ જ બહાદુરીની શરૂઆત છે. બધા સંશય દૂર થાય તેની રાહ જોયા વગર શરૂઆત કરો.,Premium greeting-card artwork for Gratitude Day; cultural context: Indian; mood: Gratitude; season: Summer; elegant composition with clear bilingual text space; authentic details; no text inside artwork.,Midnight Indigo,Modern Editorial,Summer,EN+GU,Draft,1.0,Evergreen,Courage,"Gratitude Day is presented in this working calendar as a day for thoughtful reflection, cultural respect and positive action.",Natural spoken Gujarati — reviewed,EVERGREEN-095
2026-05-28,Thursday,Nature Appreciation Day,પ્રકૃતિ કદર દિવસ,Environment,Indian,Nature,3,"Nature gives quietly, but its loss is felt by everyone. Use water and energy as resources, not conveniences without limits.","પ્રકૃતિ શાંતિથી આપતી રહે છે, પણ તેનો નુકસાન બધાને સહન કરવું પડે છે. પાણી અને ઊર્જાનો ઉપયોગ અમર્યાદ સુવિધા નહીં, કિંમતી સંપત્તિ સમજીને કરો.",Premium greeting-card artwork for Learning Day; cultural context: Indian; mood: Wisdom; season: Summer; elegant composition with clear bilingual text space; authentic details; no text inside artwork.,Monsoon Green,Nature Canvas,Summer,EN+GU,Draft,1.0,Evergreen,Nature,"Learning Day is presented in this working calendar as a day for thoughtful reflection, cultural respect and positive action.",Natural spoken Gujarati — reviewed,EVERGREEN-096
2026-05-29,Friday,Purposeful Day,હેતુપૂર્ણ દિવસ,Everyday Inspiration,Indian,Purpose,3,A focused mind turns a simple day into useful progress. Small purposeful actions create lasting change.,શું કરવું છે તે નક્કી હોય તો મહેનતનો દરેક પગલું અર્થપૂર્ણ બને છે. નાના પણ હેતુભર્યા કામો જ મોટો બદલાવ લાવે છે.,Premium greeting-card artwork for Kindness Day; cultural context: Indian; mood: Compassion; season: Summer; elegant composition with clear bilingual text space; authentic details; no text inside artwork.,Heritage Sandstone,Modern Editorial,Summer,EN+GU,Draft,1.0,Evergreen,Purpose,"Kindness Day is presented in this working calendar as a day for thoughtful reflection, cultural respect and positive action.",Natural spoken Gujarati — reviewed,EVERGREEN-097
2026-05-30,Saturday,Character Day,ચારિત્ર્ય દિવસ,Indian Values,Indian,Integrity,3,"Good character is built quietly, one decision at a time. Protect your values in the small moments.","સારા સંસ્કાર મોટા પ્રસંગે નહીં, રોજની નાની પસંદગીઓમાં દેખાય છે. નાની ક્ષણોમાં પણ પોતાના મૂલ્યોને હાથમાંથી છૂટવા ન દો.",Premium greeting-card artwork for Discipline Day; cultural context: Indian; mood: Determination; season: Summer; elegant composition with clear bilingual text space; authentic details; no text inside artwork.,Heritage Sandstone,Classic Heritage,Summer,EN+GU,Draft,1.0,Evergreen,Integrity,"Discipline Day is presented in this working calendar as a day for thoughtful reflection, cultural respect and positive action.",Natural spoken Gujarati — reviewed,EVERGREEN-098
2026-05-31,Sunday,Gratitude Day,કૃતજ્ઞતા દિવસ,Indian Values,Indian,Gratitude,3,Appreciation brings peace without reducing ambition. Carry gratitude into your next conversation.,"જે મળ્યું છે તેની કદર કરવાથી આગળ વધવાની ઇચ્છા ઓછી થતી નથી, મન શાંત બને છે. આગલી વાતચીતમાં એક મીઠો આભાર જરૂર ઉમેરો.",Premium Indian-context greeting-card artwork for Responsibility Day; mood: Responsibility; season: Summer; elegant composition with clear bilingual text space; no text inside artwork.,Lotus Pink,Royal Greeting,Summer,EN+GU,Draft,1.0,Evergreen,Gratitude,"Responsibility Day is presented in this working calendar as a day for thoughtful reflection, cultural respect and positive action.",Natural spoken Gujarati — reviewed,EVERGREEN-099
2026-06-01,Monday,Global Day of Parents,વૈશ્વિક માતા-પિતા દિવસ,Family,Global,Gratitude,1,"Let the meaning of Global Day of Parents guide us toward responsibility, respect and thoughtful action.","વૈશ્વિક માતા-પિતા દિવસનો અર્થ આપણને જવાબદારી, સન્માન અને વિચારપૂર્વકના કાર્ય તરફ દોરી જાય.",Premium greeting-card artwork for Global Day of Parents; cultural context: Global; mood: Gratitude; season: Summer; elegant composition with clear bilingual text space; authentic details; no text inside artwork.,Lotus Pink,Royal Greeting,Summer,EN+GU,Draft,1.0,Named Occasion,Gratitude,"Global Day of Parents is presented in this working calendar as a day for thoughtful reflection, cultural respect and positive action.",Festival wording — review before final,OCCASION-2026-06-01
2026-06-02,Tuesday,Learning Day,શીખવાનો દિવસ,Education,Indian,Wisdom,3,A thoughtful question can open a new direction. Stay curious enough to change your mind when facts change.,સાચો પ્રશ્ન નવી દિશાનો દરવાજો ખોલી શકે છે. નવી સાચી વાત મળે ત્યારે પોતાનો વિચાર બદલવાની હિંમત રાખો.,Premium greeting-card artwork for Patience Day; cultural context: Indian; mood: Calm; season: Summer; elegant composition with clear bilingual text space; authentic details; no text inside artwork.,Peacock Royal,Modern Editorial,Summer,EN+GU,Draft,1.0,Evergreen,Wisdom,"Patience Day is presented in this working calendar as a day for thoughtful reflection, cultural respect and positive action.",Natural spoken Gujarati — reviewed,EVERGREEN-100
2026-06-03,Wednesday,Kindness Day,દયાનો દિવસ,Social Values,Indian,Compassion,3,Kindness becomes meaningful when it is timely and practical. Make one person's day easier without expecting recognition.,સમયસર અને કામની મદદ જ દયાને સાચો અર્થ આપે છે. વખાણની આશા રાખ્યા વગર કોઈનું એક કામ સરળ બનાવી આપો.,Premium greeting-card artwork for Unity Day; cultural context: Indian; mood: Unity; season: Summer; elegant composition with clear bilingual text space; authentic details; no text inside artwork.,Lotus Pink,Royal Greeting,Summer,EN+GU,Draft,1.0,Evergreen,Compassion,"Unity Day is presented in this working calendar as a day for thoughtful reflection, cultural respect and positive action.",Natural spoken Gujarati — reviewed,EVERGREEN-101
2026-06-04,Thursday,Discipline Day,શિસ્ત દિવસ,Work Ethics,Indian,Determination,3,A steady routine protects important goals from changing moods. Choose steady effort over a dramatic beginning.,મન બદલાય તો પણ સારી ટેવ લક્ષ્યને રસ્તા પર રાખે છે. મોટી શરૂઆત કરતાં સતત પ્રયત્ન પસંદ કરો.,Premium greeting-card artwork for Courage Day; cultural context: Indian; mood: Courage; season: Summer; elegant composition with clear bilingual text space; authentic details; no text inside artwork.,Midnight Indigo,Modern Editorial,Summer,EN+GU,Draft,1.0,Evergreen,Determination,"Courage Day is presented in this working calendar as a day for thoughtful reflection, cultural respect and positive action.",Natural spoken Gujarati — reviewed,EVERGREEN-102
2026-06-05,Friday,World Environment Day,વિશ્વ પર્યાવરણ દિવસ,Environment,Global,Responsibility,1,"Let the meaning of World Environment Day guide us toward responsibility, respect and thoughtful action.","વિશ્વ પર્યાવરણ દિવસનો અર્થ આપણને જવાબદારી, સન્માન અને વિચારપૂર્વકના કાર્ય તરફ દોરી જાય.",Premium greeting-card artwork for World Environment Day; cultural context: Global; mood: Responsibility; season: Summer; elegant composition with clear bilingual text space; authentic details; no text inside artwork.,Monsoon Green,Nature Canvas,Summer,EN+GU,Draft,1.0,Named Occasion,Responsibility,"World Environment Day is presented in this working calendar as a day for thoughtful reflection, cultural respect and positive action.",Festival wording — review before final,OCCASION-2026-06-05
2026-06-06,Saturday,Family Values Day,પરિવાર મૂલ્યો દિવસ,Family,Indian,Affection,3,Family bonds grow through ordinary moments of presence. Create one simple memory together without a screen.,"પરિવારનો સ્નેહ મોટા પ્રસંગોથી નહીં, રોજની સાથે રહેલી ક્ષણોથી વધે છે. સ્ક્રીન વગર સાથે એક નાની સુંદર યાદ બનાવો.",Premium greeting-card artwork for Purposeful Day; cultural context: Indian; mood: Purpose; season: Summer; elegant composition with clear bilingual text space; authentic details; no text inside artwork.,Lotus Pink,Royal Greeting,Summer,EN+GU,Draft,1.0,Evergreen,Affection,"Purposeful Day is presented in this working calendar as a day for thoughtful reflection, cultural respect and positive action.",Natural spoken Gujarati — reviewed,EVERGREEN-103
2026-06-07,Sunday,Service Day,સેવાનો દિવસ,Social Responsibility,Indian,Service,3,Helping others is strongest when dignity is preserved. Let your work solve a real problem for someone.,મદદ એવી હોવી જોઈએ કે સામેના માણસનું માન જળવાઈ રહે. તમારી મહેનતથી કોઈની સાચી મુશ્કેલી ઓછી થાય એવું કામ કરો.,Premium greeting-card artwork for Character Day; cultural context: Indian; mood: Integrity; season: Summer; elegant composition with clear bilingual text space; authentic details; no text inside artwork.,Royal Saffron,Classic Heritage,Summer,EN+GU,Draft,1.0,Evergreen,Service,"Character Day is presented in this working calendar as a day for thoughtful reflection, cultural respect and positive action.",Natural spoken Gujarati — reviewed,EVERGREEN-104
2026-06-08,Monday,World Oceans Day,વિશ્વ મહાસાગર દિવસ,Environment,Global,Nature,1,"Let the meaning of World Oceans Day guide us toward responsibility, respect and thoughtful action.","વિશ્વ મહાસાગર દિવસનો અર્થ આપણને જવાબદારી, સન્માન અને વિચારપૂર્વકના કાર્ય તરફ દોરી જાય.",Premium greeting-card artwork for World Oceans Day; cultural context: Global; mood: Nature; season: Summer; elegant composition with clear bilingual text space; authentic details; no text inside artwork.,Peacock Royal,Nature Canvas,Summer,EN+GU,Draft,1.0,Named Occasion,Nature,"World Oceans Day is presented in this working calendar as a day for thoughtful reflection, cultural respect and positive action.",Festival wording — review before final,OCCASION-2026-06-08
2026-06-09,Tuesday,Patience Day,ધીરજ દિવસ,Everyday Inspiration,Indian,Calm,3,Calm persistence often succeeds where hurried pressure fails. Move steadily without comparing your pace with others.,ઉતાવળ જ્યાં અટકી જાય છે ત્યાં શાંતિથી કરેલો સતત પ્રયત્ન જીતે છે. બીજાની ગતિ સાથે સરખામણી કર્યા વગર પોતાના રસ્તે આગળ વધો.,Premium greeting-card artwork for Learning Day; cultural context: Indian; mood: Wisdom; season: Summer; elegant composition with clear bilingual text space; authentic details; no text inside artwork.,Monsoon Green,Spiritual Serenity,Summer,EN+GU,Draft,1.0,Evergreen,Calm,"Learning Day is presented in this working calendar as a day for thoughtful reflection, cultural respect and positive action.",Natural spoken Gujarati — reviewed,EVERGREEN-105
2026-06-10,Wednesday,Unity Day,એકતા દિવસ,Indian Values,Indian,Unity,3,Communities grow when people protect both identity and mutual trust. Let respect remain stronger than disagreement.,પોતાની ઓળખ જાળવીને પણ એકબીજાનો વિશ્વાસ રાખીએ ત્યારે સમાજ મજબૂત બને છે. મતભેદ કરતાં સન્માનને મોટું રાખો.,Premium greeting-card artwork for Kindness Day; cultural context: Indian; mood: Compassion; season: Summer; elegant composition with clear bilingual text space; authentic details; no text inside artwork.,Royal Saffron,Classic Heritage,Summer,EN+GU,Draft,1.0,Evergreen,Unity,"Kindness Day is presented in this working calendar as a day for thoughtful reflection, cultural respect and positive action.",Natural spoken Gujarati — reviewed,EVERGREEN-106
2026-06-11,Thursday,Courage Day,હિંમત દિવસ,Everyday Inspiration,Indian,Courage,3,The next honest step matters more than complete certainty. Begin before every doubt has disappeared.,બધી ખાતરી મળવાની રાહ કરતાં આગળનું સાચું પગલું વધુ મહત્વનું છે. બધા સંશય દૂર થાય તેની રાહ જોયા વગર શરૂઆત કરો.,Premium greeting-card artwork for Discipline Day; cultural context: Indian; mood: Determination; season: Summer; elegant composition with clear bilingual text space; authentic details; no text inside artwork.,Midnight Indigo,Modern Editorial,Summer,EN+GU,Draft,1.0,Evergreen,Courage,"Discipline Day is presented in this working calendar as a day for thoughtful reflection, cultural respect and positive action.",Natural spoken Gujarati — reviewed,EVERGREEN-107
2026-06-12,Friday,Nature Appreciation Day,પ્રકૃતિ કદર દિવસ,Environment,Indian,Nature,3,"A healthy environment begins with ordinary responsible habits. Use water and energy as resources, not conveniences without limits.","સ્વસ્થ પર્યાવરણની શરૂઆત રોજની જવાબદાર ટેવોથી થાય છે. પાણી અને ઊર્જાનો ઉપયોગ અમર્યાદ સુવિધા નહીં, કિંમતી સંપત્તિ સમજીને કરો.",Premium greeting-card artwork for Family Values Day; cultural context: Indian; mood: Affection; season: Summer; elegant composition with clear bilingual text space; authentic details; no text inside artwork.,Monsoon Green,Nature Canvas,Summer,EN+GU,Draft,1.0,Evergreen,Nature,"Family Values Day is presented in this working calendar as a day for thoughtful reflection, cultural respect and positive action.",Natural spoken Gujarati — reviewed,EVERGREEN-108
2026-06-13,Saturday,Purposeful Day,હેતુપૂર્ણ દિવસ,Everyday Inspiration,Indian,Purpose,3,"On this Saturday, a clear purpose gives direction to even the smallest effort. Choose one worthwhile task and do it well today.","આ શનિવારના દિવસે, હેતુ સ્પષ્ટ હોય તો નાનો પ્રયત્ન પણ સાચી દિશામાં આગળ વધે છે. આજે એક સારું કામ પસંદ કરો અને દિલથી પૂરું કરો.",Premium greeting-card artwork for Service Day; cultural context: Indian; mood: Service; season: Summer; elegant composition with clear bilingual text space; authentic details; no text inside artwork.,Heritage Sandstone,Modern Editorial,Summer,EN+GU,Draft,1.0,Evergreen,Purpose,"Service Day is presented in this working calendar as a day for thoughtful reflection, cultural respect and positive action.",Natural spoken Gujarati — reviewed,EVERGREEN-109
2026-06-14,Sunday,World Blood Donor Day,વિશ્વ રક્તદાતા દિવસ,Humanitarian,Global,Service,1,"Let the meaning of World Blood Donor Day guide us toward responsibility, respect and thoughtful action.","વિશ્વ રક્તદાતા દિવસનો અર્થ આપણને જવાબદારી, સન્માન અને વિચારપૂર્વકના કાર્ય તરફ દોરી જાય.",Premium greeting-card artwork for World Blood Donor Day; cultural context: Global; mood: Service; season: Summer; elegant composition with clear bilingual text space; authentic details; no text inside artwork.,Royal Saffron,Modern Editorial,Summer,EN+GU,Draft,1.0,Named Occasion,Service,"World Blood Donor Day is presented in this working calendar as a day for thoughtful reflection, cultural respect and positive action.",Festival wording — review before final,OCCASION-2026-06-14
2026-06-15,Monday,World Elder Abuse Awareness Day,વડીલો પર દુર્વ્યવહાર અંગે જાગૃતિ દિવસ,Social Awareness,Global,Compassion,1,"Let the meaning of World Elder Abuse Awareness Day guide us toward responsibility, respect and thoughtful action.","વડીલો પર દુર્વ્યવહાર અંગે જાગૃતિ દિવસનો અર્થ આપણને જવાબદારી, સન્માન અને વિચારપૂર્વકના કાર્ય તરફ દોરી જાય.",Premium greeting-card artwork for World Elder Abuse Awareness Day; cultural context: Global; mood: Compassion; season: Summer; elegant composition with clear bilingual text space; authentic details; no text inside artwork.,Heritage Sandstone,Modern Editorial,Summer,EN+GU,Draft,1.0,Named Occasion,Compassion,"World Elder Abuse Awareness Day is presented in this working calendar as a day for thoughtful reflection, cultural respect and positive action.",Festival wording — review before final,OCCASION-2026-06-15
2026-06-16,Tuesday,Character Day,ચારિત્ર્ય દિવસ,Indian Values,Indian,Integrity,3,"On this Tuesday, character grows through choices made when no one is watching. Do the right thing even when it brings no applause.","આ મંગળવારના દિવસે, કોઈ જોઈ રહ્યું ન હોય ત્યારે કરેલી સાચી પસંદગીથી ચારિત્ર્ય બને છે. વખાણ ન મળે તો પણ સાચું કામ કરો.",Premium greeting-card artwork for Courage Day; cultural context: Indian; mood: Courage; season: Summer; elegant composition with clear bilingual text space; authentic details; no text inside artwork.,Heritage Sandstone,Classic Heritage,Summer,EN+GU,Draft,1.0,Evergreen,Integrity,"Courage Day is presented in this working calendar as a day for thoughtful reflection, cultural respect and positive action.",Natural spoken Gujarati — reviewed,EVERGREEN-110
2026-06-17,Wednesday,Gratitude Day,કૃતજ્ઞતા દિવસ,Indian Values,Indian,Gratitude,3,"On this Wednesday, gratitude makes ordinary blessings easier to notice. Pause today and thank someone whose care often goes unnoticed.","આ બુધવારના દિવસે, આભાર માનવાની ટેવ હોય તો રોજિંદી નાની ખુશીઓ પણ દેખાય છે. આજે એવા કોઈને આભાર કહો, જેમની કાળજી આપણે ઘણી વાર સ્વાભાવિક માની લઈએ છીએ.",Premium greeting-card artwork for Nature Appreciation Day; cultural context: Indian; mood: Nature; season: Summer; elegant composition with clear bilingual text space; authentic details; no text inside artwork.,Lotus Pink,Royal Greeting,Summer,EN+GU,Draft,1.0,Evergreen,Gratitude,"Nature Appreciation Day is presented in this working calendar as a day for thoughtful reflection, cultural respect and positive action.",Natural spoken Gujarati — reviewed,EVERGREEN-111
2026-06-18,Thursday,Learning Day,શીખવાનો દિવસ,Education,Indian,Wisdom,3,"On this Thursday, every difficulty can teach something that comfort cannot. Ask one question today without being afraid of not knowing.","આ ગુરુવારના દિવસે, મુશ્કેલી ઘણી વાર એવી વાત શીખવે છે જે આરામમાં ક્યારેય સમજાતી નથી. આજે કંઈ ખબર ન હોય તો નિઃસંકોચ પૂછો.",Premium greeting-card artwork for Purposeful Day; cultural context: Indian; mood: Purpose; season: Summer; elegant composition with clear bilingual text space; authentic details; no text inside artwork.,Peacock Royal,Modern Editorial,Summer,EN+GU,Draft,1.0,Evergreen,Wisdom,"Purposeful Day is presented in this working calendar as a day for thoughtful reflection, cultural respect and positive action.",Natural spoken Gujarati — reviewed,EVERGREEN-112
2026-06-19,Friday,Kindness Day,દયાનો દિવસ,Social Values,Indian,Compassion,3,"On this Friday, a small kindness can become the best part of someone's day. Offer help before someone has to ask twice.","આ શુક્રવારના દિવસે, દયાનો નાનો હાવભાવ પણ કોઈના આખા દિવસને સુંદર બનાવી શકે છે. કોઈને વારંવાર કહેવું ન પડે તે પહેલાં મદદનો હાથ આપો.",Premium greeting-card artwork for Character Day; cultural context: Indian; mood: Integrity; season: Summer; elegant composition with clear bilingual text space; authentic details; no text inside artwork.,Lotus Pink,Royal Greeting,Summer,EN+GU,Draft,1.0,Evergreen,Compassion,"Character Day is presented in this working calendar as a day for thoughtful reflection, cultural respect and positive action.",Natural spoken Gujarati — reviewed,EVERGREEN-113
2026-06-20,Saturday,Discipline Day,શિસ્ત દિવસ,Work Ethics,Indian,Determination,3,"On this Saturday, discipline turns good intentions into dependable progress. Complete the task you have been postponing.","આ શનિવારના દિવસે, શિસ્ત સારા ઇરાદાને સાચી પ્રગતિમાં બદલે છે. જે કામ વારંવાર મુલતવી રાખ્યું છે તે આજે પૂરું કરો.",Premium greeting-card artwork for Gratitude Day; cultural context: Indian; mood: Gratitude; season: Summer; elegant composition with clear bilingual text space; authentic details; no text inside artwork.,Midnight Indigo,Modern Editorial,Summer,EN+GU,Draft,1.0,Evergreen,Determination,"Gratitude Day is presented in this working calendar as a day for thoughtful reflection, cultural respect and positive action.",Natural spoken Gujarati — reviewed,EVERGREEN-114
2026-06-21,Sunday,International Day of Yoga • Father's Day,આંતરરાષ્ટ્રીય યોગ દિવસ • પિતૃ દિવસ,Culture and Family,Indian,Balance,1,"Let the meaning of International Day of Yoga • Father's Day guide us toward responsibility, respect and thoughtful action.","આંતરરાષ્ટ્રીય યોગ દિવસ • પિતૃ દિવસનો અર્થ આપણને જવાબદારી, સન્માન અને વિચારપૂર્વકના કાર્ય તરફ દોરી જાય.",Premium greeting-card artwork for International Day of Yoga • Father's Day; cultural context: Indian; mood: Balance; season: Summer; elegant composition with clear bilingual text space; authentic details; no text inside artwork.,Monsoon Green,Spiritual Serenity,Summer,EN+GU,Draft,1.0,Named Occasion,Balance,"International Day of Yoga • Father's Day is presented in this working calendar as a day for thoughtful reflection, cultural respect and positive action.",Festival wording — review before final,OCCASION-2026-06-21
2026-06-22,Monday,Family Values Day,પરિવાર મૂલ્યો દિવસ,Family,Indian,Affection,3,"On this Monday, strong families are built through time, respect and listening. Give someone at home your full attention today.","આ સોમવારના દિવસે, મજબૂત પરિવાર સમય, સન્માન અને એકબીજાને સાંભળવાથી બને છે. આજે ઘરના કોઈને થોડો સમય પૂરા ધ્યાનથી સાંભળો.",Premium greeting-card artwork for Kindness Day; cultural context: Indian; mood: Compassion; season: Summer; elegant composition with clear bilingual text space; authentic details; no text inside artwork.,Lotus Pink,Royal Greeting,Summer,EN+GU,Draft,1.0,Evergreen,Affection,"Kindness Day is presented in this working calendar as a day for thoughtful reflection, cultural respect and positive action.",Natural spoken Gujarati — reviewed,EVERGREEN-115
2026-06-23,Tuesday,United Nations Public Service Day,સંયુક્ત રાષ્ટ્ર જાહેર સેવા દિવસ,Public Service,Global,Service,1,"Let the meaning of United Nations Public Service Day guide us toward responsibility, respect and thoughtful action.","સંયુક્ત રાષ્ટ્ર જાહેર સેવા દિવસનો અર્થ આપણને જવાબદારી, સન્માન અને વિચારપૂર્વકના કાર્ય તરફ દોરી જાય.",Premium greeting-card artwork for United Nations Public Service Day; cultural context: Global; mood: Service; season: Summer; elegant composition with clear bilingual text space; authentic details; no text inside artwork.,Heritage Sandstone,Classic Heritage,Summer,EN+GU,Draft,1.0,Named Occasion,Service,"United Nations Public Service Day is presented in this working calendar as a day for thoughtful reflection, cultural respect and positive action.",Festival wording — review before final,OCCASION-2026-06-23
2026-06-24,Wednesday,Service Day,સેવાનો દિવસ,Social Responsibility,Indian,Service,3,"On this Wednesday, service becomes noble when humility is greater than recognition. Do one useful thing today without announcing it.","આ બુધવારના દિવસે, પ્રસિદ્ધિ કરતાં વિનમ્રતા મોટી હોય ત્યારે સેવા મહાન બને છે. આજે એક કામ કોઈને કહ્યા વગર કરી આપો.",Premium greeting-card artwork for Family Values Day; cultural context: Indian; mood: Affection; season: Summer; elegant composition with clear bilingual text space; authentic details; no text inside artwork.,Royal Saffron,Classic Heritage,Summer,EN+GU,Draft,1.0,Evergreen,Service,"Family Values Day is presented in this working calendar as a day for thoughtful reflection, cultural respect and positive action.",Natural spoken Gujarati — reviewed,EVERGREEN-116
2026-06-25,Thursday,Patience Day,ધીરજ દિવસ,Everyday Inspiration,Indian,Calm,3,"On this Thursday, patience is steady effort without unnecessary anxiety. Continue the process without judging it too early.","આ ગુરુવારના દિવસે, ધીરજ એટલે હાથ પર હાથ ધરી બેસવું નહીં; ચિંતા વગર સતત પ્રયત્ન કરવો. પરિણામ વહેલું ન દેખાય તો પણ પ્રક્રિયા ચાલુ રાખો.",Premium greeting-card artwork for Service Day; cultural context: Indian; mood: Service; season: Summer; elegant composition with clear bilingual text space; authentic details; no text inside artwork.,Monsoon Green,Spiritual Serenity,Summer,EN+GU,Draft,1.0,Evergreen,Calm,"Service Day is presented in this working calendar as a day for thoughtful reflection, cultural respect and positive action.",Natural spoken Gujarati — reviewed,EVERGREEN-117
2026-06-26,Friday,International Day Against Drug Abuse and Illicit Trafficking,માદક દ્રવ્યોના દુરૂપયોગ અને ગેરકાયદે વેપાર વિરુદ્ધ આંતરરાષ્ટ્રીય દિવસ,Social Awareness,Global,Responsibility,1,"Let the meaning of International Day Against Drug Abuse and Illicit Trafficking guide us toward responsibility, respect and thoughtful action.","માદક દ્રવ્યોના દુરૂપયોગ અને ગેરકાયદે વેપાર વિરુદ્ધ આંતરરાષ્ટ્રીય દિવસનો અર્થ આપણને જવાબદારી, સન્માન અને વિચારપૂર્વકના કાર્ય તરફ દોરી જાય.",Premium greeting-card artwork for International Day Against Drug Abuse and Illicit Trafficking; cultural context: Global; mood: Responsibility; season: Summer; elegant composition with clear bilingual text space; authentic details; no text inside artwork.,Midnight Indigo,Modern Editorial,Summer,EN+GU,Draft,1.0,Named Occasion,Responsibility,"International Day Against Drug Abuse and Illicit Trafficking is presented in this working calendar as a day for thoughtful reflection, cultural respect and positive action.",Festival wording — review before final,OCCASION-2026-06-26
2026-06-27,Saturday,Unity Day,એકતા દિવસ,Indian Values,Indian,Unity,3,"On this Saturday, differences become strength when respect remains common. Work with someone whose approach differs from yours.","આ શનિવારના દિવસે, પરસ્પર સન્માન હોય તો ભિન્નતા પણ શક્તિ બની જાય છે. આજે તમારી રીતથી અલગ રીતે કામ કરનાર સાથે સહકાર આપો.",Premium greeting-card artwork for Unity Day; cultural context: Indian; mood: Unity; season: Summer; elegant composition with clear bilingual text space; authentic details; no text inside artwork.,Royal Saffron,Classic Heritage,Summer,EN+GU,Draft,1.0,Evergreen,Unity,"Unity Day is presented in this working calendar as a day for thoughtful reflection, cultural respect and positive action.",Natural spoken Gujarati — reviewed,EVERGREEN-118
2026-06-28,Sunday,Courage Day,હિંમત દિવસ,Everyday Inspiration,Indian,Courage,3,"On this Sunday, courage is often a quiet decision to do what is right. Take the necessary step even if confidence is not perfect.","આ રવિવારના દિવસે, હિંમત ઘણી વાર શોર નહીં, પરંતુ સાચું કરવાની શાંત પસંદગી હોય છે. પૂરો આત્મવિશ્વાસ ન હોય તો પણ જરૂરી પગલું भरो.",Premium greeting-card artwork for Courage Day; cultural context: Indian; mood: Courage; season: Summer; elegant composition with clear bilingual text space; authentic details; no text inside artwork.,Midnight Indigo,Modern Editorial,Summer,EN+GU,Draft,1.0,Evergreen,Courage,"Courage Day is presented in this working calendar as a day for thoughtful reflection, cultural respect and positive action.",Natural spoken Gujarati — reviewed,EVERGREEN-119
2026-06-29,Monday,Nature Appreciation Day,પ્રકૃતિ કદર દિવસ,Environment,Indian,Nature,3,"On this Monday, caring for nature protects the inheritance of future generations. Reduce one avoidable wasteful habit today.","આ સોમવારના દિવસે, પ્રકૃતિની કાળજી લઈએ ત્યારે આવતી પેઢીઓનો વારસો બચાવીએ છીએ. આજે એક બિનજરૂરી બગાડતી ટેવ ઘટાડો.",Premium greeting-card artwork for Nature Appreciation Day; cultural context: Indian; mood: Nature; season: Summer; elegant composition with clear bilingual text space; authentic details; no text inside artwork.,Monsoon Green,Nature Canvas,Summer,EN+GU,Draft,1.0,Evergreen,Nature,"Nature Appreciation Day is presented in this working calendar as a day for thoughtful reflection, cultural respect and positive action.",Natural spoken Gujarati — reviewed,EVERGREEN-120
2026-06-30,Tuesday,Purposeful Day,હેતુપૂર્ણ દિવસ,Everyday Inspiration,Indian,Purpose,3,"On this Tuesday, when the purpose is clear, ordinary work begins to feel meaningful. Choose one worthwhile task and do it well today.","આ મંગળવારના દિવસે, મન એકાગ્ર હોય તો સામાન્ય દિવસ પણ કામનો બની જાય છે. આજે એક સારું કામ પસંદ કરો અને દિલથી પૂરું કરો.",Premium greeting-card artwork for Purposeful Day; cultural context: Indian; mood: Purpose; season: Summer; elegant composition with clear bilingual text space; authentic details; no text inside artwork.,Heritage Sandstone,Modern Editorial,Summer,EN+GU,Draft,1.0,Evergreen,Purpose,"Purposeful Day is presented in this working calendar as a day for thoughtful reflection, cultural respect and positive action.",Natural spoken Gujarati — reviewed,EVERGREEN-121
2026-07-01,Wednesday,National Doctors' Day,રાષ્ટ્રીય ડોક્ટર્સ દિવસ,Professional Appreciation,Indian,Gratitude,1,"Let the meaning of National Doctors' Day guide us toward responsibility, respect and thoughtful action.","રાષ્ટ્રીય ડોક્ટર્સ દિવસનો અર્થ આપણને જવાબદારી, સન્માન અને વિચારપૂર્વકના કાર્ય તરફ દોરી જાય.",Premium greeting-card artwork for National Doctors' Day; cultural context: Indian; mood: Gratitude; season: Monsoon; elegant composition with clear bilingual text space; authentic details; no text inside artwork.,Peacock Royal,Modern Editorial,Monsoon,EN+GU,Draft,1.0,Named Occasion,Gratitude,"National Doctors' Day is presented in this working calendar as a day for thoughtful reflection, cultural respect and positive action.",Festival wording — review before final,OCCASION-2026-07-01
2026-07-02,Thursday,Character Day,ચારિત્ર્ય દિવસ,Indian Values,Indian,Integrity,3,"On this Thursday, the strongest reputation begins with private honesty. Do the right thing even when it brings no applause.","આ ગુરુવારના દિવસે, સાચી ઈમાનદારી એ છે કે એકલા હોઈએ ત્યારે પણ ખોટું ન કરીએ. વખાણ ન મળે તો પણ સાચું કામ કરો.",Premium greeting-card artwork for Gratitude Day; cultural context: Indian; mood: Gratitude; season: Monsoon; elegant composition with clear bilingual text space; authentic details; no text inside artwork.,Heritage Sandstone,Classic Heritage,Monsoon,EN+GU,Draft,1.0,Evergreen,Integrity,"Gratitude Day is presented in this working calendar as a day for thoughtful reflection, cultural respect and positive action.",Natural spoken Gujarati — reviewed,EVERGREEN-122
2026-07-03,Friday,Gratitude Day,કૃતજ્ઞતા દિવસ,Indian Values,Indian,Gratitude,3,"On this Friday, a thankful heart sees abundance where others see routine. Pause today and thank someone whose care often goes unnoticed.","આ શુક્રવારના દિવસે, કૃતજ્ઞ મન સામાન્ય બાબતમાં પણ આશીર્વાદ શોધી લે છે. આજે એવા કોઈને આભાર કહો, જેમની કાળજી આપણે ઘણી વાર સ્વાભાવિક માની લઈએ છીએ.",Premium greeting-card artwork for Learning Day; cultural context: Indian; mood: Wisdom; season: Monsoon; elegant composition with clear bilingual text space; authentic details; no text inside artwork.,Lotus Pink,Royal Greeting,Monsoon,EN+GU,Draft,1.0,Evergreen,Gratitude,"Learning Day is presented in this working calendar as a day for thoughtful reflection, cultural respect and positive action.",Natural spoken Gujarati — reviewed,EVERGREEN-123
2026-07-04,Saturday,Learning Day,શીખવાનો દિવસ,Education,Indian,Wisdom,3,"On this Saturday, learning continues when curiosity remains stronger than ego. Ask one question today without being afraid of not knowing.","આ શનિવારના દિવસે, અહંકાર કરતાં જિજ્ઞાસા મોટી રહે ત્યારે શીખવાનું ચાલુ રહે છે. આજે કંઈ ખબર ન હોય તો નિઃસંકોચ પૂછો.",Premium greeting-card artwork for Kindness Day; cultural context: Indian; mood: Compassion; season: Monsoon; elegant composition with clear bilingual text space; authentic details; no text inside artwork.,Peacock Royal,Modern Editorial,Monsoon,EN+GU,Draft,1.0,Evergreen,Wisdom,"Kindness Day is presented in this working calendar as a day for thoughtful reflection, cultural respect and positive action.",Natural spoken Gujarati — reviewed,EVERGREEN-124
2026-07-05,Sunday,Kindness Day,દયાનો દિવસ,Social Values,Indian,Compassion,3,"On this Sunday, gentle words often reach places that advice cannot. Offer help before someone has to ask twice.","આ રવિવારના દિવસે, ક્યારેક બે મીઠા શબ્દો મોટી સલાહ કરતાં વધુ અસર કરે છે. કોઈને વારંવાર કહેવું ન પડે તે પહેલાં મદદનો હાથ આપો.",Premium greeting-card artwork for Discipline Day; cultural context: Indian; mood: Determination; season: Monsoon; elegant composition with clear bilingual text space; authentic details; no text inside artwork.,Lotus Pink,Royal Greeting,Monsoon,EN+GU,Draft,1.0,Evergreen,Compassion,"Discipline Day is presented in this working calendar as a day for thoughtful reflection, cultural respect and positive action.",Natural spoken Gujarati — reviewed,EVERGREEN-125
2026-07-06,Monday,Discipline Day,શિસ્ત દિવસ,Work Ethics,Indian,Determination,3,"On this Monday, consistency matters more than occasional bursts of effort. Complete the task you have been postponing.","આ સોમવારના દિવસે, ક્યારેક બહુ મહેનત કરતાં રોજ થોડું સતત કરવું વધુ કામ આવે છે. જે કામ વારંવાર મુલતવી રાખ્યું છે તે આજે પૂરું કરો.",Premium greeting-card artwork for Family Values Day; cultural context: Indian; mood: Affection; season: Monsoon; elegant composition with clear bilingual text space; authentic details; no text inside artwork.,Midnight Indigo,Modern Editorial,Monsoon,EN+GU,Draft,1.0,Evergreen,Determination,"Family Values Day is presented in this working calendar as a day for thoughtful reflection, cultural respect and positive action.",Natural spoken Gujarati — reviewed,EVERGREEN-126
2026-07-07,Tuesday,Family Values Day,પરિવાર મૂલ્યો દિવસ,Family,Indian,Affection,3,"On this Tuesday, love feels safest when people are heard without judgment. Give someone at home your full attention today.","આ મંગળવારના દિવસે, નિર્ણય કર્યા વગર સાંભળવામાં આવે ત્યારે પ્રેમ વધુ સુરક્ષિત લાગે છે. આજે ઘરના કોઈને થોડો સમય પૂરા ધ્યાનથી સાંભળો.",Premium greeting-card artwork for Service Day; cultural context: Indian; mood: Service; season: Monsoon; elegant composition with clear bilingual text space; authentic details; no text inside artwork.,Lotus Pink,Royal Greeting,Monsoon,EN+GU,Draft,1.0,Evergreen,Affection,"Service Day is presented in this working calendar as a day for thoughtful reflection, cultural respect and positive action.",Natural spoken Gujarati — reviewed,EVERGREEN-127
2026-07-08,Wednesday,Service Day,સેવાનો દિવસ,Social Responsibility,Indian,Service,3,"On this Wednesday, useful work done quietly often creates the deepest impact. Do one useful thing today without announcing it.","આ બુધવારના દિવસે, શાંતિથી કરેલું કામ ઘણી વાર સૌથી ઊંડી અસર કરે છે. આજે એક કામ કોઈને કહ્યા વગર કરી આપો.",Premium greeting-card artwork for Patience Day; cultural context: Indian; mood: Calm; season: Monsoon; elegant composition with clear bilingual text space; authentic details; no text inside artwork.,Royal Saffron,Classic Heritage,Monsoon,EN+GU,Draft,1.0,Evergreen,Service,"Patience Day is presented in this working calendar as a day for thoughtful reflection, cultural respect and positive action.",Natural spoken Gujarati — reviewed,EVERGREEN-128
2026-07-09,Thursday,Patience Day,ધીરજ દિવસ,Everyday Inspiration,Indian,Calm,3,"On this Thursday, some results need time even when the work is being done correctly. Continue the process without judging it too early.","આ ગુરુવારના દિવસે, કામ સાચું ચાલતું હોય તો પણ કેટલાક પરિણામને સમય લાગે છે. પરિણામ વહેલું ન દેખાય તો પણ પ્રક્રિયા ચાલુ રાખો.",Premium greeting-card artwork for Unity Day; cultural context: Indian; mood: Unity; season: Monsoon; elegant composition with clear bilingual text space; authentic details; no text inside artwork.,Monsoon Green,Spiritual Serenity,Monsoon,EN+GU,Draft,1.0,Evergreen,Calm,"Unity Day is presented in this working calendar as a day for thoughtful reflection, cultural respect and positive action.",Natural spoken Gujarati — reviewed,EVERGREEN-129
2026-07-10,Friday,Unity Day,એકતા દિવસ,Indian Values,Indian,Unity,3,"On this Friday, unity does not require sameness; it requires cooperation. Work with someone whose approach differs from yours.","આ શુક્રવારના દિવસે, એકતા માટે બધાં સરખાં હોવું જરૂરી નથી; સાથે કામ કરવાની તૈયારી જરૂરી છે. આજે તમારી રીતથી અલગ રીતે કામ કરનાર સાથે સહકાર આપો.",Premium greeting-card artwork for Courage Day; cultural context: Indian; mood: Courage; season: Monsoon; elegant composition with clear bilingual text space; authentic details; no text inside artwork.,Royal Saffron,Classic Heritage,Monsoon,EN+GU,Draft,1.0,Evergreen,Unity,"Courage Day is presented in this working calendar as a day for thoughtful reflection, cultural respect and positive action.",Natural spoken Gujarati — reviewed,EVERGREEN-130
2026-07-11,Saturday,World Population Day,વિશ્વ વસ્તી દિવસ,Global Awareness,Global,Responsibility,1,"Let the meaning of World Population Day guide us toward responsibility, respect and thoughtful action.","વિશ્વ વસ્તી દિવસનો અર્થ આપણને જવાબદારી, સન્માન અને વિચારપૂર્વકના કાર્ય તરફ દોરી જાય.",Premium greeting-card artwork for World Population Day; cultural context: Global; mood: Responsibility; season: Monsoon; elegant composition with clear bilingual text space; authentic details; no text inside artwork.,Heritage Sandstone,Modern Editorial,Monsoon,EN+GU,Draft,1.0,Named Occasion,Responsibility,"World Population Day is presented in this working calendar as a day for thoughtful reflection, cultural respect and positive action.",Festival wording — review before final,OCCASION-2026-07-11
2026-07-12,Sunday,Courage Day,હિંમત દિવસ,Everyday Inspiration,Indian,Courage,3,"On this Sunday, bravery begins when fear is acknowledged but not obeyed. Take the necessary step even if confidence is not perfect.","આ રવિવારના દિવસે, ડર હોવા છતાં તેની આજ્ઞા ન માનવી એ જ બહાદુરીની શરૂઆત છે. પૂરો આત્મવિશ્વાસ ન હોય તો પણ જરૂરી પગલું भरो.",Premium greeting-card artwork for Purposeful Day; cultural context: Indian; mood: Purpose; season: Monsoon; elegant composition with clear bilingual text space; authentic details; no text inside artwork.,Midnight Indigo,Modern Editorial,Monsoon,EN+GU,Draft,1.0,Evergreen,Courage,"Purposeful Day is presented in this working calendar as a day for thoughtful reflection, cultural respect and positive action.",Natural spoken Gujarati — reviewed,EVERGREEN-131
2026-07-13,Monday,Nature Appreciation Day,પ્રકૃતિ કદર દિવસ,Environment,Indian,Nature,3,"On this Monday, nature gives quietly, but its loss is felt by everyone. Reduce one avoidable wasteful habit today.","આ સોમવારના દિવસે, પ્રકૃતિ શાંતિથી આપતી રહે છે, પણ તેનો નુકસાન બધાને સહન કરવું પડે છે. આજે એક બિનજરૂરી બગાડતી ટેવ ઘટાડો.",Premium greeting-card artwork for Character Day; cultural context: Indian; mood: Integrity; season: Monsoon; elegant composition with clear bilingual text space; authentic details; no text inside artwork.,Monsoon Green,Nature Canvas,Monsoon,EN+GU,Draft,1.0,Evergreen,Nature,"Character Day is presented in this working calendar as a day for thoughtful reflection, cultural respect and positive action.",Natural spoken Gujarati — reviewed,EVERGREEN-132
2026-07-14,Tuesday,Purposeful Day,હેતુપૂર્ણ દિવસ,Everyday Inspiration,Indian,Purpose,3,"On this Tuesday, a focused mind turns a simple day into useful progress. Choose one worthwhile task and do it well today.","આ મંગળવારના દિવસે, શું કરવું છે તે નક્કી હોય તો મહેનતનો દરેક પગલું અર્થપૂર્ણ બને છે. આજે એક સારું કામ પસંદ કરો અને દિલથી પૂરું કરો.",Premium greeting-card artwork for Gratitude Day; cultural context: Indian; mood: Gratitude; season: Monsoon; elegant composition with clear bilingual text space; authentic details; no text inside artwork.,Heritage Sandstone,Modern Editorial,Monsoon,EN+GU,Draft,1.0,Evergreen,Purpose,"Gratitude Day is presented in this working calendar as a day for thoughtful reflection, cultural respect and positive action.",Natural spoken Gujarati — reviewed,EVERGREEN-133
2026-07-15,Wednesday,Character Day,ચારિત્ર્ય દિવસ,Indian Values,Indian,Integrity,3,"On this Wednesday, good character is built quietly, one decision at a time. Do the right thing even when it brings no applause.","આ બુધવારના દિવસે, સારા સંસ્કાર મોટા પ્રસંગે નહીં, રોજની નાની પસંદગીઓમાં દેખાય છે. વખાણ ન મળે તો પણ સાચું કામ કરો.",Premium greeting-card artwork for Learning Day; cultural context: Indian; mood: Wisdom; season: Monsoon; elegant composition with clear bilingual text space; authentic details; no text inside artwork.,Heritage Sandstone,Classic Heritage,Monsoon,EN+GU,Draft,1.0,Evergreen,Integrity,"Learning Day is presented in this working calendar as a day for thoughtful reflection, cultural respect and positive action.",Natural spoken Gujarati — reviewed,EVERGREEN-134
2026-07-16,Thursday,Gratitude Day,કૃતજ્ઞતા દિવસ,Indian Values,Indian,Gratitude,3,"On this Thursday, appreciation brings peace without reducing ambition. Pause today and thank someone whose care often goes unnoticed.","આ ગુરુવારના દિવસે, જે મળ્યું છે તેની કદર કરવાથી આગળ વધવાની ઇચ્છા ઓછી થતી નથી, મન શાંત બને છે. આજે એવા કોઈને આભાર કહો, જેમની કાળજી આપણે ઘણી વાર સ્વાભાવિક માની લઈએ છીએ.",Premium greeting-card artwork for Kindness Day; cultural context: Indian; mood: Compassion; season: Monsoon; elegant composition with clear bilingual text space; authentic details; no text inside artwork.,Lotus Pink,Royal Greeting,Monsoon,EN+GU,Draft,1.0,Evergreen,Gratitude,"Kindness Day is presented in this working calendar as a day for thoughtful reflection, cultural respect and positive action.",Natural spoken Gujarati — reviewed,EVERGREEN-135
2026-07-17,Friday,World Emoji Day,વિશ્વ ઇમોજી દિવસ,Digital Culture,Global,Playfulness,1,"Let the meaning of World Emoji Day guide us toward responsibility, respect and thoughtful action.","વિશ્વ ઇમોજી દિવસનો અર્થ આપણને જવાબદારી, સન્માન અને વિચારપૂર્વકના કાર્ય તરફ દોરી જાય.",Premium greeting-card artwork for World Emoji Day; cultural context: Global; mood: Playfulness; season: Monsoon; elegant composition with clear bilingual text space; authentic details; no text inside artwork.,Lotus Pink,Modern Editorial,Monsoon,EN+GU,Draft,1.0,Named Occasion,Playfulness,"World Emoji Day is presented in this working calendar as a day for thoughtful reflection, cultural respect and positive action.",Festival wording — review before final,OCCASION-2026-07-17
2026-07-18,Saturday,Learning Day,શીખવાનો દિવસ,Education,Indian,Wisdom,3,"On this Saturday, a thoughtful question can open a new direction. Ask one question today without being afraid of not knowing.","આ શનિવારના દિવસે, સાચો પ્રશ્ન નવી દિશાનો દરવાજો ખોલી શકે છે. આજે કંઈ ખબર ન હોય તો નિઃસંકોચ પૂછો.",Premium greeting-card artwork for Family Values Day; cultural context: Indian; mood: Affection; season: Monsoon; elegant composition with clear bilingual text space; authentic details; no text inside artwork.,Peacock Royal,Modern Editorial,Monsoon,EN+GU,Draft,1.0,Evergreen,Wisdom,"Family Values Day is presented in this working calendar as a day for thoughtful reflection, cultural respect and positive action.",Natural spoken Gujarati — reviewed,EVERGREEN-136
2026-07-19,Sunday,Kindness Day,દયાનો દિવસ,Social Values,Indian,Compassion,3,"On this Sunday, kindness becomes meaningful when it is timely and practical. Offer help before someone has to ask twice.","આ રવિવારના દિવસે, સમયસર અને કામની મદદ જ દયાને સાચો અર્થ આપે છે. કોઈને વારંવાર કહેવું ન પડે તે પહેલાં મદદનો હાથ આપો.",Premium greeting-card artwork for Service Day; cultural context: Indian; mood: Service; season: Monsoon; elegant composition with clear bilingual text space; authentic details; no text inside artwork.,Lotus Pink,Royal Greeting,Monsoon,EN+GU,Draft,1.0,Evergreen,Compassion,"Service Day is presented in this working calendar as a day for thoughtful reflection, cultural respect and positive action.",Natural spoken Gujarati — reviewed,EVERGREEN-137
2026-07-20,Monday,International Chess Day,આંતરરાષ્ટ્રીય શતરંજ દિવસ,Sports and Mind,Global,Strategy,1,"Let the meaning of International Chess Day guide us toward responsibility, respect and thoughtful action.","આંતરરાષ્ટ્રીય શતરંજ દિવસનો અર્થ આપણને જવાબદારી, સન્માન અને વિચારપૂર્વકના કાર્ય તરફ દોરી જાય.",Premium greeting-card artwork for International Chess Day; cultural context: Global; mood: Strategy; season: Monsoon; elegant composition with clear bilingual text space; authentic details; no text inside artwork.,Midnight Indigo,Modern Editorial,Monsoon,EN+GU,Draft,1.0,Named Occasion,Strategy,"International Chess Day is presented in this working calendar as a day for thoughtful reflection, cultural respect and positive action.",Festival wording — review before final,OCCASION-2026-07-20
2026-07-21,Tuesday,Discipline Day,શિસ્ત દિવસ,Work Ethics,Indian,Determination,3,"On this Tuesday, a steady routine protects important goals from changing moods. Complete the task you have been postponing.","આ મંગળવારના દિવસે, મન બદલાય તો પણ સારી ટેવ લક્ષ્યને રસ્તા પર રાખે છે. જે કામ વારંવાર મુલતવી રાખ્યું છે તે આજે પૂરું કરો.",Premium greeting-card artwork for Unity Day; cultural context: Indian; mood: Unity; season: Monsoon; elegant composition with clear bilingual text space; authentic details; no text inside artwork.,Midnight Indigo,Modern Editorial,Monsoon,EN+GU,Draft,1.0,Evergreen,Determination,"Unity Day is presented in this working calendar as a day for thoughtful reflection, cultural respect and positive action.",Natural spoken Gujarati — reviewed,EVERGREEN-138
2026-07-22,Wednesday,Family Values Day,પરિવાર મૂલ્યો દિવસ,Family,Indian,Affection,3,"On this Wednesday, family bonds grow through ordinary moments of presence. Give someone at home your full attention today.","આ બુધવારના દિવસે, પરિવારનો સ્નેહ મોટા પ્રસંગોથી નહીં, રોજની સાથે રહેલી ક્ષણોથી વધે છે. આજે ઘરના કોઈને થોડો સમય પૂરા ધ્યાનથી સાંભળો.",Premium greeting-card artwork for Courage Day; cultural context: Indian; mood: Courage; season: Monsoon; elegant composition with clear bilingual text space; authentic details; no text inside artwork.,Lotus Pink,Royal Greeting,Monsoon,EN+GU,Draft,1.0,Evergreen,Affection,"Courage Day is presented in this working calendar as a day for thoughtful reflection, cultural respect and positive action.",Natural spoken Gujarati — reviewed,EVERGREEN-139
2026-07-23,Thursday,Service Day,સેવાનો દિવસ,Social Responsibility,Indian,Service,3,"On this Thursday, helping others is strongest when dignity is preserved. Do one useful thing today without announcing it.","આ ગુરુવારના દિવસે, મદદ એવી હોવી જોઈએ કે સામેના માણસનું માન જળવાઈ રહે. આજે એક કામ કોઈને કહ્યા વગર કરી આપો.",Premium greeting-card artwork for Nature Appreciation Day; cultural context: Indian; mood: Nature; season: Monsoon; elegant composition with clear bilingual text space; authentic details; no text inside artwork.,Royal Saffron,Classic Heritage,Monsoon,EN+GU,Draft,1.0,Evergreen,Service,"Nature Appreciation Day is presented in this working calendar as a day for thoughtful reflection, cultural respect and positive action.",Natural spoken Gujarati — reviewed,EVERGREEN-140
2026-07-24,Friday,Patience Day,ધીરજ દિવસ,Everyday Inspiration,Indian,Calm,3,"On this Friday, calm persistence often succeeds where hurried pressure fails. Continue the process without judging it too early.","આ શુક્રવારના દિવસે, ઉતાવળ જ્યાં અટકી જાય છે ત્યાં શાંતિથી કરેલો સતત પ્રયત્ન જીતે છે. પરિણામ વહેલું ન દેખાય તો પણ પ્રક્રિયા ચાલુ રાખો.",Premium greeting-card artwork for Purposeful Day; cultural context: Indian; mood: Purpose; season: Monsoon; elegant composition with clear bilingual text space; authentic details; no text inside artwork.,Monsoon Green,Spiritual Serenity,Monsoon,EN+GU,Draft,1.0,Evergreen,Calm,"Purposeful Day is presented in this working calendar as a day for thoughtful reflection, cultural respect and positive action.",Natural spoken Gujarati — reviewed,EVERGREEN-141
2026-07-25,Saturday,Unity Day,એકતા દિવસ,Indian Values,Indian,Unity,3,"On this Saturday, communities grow when people protect both identity and mutual trust. Work with someone whose approach differs from yours.","આ શનિવારના દિવસે, પોતાની ઓળખ જાળવીને પણ એકબીજાનો વિશ્વાસ રાખીએ ત્યારે સમાજ મજબૂત બને છે. આજે તમારી રીતથી અલગ રીતે કામ કરનાર સાથે સહકાર આપો.",Premium greeting-card artwork for Character Day; cultural context: Indian; mood: Integrity; season: Monsoon; elegant composition with clear bilingual text space; authentic details; no text inside artwork.,Royal Saffron,Classic Heritage,Monsoon,EN+GU,Draft,1.0,Evergreen,Unity,"Character Day is presented in this working calendar as a day for thoughtful reflection, cultural respect and positive action.",Natural spoken Gujarati — reviewed,EVERGREEN-142
2026-07-26,Sunday,Kargil Vijay Diwas,કારગિલ વિજય દિવસ,National Remembrance,Indian,Pride,1,"Let the meaning of Kargil Vijay Diwas guide us toward responsibility, respect and thoughtful action.","કારગિલ વિજય દિવસનો અર્થ આપણને જવાબદારી, સન્માન અને વિચારપૂર્વકના કાર્ય તરફ દોરી જાય.",Premium greeting-card artwork for Kargil Vijay Diwas; cultural context: Indian; mood: Pride; season: Monsoon; elegant composition with clear bilingual text space; authentic details; no text inside artwork.,Heritage Sandstone,Classic Heritage,Monsoon,EN+GU,Draft,1.0,Named Occasion,Pride,"Kargil Vijay Diwas is presented in this working calendar as a day for thoughtful reflection, cultural respect and positive action.",Festival wording — review before final,OCCASION-2026-07-26
2026-07-27,Monday,Courage Day,હિંમત દિવસ,Everyday Inspiration,Indian,Courage,3,"On this Monday, the next honest step matters more than complete certainty. Take the necessary step even if confidence is not perfect.","આ સોમવારના દિવસે, બધી ખાતરી મળવાની રાહ કરતાં આગળનું સાચું પગલું વધુ મહત્વનું છે. પૂરો આત્મવિશ્વાસ ન હોય તો પણ જરૂરી પગલું भरो.",Premium greeting-card artwork for Learning Day; cultural context: Indian; mood: Wisdom; season: Monsoon; elegant composition with clear bilingual text space; authentic details; no text inside artwork.,Midnight Indigo,Modern Editorial,Monsoon,EN+GU,Draft,1.0,Evergreen,Courage,"Learning Day is presented in this working calendar as a day for thoughtful reflection, cultural respect and positive action.",Natural spoken Gujarati — reviewed,EVERGREEN-143
2026-07-28,Tuesday,Nature Appreciation Day,પ્રકૃતિ કદર દિવસ,Environment,Indian,Nature,3,"On this Tuesday, a healthy environment begins with ordinary responsible habits. Reduce one avoidable wasteful habit today.","આ મંગળવારના દિવસે, સ્વસ્થ પર્યાવરણની શરૂઆત રોજની જવાબદાર ટેવોથી થાય છે. આજે એક બિનજરૂરી બગાડતી ટેવ ઘટાડો.",Premium greeting-card artwork for Kindness Day; cultural context: Indian; mood: Compassion; season: Monsoon; elegant composition with clear bilingual text space; authentic details; no text inside artwork.,Monsoon Green,Nature Canvas,Monsoon,EN+GU,Draft,1.0,Evergreen,Nature,"Kindness Day is presented in this working calendar as a day for thoughtful reflection, cultural respect and positive action.",Natural spoken Gujarati — reviewed,EVERGREEN-144
2026-07-29,Wednesday,International Tiger Day • Guru Purnima,આંતરરાષ્ટ્રીય વાઘ દિવસ • ગુરુ પૂર્ણિમા,Environment and Spiritual,Indian,Respect,1,"Let the meaning of International Tiger Day • Guru Purnima guide us toward responsibility, respect and thoughtful action.","આંતરરાષ્ટ્રીય વાઘ દિવસ • ગુરુ પૂર્ણિમાનો અર્થ આપણને જવાબદારી, સન્માન અને વિચારપૂર્વકના કાર્ય તરફ દોરી જાય.",Premium greeting-card artwork for International Tiger Day • Guru Purnima; cultural context: Indian; mood: Respect; season: Monsoon; elegant composition with clear bilingual text space; authentic details; no text inside artwork.,Peacock Royal,Spiritual Serenity,Monsoon,EN+GU,Draft,1.0,Named Occasion,Respect,"International Tiger Day • Guru Purnima is presented in this working calendar as a day for thoughtful reflection, cultural respect and positive action.",Festival wording — review before final,OCCASION-2026-07-29
2026-07-30,Thursday,International Day of Friendship,આંતરરાષ્ટ્રીય મિત્રતા દિવસ,Social Values,Global,Connection,1,"Let the meaning of International Day of Friendship guide us toward responsibility, respect and thoughtful action.","આંતરરાષ્ટ્રીય મિત્રતા દિવસનો અર્થ આપણને જવાબદારી, સન્માન અને વિચારપૂર્વકના કાર્ય તરફ દોરી જાય.",Premium greeting-card artwork for International Day of Friendship; cultural context: Global; mood: Connection; season: Monsoon; elegant composition with clear bilingual text space; authentic details; no text inside artwork.,Lotus Pink,Royal Greeting,Monsoon,EN+GU,Draft,1.0,Named Occasion,Connection,"International Day of Friendship is presented in this working calendar as a day for thoughtful reflection, cultural respect and positive action.",Festival wording — review before final,OCCASION-2026-07-30
2026-07-31,Friday,Purposeful Day,હેતુપૂર્ણ દિવસ,Everyday Inspiration,Indian,Purpose,3,"On this Friday, a clear purpose gives direction to even the smallest effort. Let today move you one honest step closer to what matters.","આ શુક્રવારના દિવસે, હેતુ સ્પષ્ટ હોય તો નાનો પ્રયત્ન પણ સાચી દિશામાં આગળ વધે છે. આજે જે ખરેખર મહત્વનું છે તેની તરફ એક સાચું પગલું भरो.",Premium greeting-card artwork for Service Day; cultural context: Indian; mood: Service; season: Monsoon; elegant composition with clear bilingual text space; authentic details; no text inside artwork.,Heritage Sandstone,Modern Editorial,Monsoon,EN+GU,Draft,1.0,Evergreen,Purpose,"Service Day is presented in this working calendar as a day for thoughtful reflection, cultural respect and positive action.",Natural spoken Gujarati — reviewed,EVERGREEN-145
2026-08-01,Saturday,Character Day,ચારિત્ર્ય દિવસ,Indian Values,Indian,Integrity,3,"On this Saturday, character grows through choices made when no one is watching. Let honesty guide the choice that only you will know about.","આ શનિવારના દિવસે, કોઈ જોઈ રહ્યું ન હોય ત્યારે કરેલી સાચી પસંદગીથી ચારિત્ર્ય બને છે. જે નિર્ણય વિશે માત્ર તમને જ ખબર હોય તેમાં પણ ઈમાનદારી રાખો.",Premium greeting-card artwork for Patience Day; cultural context: Indian; mood: Calm; season: Monsoon; elegant composition with clear bilingual text space; authentic details; no text inside artwork.,Heritage Sandstone,Classic Heritage,Monsoon,EN+GU,Draft,1.0,Evergreen,Integrity,"Patience Day is presented in this working calendar as a day for thoughtful reflection, cultural respect and positive action.",Natural spoken Gujarati — reviewed,EVERGREEN-146
2026-08-02,Sunday,Friendship Day,મિત્રતા દિવસ,Social Celebration,Global,Connection,1,"Let the meaning of Friendship Day guide us toward responsibility, respect and thoughtful action.","મિત્રતા દિવસનો અર્થ આપણને જવાબદારી, સન્માન અને વિચારપૂર્વકના કાર્ય તરફ દોરી જાય.",Premium greeting-card artwork for Friendship Day; cultural context: Global; mood: Connection; season: Monsoon; elegant composition with clear bilingual text space; authentic details; no text inside artwork.,Lotus Pink,Royal Greeting,Monsoon,EN+GU,Draft,1.0,Named Occasion,Connection,"Friendship Day is presented in this working calendar as a day for thoughtful reflection, cultural respect and positive action.",Festival wording — review before final,OCCASION-2026-08-02
2026-08-03,Monday,Gratitude Day,કૃતજ્ઞતા દિવસ,Indian Values,Indian,Gratitude,3,"On this Monday, gratitude makes ordinary blessings easier to notice. Notice one simple blessing before asking for more.","આ સોમવારના દિવસે, આભાર માનવાની ટેવ હોય તો રોજિંદી નાની ખુશીઓ પણ દેખાય છે. વધુ માંગતા પહેલાં આજે મળેલી એક સારી બાબતને દિલથી યાદ કરો.",Premium greeting-card artwork for Courage Day; cultural context: Indian; mood: Courage; season: Monsoon; elegant composition with clear bilingual text space; authentic details; no text inside artwork.,Lotus Pink,Royal Greeting,Monsoon,EN+GU,Draft,1.0,Evergreen,Gratitude,"Courage Day is presented in this working calendar as a day for thoughtful reflection, cultural respect and positive action.",Natural spoken Gujarati — reviewed,EVERGREEN-147
2026-08-04,Tuesday,Learning Day,શીખવાનો દિવસ,Education,Indian,Wisdom,3,"On this Tuesday, every difficulty can teach something that comfort cannot. Let a mistake become a lesson instead of a burden.","આ મંગળવારના દિવસે, મુશ્કેલી ઘણી વાર એવી વાત શીખવે છે જે આરામમાં ક્યારેય સમજાતી નથી. ભૂલને ભાર ન બનાવો; તેને પાઠ બનાવી આગળ વધો.",Premium greeting-card artwork for Nature Appreciation Day; cultural context: Indian; mood: Nature; season: Monsoon; elegant composition with clear bilingual text space; authentic details; no text inside artwork.,Peacock Royal,Modern Editorial,Monsoon,EN+GU,Draft,1.0,Evergreen,Wisdom,"Nature Appreciation Day is presented in this working calendar as a day for thoughtful reflection, cultural respect and positive action.",Natural spoken Gujarati — reviewed,EVERGREEN-148
2026-08-05,Wednesday,Kindness Day,દયાનો દિવસ,Social Values,Indian,Compassion,3,"On this Wednesday, a small kindness can become the best part of someone's day. Speak today in a way that leaves the other person lighter.","આ બુધવારના દિવસે, દયાનો નાનો હાવભાવ પણ કોઈના આખા દિવસને સુંદર બનાવી શકે છે. આજે એવી રીતે બોલો કે સામેનું મન થોડું હળવું થાય.",Premium greeting-card artwork for Purposeful Day; cultural context: Indian; mood: Purpose; season: Monsoon; elegant composition with clear bilingual text space; authentic details; no text inside artwork.,Lotus Pink,Royal Greeting,Monsoon,EN+GU,Draft,1.0,Evergreen,Compassion,"Purposeful Day is presented in this working calendar as a day for thoughtful reflection, cultural respect and positive action.",Natural spoken Gujarati — reviewed,EVERGREEN-149
2026-08-06,Thursday,Discipline Day,શિસ્ત દિવસ,Work Ethics,Indian,Determination,3,"On this Thursday, discipline turns good intentions into dependable progress. Keep one promise you made to yourself today.","આ ગુરુવારના દિવસે, શિસ્ત સારા ઇરાદાને સાચી પ્રગતિમાં બદલે છે. આજે પોતાને આપેલું એક વચન જરૂર નિભાવો.",Premium greeting-card artwork for Character Day; cultural context: Indian; mood: Integrity; season: Monsoon; elegant composition with clear bilingual text space; authentic details; no text inside artwork.,Midnight Indigo,Modern Editorial,Monsoon,EN+GU,Draft,1.0,Evergreen,Determination,"Character Day is presented in this working calendar as a day for thoughtful reflection, cultural respect and positive action.",Natural spoken Gujarati — reviewed,EVERGREEN-150
2026-08-07,Friday,Family Values Day,પરિવાર મૂલ્યો દિવસ,Family,Indian,Affection,3,"On this Friday, strong families are built through time, respect and listening. Listen before offering a solution.","આ શુક્રવારના દિવસે, મજબૂત પરિવાર સમય, સન્માન અને એકબીજાને સાંભળવાથી બને છે. ઉકેલ આપતા પહેલાં તેમની વાત પૂરી સાંભળો.",Premium greeting-card artwork for Gratitude Day; cultural context: Indian; mood: Gratitude; season: Monsoon; elegant composition with clear bilingual text space; authentic details; no text inside artwork.,Lotus Pink,Royal Greeting,Monsoon,EN+GU,Draft,1.0,Evergreen,Affection,"Gratitude Day is presented in this working calendar as a day for thoughtful reflection, cultural respect and positive action.",Natural spoken Gujarati — reviewed,EVERGREEN-151
2026-08-08,Saturday,Service Day,સેવાનો દિવસ,Social Responsibility,Indian,Service,3,"On this Saturday, service becomes noble when humility is greater than recognition. Help in a way that respects the other person's independence.","આ શનિવારના દિવસે, પ્રસિદ્ધિ કરતાં વિનમ્રતા મોટી હોય ત્યારે સેવા મહાન બને છે. મદદ કરો, પણ સામેની વ્યક્તિની સ્વતંત્રતા અને માન જાળવો.",Premium greeting-card artwork for Learning Day; cultural context: Indian; mood: Wisdom; season: Monsoon; elegant composition with clear bilingual text space; authentic details; no text inside artwork.,Royal Saffron,Classic Heritage,Monsoon,EN+GU,Draft,1.0,Evergreen,Service,"Learning Day is presented in this working calendar as a day for thoughtful reflection, cultural respect and positive action.",Natural spoken Gujarati — reviewed,EVERGREEN-152
2026-08-09,Sunday,Patience Day,ધીરજ દિવસ,Everyday Inspiration,Indian,Calm,3,"On this Sunday, patience is steady effort without unnecessary anxiety. Give an important decision the time it deserves.","આ રવિવારના દિવસે, ધીરજ એટલે હાથ પર હાથ ધરી બેસવું નહીં; ચિંતા વગર સતત પ્રયત્ન કરવો. મહત્વના નિર્ણયને જેટલો સમય જોઈએ એટલો આપો.",Premium greeting-card artwork for Kindness Day; cultural context: Indian; mood: Compassion; season: Monsoon; elegant composition with clear bilingual text space; authentic details; no text inside artwork.,Monsoon Green,Spiritual Serenity,Monsoon,EN+GU,Draft,1.0,Evergreen,Calm,"Kindness Day is presented in this working calendar as a day for thoughtful reflection, cultural respect and positive action.",Natural spoken Gujarati — reviewed,EVERGREEN-153
2026-08-10,Monday,Unity Day,એકતા દિવસ,Indian Values,Indian,Unity,3,"On this Monday, differences become strength when respect remains common. Look for the shared purpose before debating the differences.","આ સોમવારના દિવસે, પરસ્પર સન્માન હોય તો ભિન્નતા પણ શક્તિ બની જાય છે. ભિન્નતા પર ચર્ચા કરતાં પહેલાં બંનેનો સામાન્ય હેતુ શોધો.",Premium greeting-card artwork for Discipline Day; cultural context: Indian; mood: Determination; season: Monsoon; elegant composition with clear bilingual text space; authentic details; no text inside artwork.,Royal Saffron,Classic Heritage,Monsoon,EN+GU,Draft,1.0,Evergreen,Unity,"Discipline Day is presented in this working calendar as a day for thoughtful reflection, cultural respect and positive action.",Natural spoken Gujarati — reviewed,EVERGREEN-154
2026-08-11,Tuesday,Courage Day,હિંમત દિવસ,Everyday Inspiration,Indian,Courage,3,"On this Tuesday, courage is often a quiet decision to do what is right. Say the truthful thing with respect.","આ મંગળવારના દિવસે, હિંમત ઘણી વાર શોર નહીં, પરંતુ સાચું કરવાની શાંત પસંદગી હોય છે. સન્માન સાથે સાચી વાત કહો.",Premium greeting-card artwork for Family Values Day; cultural context: Indian; mood: Affection; season: Monsoon; elegant composition with clear bilingual text space; authentic details; no text inside artwork.,Midnight Indigo,Modern Editorial,Monsoon,EN+GU,Draft,1.0,Evergreen,Courage,"Family Values Day is presented in this working calendar as a day for thoughtful reflection, cultural respect and positive action.",Natural spoken Gujarati — reviewed,EVERGREEN-155
2026-08-12,Wednesday,International Youth Day,આંતરરાષ્ટ્રીય યુવા દિવસ,Youth,Global,Inspiration,1,"Let the meaning of International Youth Day guide us toward responsibility, respect and thoughtful action.","આંતરરાષ્ટ્રીય યુવા દિવસનો અર્થ આપણને જવાબદારી, સન્માન અને વિચારપૂર્વકના કાર્ય તરફ દોરી જાય.",Premium greeting-card artwork for International Youth Day; cultural context: Global; mood: Inspiration; season: Monsoon; elegant composition with clear bilingual text space; authentic details; no text inside artwork.,Royal Saffron,Modern Editorial,Monsoon,EN+GU,Draft,1.0,Named Occasion,Inspiration,"International Youth Day is presented in this working calendar as a day for thoughtful reflection, cultural respect and positive action.",Festival wording — review before final,OCCASION-2026-08-12
2026-08-13,Thursday,Nature Appreciation Day,પ્રકૃતિ કદર દિવસ,Environment,Indian,Nature,3,"On this Thursday, caring for nature protects the inheritance of future generations. Leave a place cleaner than you found it.","આ ગુરુવારના દિવસે, પ્રકૃતિની કાળજી લઈએ ત્યારે આવતી પેઢીઓનો વારસો બચાવીએ છીએ. જ્યાં જાઓ તે જગ્યા પહેલાં કરતાં સ્વચ્છ રાખો.",Premium greeting-card artwork for Patience Day; cultural context: Indian; mood: Calm; season: Monsoon; elegant composition with clear bilingual text space; authentic details; no text inside artwork.,Monsoon Green,Nature Canvas,Monsoon,EN+GU,Draft,1.0,Evergreen,Nature,"Patience Day is presented in this working calendar as a day for thoughtful reflection, cultural respect and positive action.",Natural spoken Gujarati — reviewed,EVERGREEN-156
2026-08-14,Friday,Purposeful Day,હેતુપૂર્ણ દિવસ,Everyday Inspiration,Indian,Purpose,3,"On this Friday, when the purpose is clear, ordinary work begins to feel meaningful. Let today move you one honest step closer to what matters.","આ શુક્રવારના દિવસે, મન એકાગ્ર હોય તો સામાન્ય દિવસ પણ કામનો બની જાય છે. આજે જે ખરેખર મહત્વનું છે તેની તરફ એક સાચું પગલું भरो.",Premium greeting-card artwork for Unity Day; cultural context: Indian; mood: Unity; season: Monsoon; elegant composition with clear bilingual text space; authentic details; no text inside artwork.,Heritage Sandstone,Modern Editorial,Monsoon,EN+GU,Draft,1.0,Evergreen,Purpose,"Unity Day is presented in this working calendar as a day for thoughtful reflection, cultural respect and positive action.",Natural spoken Gujarati — reviewed,EVERGREEN-157
2026-08-15,Saturday,Independence Day,સ્વતંત્રતા દિવસ,National,Indian,Pride,1,"Freedom grows stronger when it is protected by responsibility, courage and respect for every citizen.","આઝાદીની સાચી કિંમત ત્યારે સમજાય, જ્યારે આપણે જવાબદારીથી જીવીએ અને દરેક નાગરિકનો સન્માન કરીએ.",Premium greeting-card artwork for Independence Day; cultural context: Indian; mood: Pride; season: Monsoon; elegant composition with clear bilingual text space; authentic details; no text inside artwork.,Royal Saffron,Classic Heritage,Monsoon,EN+GU,Draft,1.0,Named Occasion,Pride,"India celebrates independence from British rule on 15 August. The day remembers sacrifice, freedom and the responsibility to strengthen the nation through honest public conduct.",Festival wording — review before final,OCCASION-2026-08-15
2026-08-16,Sunday,Character Day,ચારિત્ર્ય દિવસ,Indian Values,Indian,Integrity,3,"On this Sunday, the strongest reputation begins with private honesty. Let honesty guide the choice that only you will know about.","આ રવિવારના દિવસે, સાચી ઈમાનદારી એ છે કે એકલા હોઈએ ત્યારે પણ ખોટું ન કરીએ. જે નિર્ણય વિશે માત્ર તમને જ ખબર હોય તેમાં પણ ઈમાનદારી રાખો.",Premium greeting-card artwork for Nature Appreciation Day; cultural context: Indian; mood: Nature; season: Monsoon; elegant composition with clear bilingual text space; authentic details; no text inside artwork.,Heritage Sandstone,Classic Heritage,Monsoon,EN+GU,Draft,1.0,Evergreen,Integrity,"Nature Appreciation Day is presented in this working calendar as a day for thoughtful reflection, cultural respect and positive action.",Natural spoken Gujarati — reviewed,EVERGREEN-158
2026-08-17,Monday,Gratitude Day,કૃતજ્ઞતા દિવસ,Indian Values,Indian,Gratitude,3,"On this Monday, a thankful heart sees abundance where others see routine. Notice one simple blessing before asking for more.","આ સોમવારના દિવસે, કૃતજ્ઞ મન સામાન્ય બાબતમાં પણ આશીર્વાદ શોધી લે છે. વધુ માંગતા પહેલાં આજે મળેલી એક સારી બાબતને દિલથી યાદ કરો.",Premium greeting-card artwork for Purposeful Day; cultural context: Indian; mood: Purpose; season: Monsoon; elegant composition with clear bilingual text space; authentic details; no text inside artwork.,Lotus Pink,Royal Greeting,Monsoon,EN+GU,Draft,1.0,Evergreen,Gratitude,"Purposeful Day is presented in this working calendar as a day for thoughtful reflection, cultural respect and positive action.",Natural spoken Gujarati — reviewed,EVERGREEN-159
2026-08-18,Tuesday,Learning Day,શીખવાનો દિવસ,Education,Indian,Wisdom,3,"On this Tuesday, learning continues when curiosity remains stronger than ego. Let a mistake become a lesson instead of a burden.","આ મંગળવારના દિવસે, અહંકાર કરતાં જિજ્ઞાસા મોટી રહે ત્યારે શીખવાનું ચાલુ રહે છે. ભૂલને ભાર ન બનાવો; તેને પાઠ બનાવી આગળ વધો.",Premium greeting-card artwork for Character Day; cultural context: Indian; mood: Integrity; season: Monsoon; elegant composition with clear bilingual text space; authentic details; no text inside artwork.,Peacock Royal,Modern Editorial,Monsoon,EN+GU,Draft,1.0,Evergreen,Wisdom,"Character Day is presented in this working calendar as a day for thoughtful reflection, cultural respect and positive action.",Natural spoken Gujarati — reviewed,EVERGREEN-160
2026-08-19,Wednesday,Kindness Day,દયાનો દિવસ,Social Values,Indian,Compassion,3,"On this Wednesday, gentle words often reach places that advice cannot. Speak today in a way that leaves the other person lighter.","આ બુધવારના દિવસે, ક્યારેક બે મીઠા શબ્દો મોટી સલાહ કરતાં વધુ અસર કરે છે. આજે એવી રીતે બોલો કે સામેનું મન થોડું હળવું થાય.",Premium greeting-card artwork for Gratitude Day; cultural context: Indian; mood: Gratitude; season: Monsoon; elegant composition with clear bilingual text space; authentic details; no text inside artwork.,Lotus Pink,Royal Greeting,Monsoon,EN+GU,Draft,1.0,Evergreen,Compassion,"Gratitude Day is presented in this working calendar as a day for thoughtful reflection, cultural respect and positive action.",Natural spoken Gujarati — reviewed,EVERGREEN-161
2026-08-20,Thursday,Discipline Day,શિસ્ત દિવસ,Work Ethics,Indian,Determination,3,"On this Thursday, consistency matters more than occasional bursts of effort. Keep one promise you made to yourself today.","આ ગુરુવારના દિવસે, ક્યારેક બહુ મહેનત કરતાં રોજ થોડું સતત કરવું વધુ કામ આવે છે. આજે પોતાને આપેલું એક વચન જરૂર નિભાવો.",Premium greeting-card artwork for Learning Day; cultural context: Indian; mood: Wisdom; season: Monsoon; elegant composition with clear bilingual text space; authentic details; no text inside artwork.,Midnight Indigo,Modern Editorial,Monsoon,EN+GU,Draft,1.0,Evergreen,Determination,"Learning Day is presented in this working calendar as a day for thoughtful reflection, cultural respect and positive action.",Natural spoken Gujarati — reviewed,EVERGREEN-162
2026-08-21,Friday,Family Values Day,પરિવાર મૂલ્યો દિવસ,Family,Indian,Affection,3,"On this Friday, love feels safest when people are heard without judgment. Listen before offering a solution.","આ શુક્રવારના દિવસે, નિર્ણય કર્યા વગર સાંભળવામાં આવે ત્યારે પ્રેમ વધુ સુરક્ષિત લાગે છે. ઉકેલ આપતા પહેલાં તેમની વાત પૂરી સાંભળો.",Premium greeting-card artwork for Kindness Day; cultural context: Indian; mood: Compassion; season: Monsoon; elegant composition with clear bilingual text space; authentic details; no text inside artwork.,Lotus Pink,Royal Greeting,Monsoon,EN+GU,Draft,1.0,Evergreen,Affection,"Kindness Day is presented in this working calendar as a day for thoughtful reflection, cultural respect and positive action.",Natural spoken Gujarati — reviewed,EVERGREEN-163
2026-08-22,Saturday,Service Day,સેવાનો દિવસ,Social Responsibility,Indian,Service,3,"On this Saturday, useful work done quietly often creates the deepest impact. Help in a way that respects the other person's independence.","આ શનિવારના દિવસે, શાંતિથી કરેલું કામ ઘણી વાર સૌથી ઊંડી અસર કરે છે. મદદ કરો, પણ સામેની વ્યક્તિની સ્વતંત્રતા અને માન જાળવો.",Premium greeting-card artwork for Discipline Day; cultural context: Indian; mood: Determination; season: Monsoon; elegant composition with clear bilingual text space; authentic details; no text inside artwork.,Royal Saffron,Classic Heritage,Monsoon,EN+GU,Draft,1.0,Evergreen,Service,"Discipline Day is presented in this working calendar as a day for thoughtful reflection, cultural respect and positive action.",Natural spoken Gujarati — reviewed,EVERGREEN-164
2026-08-23,Sunday,Patience Day,ધીરજ દિવસ,Everyday Inspiration,Indian,Calm,3,"On this Sunday, some results need time even when the work is being done correctly. Give an important decision the time it deserves.","આ રવિવારના દિવસે, કામ સાચું ચાલતું હોય તો પણ કેટલાક પરિણામને સમય લાગે છે. મહત્વના નિર્ણયને જેટલો સમય જોઈએ એટલો આપો.",Premium greeting-card artwork for Family Values Day; cultural context: Indian; mood: Affection; season: Monsoon; elegant composition with clear bilingual text space; authentic details; no text inside artwork.,Monsoon Green,Spiritual Serenity,Monsoon,EN+GU,Draft,1.0,Evergreen,Calm,"Family Values Day is presented in this working calendar as a day for thoughtful reflection, cultural respect and positive action.",Natural spoken Gujarati — reviewed,EVERGREEN-165
2026-08-24,Monday,Unity Day,એકતા દિવસ,Indian Values,Indian,Unity,3,"On this Monday, unity does not require sameness; it requires cooperation. Look for the shared purpose before debating the differences.","આ સોમવારના દિવસે, એકતા માટે બધાં સરખાં હોવું જરૂરી નથી; સાથે કામ કરવાની તૈયારી જરૂરી છે. ભિન્નતા પર ચર્ચા કરતાં પહેલાં બંનેનો સામાન્ય હેતુ શોધો.",Premium greeting-card artwork for Service Day; cultural context: Indian; mood: Service; season: Monsoon; elegant composition with clear bilingual text space; authentic details; no text inside artwork.,Royal Saffron,Classic Heritage,Monsoon,EN+GU,Draft,1.0,Evergreen,Unity,"Service Day is presented in this working calendar as a day for thoughtful reflection, cultural respect and positive action.",Natural spoken Gujarati — reviewed,EVERGREEN-166
2026-08-25,Tuesday,Courage Day,હિંમત દિવસ,Everyday Inspiration,Indian,Courage,3,"On this Tuesday, bravery begins when fear is acknowledged but not obeyed. Say the truthful thing with respect.","આ મંગળવારના દિવસે, ડર હોવા છતાં તેની આજ્ઞા ન માનવી એ જ બહાદુરીની શરૂઆત છે. સન્માન સાથે સાચી વાત કહો.",Premium greeting-card artwork for Patience Day; cultural context: Indian; mood: Calm; season: Monsoon; elegant composition with clear bilingual text space; authentic details; no text inside artwork.,Midnight Indigo,Modern Editorial,Monsoon,EN+GU,Draft,1.0,Evergreen,Courage,"Patience Day is presented in this working calendar as a day for thoughtful reflection, cultural respect and positive action.",Natural spoken Gujarati — reviewed,EVERGREEN-167
2026-08-26,Wednesday,Milad-un-Nabi,ઈદ-એ-મિલાદ,Religious Festival,Islamic,Peace,1,"Let the meaning of Milad-un-Nabi guide us toward responsibility, respect and thoughtful action.","ઈદ-એ-મિલાદનો અર્થ આપણને જવાબદારી, સન્માન અને વિચારપૂર્વકના કાર્ય તરફ દોરી જાય.",Premium greeting-card artwork for Milad-un-Nabi; cultural context: Islamic; mood: Peace; season: Monsoon; elegant composition with clear bilingual text space; authentic details; no text inside artwork.,Peacock Royal,Spiritual Serenity,Monsoon,EN+GU,Draft,1.0,Named Occasion,Peace,"Milad-un-Nabi is presented in this working calendar as a day for thoughtful reflection, cultural respect and positive action.",Festival wording — review before final,OCCASION-2026-08-26
2026-08-27,Thursday,Nature Appreciation Day,પ્રકૃતિ કદર દિવસ,Environment,Indian,Nature,3,"On this Thursday, nature gives quietly, but its loss is felt by everyone. Leave a place cleaner than you found it.","આ ગુરુવારના દિવસે, પ્રકૃતિ શાંતિથી આપતી રહે છે, પણ તેનો નુકસાન બધાને સહન કરવું પડે છે. જ્યાં જાઓ તે જગ્યા પહેલાં કરતાં સ્વચ્છ રાખો.",Premium greeting-card artwork for Courage Day; cultural context: Indian; mood: Courage; season: Monsoon; elegant composition with clear bilingual text space; authentic details; no text inside artwork.,Monsoon Green,Nature Canvas,Monsoon,EN+GU,Draft,1.0,Evergreen,Nature,"Courage Day is presented in this working calendar as a day for thoughtful reflection, cultural respect and positive action.",Natural spoken Gujarati — reviewed,EVERGREEN-168
2026-08-28,Friday,Raksha Bandhan,રક્ષાબંધન,Festival and Family,Indian,Affection,1,"Let the meaning of Raksha Bandhan guide us toward responsibility, respect and thoughtful action.","રક્ષાબંધનનો અર્થ આપણને જવાબદારી, સન્માન અને વિચારપૂર્વકના કાર્ય તરફ દોરી જાય.",Premium greeting-card artwork for Raksha Bandhan; cultural context: Indian; mood: Affection; season: Monsoon; elegant composition with clear bilingual text space; authentic details; no text inside artwork.,Lotus Pink,Royal Greeting,Monsoon,EN+GU,Draft,1.0,Named Occasion,Affection,"Raksha Bandhan is presented in this working calendar as a day for thoughtful reflection, cultural respect and positive action.",Festival wording — review before final,OCCASION-2026-08-28
2026-08-29,Saturday,Purposeful Day,હેતુપૂર્ણ દિવસ,Everyday Inspiration,Indian,Purpose,3,"On this Saturday, a focused mind turns a simple day into useful progress. Let today move you one honest step closer to what matters.","આ શનિવારના દિવસે, શું કરવું છે તે નક્કી હોય તો મહેનતનો દરેક પગલું અર્થપૂર્ણ બને છે. આજે જે ખરેખર મહત્વનું છે તેની તરફ એક સાચું પગલું भरो.",Premium greeting-card artwork for Purposeful Day; cultural context: Indian; mood: Purpose; season: Monsoon; elegant composition with clear bilingual text space; authentic details; no text inside artwork.,Heritage Sandstone,Modern Editorial,Monsoon,EN+GU,Draft,1.0,Evergreen,Purpose,"Purposeful Day is presented in this working calendar as a day for thoughtful reflection, cultural respect and positive action.",Natural spoken Gujarati — reviewed,EVERGREEN-169
2026-08-30,Sunday,Character Day,ચારિત્ર્ય દિવસ,Indian Values,Indian,Integrity,3,"On this Sunday, good character is built quietly, one decision at a time. Let honesty guide the choice that only you will know about.","આ રવિવારના દિવસે, સારા સંસ્કાર મોટા પ્રસંગે નહીં, રોજની નાની પસંદગીઓમાં દેખાય છે. જે નિર્ણય વિશે માત્ર તમને જ ખબર હોય તેમાં પણ ઈમાનદારી રાખો.",Premium greeting-card artwork for Character Day; cultural context: Indian; mood: Integrity; season: Monsoon; elegant composition with clear bilingual text space; authentic details; no text inside artwork.,Heritage Sandstone,Classic Heritage,Monsoon,EN+GU,Draft,1.0,Evergreen,Integrity,"Character Day is presented in this working calendar as a day for thoughtful reflection, cultural respect and positive action.",Natural spoken Gujarati — reviewed,EVERGREEN-170
2026-08-31,Monday,Gratitude Day,કૃતજ્ઞતા દિવસ,Indian Values,Indian,Gratitude,3,"On this Monday, appreciation brings peace without reducing ambition. Notice one simple blessing before asking for more.","આ સોમવારના દિવસે, જે મળ્યું છે તેની કદર કરવાથી આગળ વધવાની ઇચ્છા ઓછી થતી નથી, મન શાંત બને છે. વધુ માંગતા પહેલાં આજે મળેલી એક સારી બાબતને દિલથી યાદ કરો.",Premium greeting-card artwork for Gratitude Day; cultural context: Indian; mood: Gratitude; season: Monsoon; elegant composition with clear bilingual text space; authentic details; no text inside artwork.,Lotus Pink,Royal Greeting,Monsoon,EN+GU,Draft,1.0,Evergreen,Gratitude,"Gratitude Day is presented in this working calendar as a day for thoughtful reflection, cultural respect and positive action.",Natural spoken Gujarati — reviewed,EVERGREEN-171
2026-09-01,Tuesday,Learning Day,શીખવાનો દિવસ,Education,Indian,Wisdom,3,"On this Tuesday, a thoughtful question can open a new direction. Let a mistake become a lesson instead of a burden.","આ મંગળવારના દિવસે, સાચો પ્રશ્ન નવી દિશાનો દરવાજો ખોલી શકે છે. ભૂલને ભાર ન બનાવો; તેને પાઠ બનાવી આગળ વધો.",Premium greeting-card artwork for Learning Day; cultural context: Indian; mood: Wisdom; season: Monsoon; elegant composition with clear bilingual text space; authentic details; no text inside artwork.,Peacock Royal,Modern Editorial,Monsoon,EN+GU,Draft,1.0,Evergreen,Wisdom,"Learning Day is presented in this working calendar as a day for thoughtful reflection, cultural respect and positive action.",Natural spoken Gujarati — reviewed,EVERGREEN-172
2026-09-02,Wednesday,Kindness Day,દયાનો દિવસ,Social Values,Indian,Compassion,3,"On this Wednesday, kindness becomes meaningful when it is timely and practical. Speak today in a way that leaves the other person lighter.","આ બુધવારના દિવસે, સમયસર અને કામની મદદ જ દયાને સાચો અર્થ આપે છે. આજે એવી રીતે બોલો કે સામેનું મન થોડું હળવું થાય.",Premium greeting-card artwork for Kindness Day; cultural context: Indian; mood: Compassion; season: Monsoon; elegant composition with clear bilingual text space; authentic details; no text inside artwork.,Lotus Pink,Royal Greeting,Monsoon,EN+GU,Draft,1.0,Evergreen,Compassion,"Kindness Day is presented in this working calendar as a day for thoughtful reflection, cultural respect and positive action.",Natural spoken Gujarati — reviewed,EVERGREEN-173
2026-09-03,Thursday,Discipline Day,શિસ્ત દિવસ,Work Ethics,Indian,Determination,3,"On this Thursday, a steady routine protects important goals from changing moods. Keep one promise you made to yourself today.","આ ગુરુવારના દિવસે, મન બદલાય તો પણ સારી ટેવ લક્ષ્યને રસ્તા પર રાખે છે. આજે પોતાને આપેલું એક વચન જરૂર નિભાવો.",Premium greeting-card artwork for Discipline Day; cultural context: Indian; mood: Determination; season: Monsoon; elegant composition with clear bilingual text space; authentic details; no text inside artwork.,Midnight Indigo,Modern Editorial,Monsoon,EN+GU,Draft,1.0,Evergreen,Determination,"Discipline Day is presented in this working calendar as a day for thoughtful reflection, cultural respect and positive action.",Natural spoken Gujarati — reviewed,EVERGREEN-174
2026-09-04,Friday,Family Values Day,પરિવાર મૂલ્યો દિવસ,Family,Indian,Affection,3,"On this Friday, family bonds grow through ordinary moments of presence. Listen before offering a solution.","આ શુક્રવારના દિવસે, પરિવારનો સ્નેહ મોટા પ્રસંગોથી નહીં, રોજની સાથે રહેલી ક્ષણોથી વધે છે. ઉકેલ આપતા પહેલાં તેમની વાત પૂરી સાંભળો.",Premium greeting-card artwork for Family Values Day; cultural context: Indian; mood: Affection; season: Monsoon; elegant composition with clear bilingual text space; authentic details; no text inside artwork.,Lotus Pink,Royal Greeting,Monsoon,EN+GU,Draft,1.0,Evergreen,Affection,"Family Values Day is presented in this working calendar as a day for thoughtful reflection, cultural respect and positive action.",Natural spoken Gujarati — reviewed,EVERGREEN-175
2026-09-05,Saturday,Teachers' Day,શિક્ષક દિવસ,Education,Indian,Gratitude,1,A true teacher does more than share knowledge; a true teacher helps shape character.,સાચો શિક્ષક માત્ર ભણાવતો નથી; તે જીવનને સાચી દિશા પણ બતાવે છે.,Premium greeting-card artwork for Teachers' Day; cultural context: Indian; mood: Gratitude; season: Monsoon; elegant composition with clear bilingual text space; authentic details; no text inside artwork.,Heritage Sandstone,Modern Editorial,Monsoon,EN+GU,Draft,1.0,Named Occasion,Gratitude,"Teachers’ Day in India is observed on the birth anniversary of Dr. Sarvepalli Radhakrishnan. It recognises the lasting role teachers play in shaping knowledge, character and confidence.",Festival wording — review before final,OCCASION-2026-09-05
2026-09-06,Sunday,Service Day,સેવાનો દિવસ,Social Responsibility,Indian,Service,3,"On this Sunday, helping others is strongest when dignity is preserved. Help in a way that respects the other person's independence.","આ રવિવારના દિવસે, મદદ એવી હોવી જોઈએ કે સામેના માણસનું માન જળવાઈ રહે. મદદ કરો, પણ સામેની વ્યક્તિની સ્વતંત્રતા અને માન જાળવો.",Premium greeting-card artwork for Patience Day; cultural context: Indian; mood: Calm; season: Monsoon; elegant composition with clear bilingual text space; authentic details; no text inside artwork.,Royal Saffron,Classic Heritage,Monsoon,EN+GU,Draft,1.0,Evergreen,Service,"Patience Day is presented in this working calendar as a day for thoughtful reflection, cultural respect and positive action.",Natural spoken Gujarati — reviewed,EVERGREEN-176
2026-09-07,Monday,Patience Day,ધીરજ દિવસ,Everyday Inspiration,Indian,Calm,3,"On this Monday, calm persistence often succeeds where hurried pressure fails. Give an important decision the time it deserves.","આ સોમવારના દિવસે, ઉતાવળ જ્યાં અટકી જાય છે ત્યાં શાંતિથી કરેલો સતત પ્રયત્ન જીતે છે. મહત્વના નિર્ણયને જેટલો સમય જોઈએ એટલો આપો.",Premium greeting-card artwork for Unity Day; cultural context: Indian; mood: Unity; season: Monsoon; elegant composition with clear bilingual text space; authentic details; no text inside artwork.,Monsoon Green,Spiritual Serenity,Monsoon,EN+GU,Draft,1.0,Evergreen,Calm,"Unity Day is presented in this working calendar as a day for thoughtful reflection, cultural respect and positive action.",Natural spoken Gujarati — reviewed,EVERGREEN-177
2026-09-08,Tuesday,International Literacy Day,આંતરરાષ્ટ્રીય સાક્ષરતા દિવસ,Education,Global,Wisdom,1,"Let the meaning of International Literacy Day guide us toward responsibility, respect and thoughtful action.","આંતરરાષ્ટ્રીય સાક્ષરતા દિવસનો અર્થ આપણને જવાબદારી, સન્માન અને વિચારપૂર્વકના કાર્ય તરફ દોરી જાય.",Premium greeting-card artwork for International Literacy Day; cultural context: Global; mood: Wisdom; season: Monsoon; elegant composition with clear bilingual text space; authentic details; no text inside artwork.,Peacock Royal,Modern Editorial,Monsoon,EN+GU,Draft,1.0,Named Occasion,Wisdom,"International Literacy Day is presented in this working calendar as a day for thoughtful reflection, cultural respect and positive action.",Festival wording — review before final,OCCASION-2026-09-08
2026-09-09,Wednesday,Unity Day,એકતા દિવસ,Indian Values,Indian,Unity,3,"On this Wednesday, communities grow when people protect both identity and mutual trust. Look for the shared purpose before debating the differences.","આ બુધવારના દિવસે, પોતાની ઓળખ જાળવીને પણ એકબીજાનો વિશ્વાસ રાખીએ ત્યારે સમાજ મજબૂત બને છે. ભિન્નતા પર ચર્ચા કરતાં પહેલાં બંનેનો સામાન્ય હેતુ શોધો.",Premium greeting-card artwork for Nature Appreciation Day; cultural context: Indian; mood: Nature; season: Monsoon; elegant composition with clear bilingual text space; authentic details; no text inside artwork.,Royal Saffron,Classic Heritage,Monsoon,EN+GU,Draft,1.0,Evergreen,Unity,"Nature Appreciation Day is presented in this working calendar as a day for thoughtful reflection, cultural respect and positive action.",Natural spoken Gujarati — reviewed,EVERGREEN-178
2026-09-10,Thursday,World Suicide Prevention Day,વિશ્વ આત્મહત્યા નિવારણ દિવસ,Social Awareness,Global,Compassion,1,"Let the meaning of World Suicide Prevention Day guide us toward responsibility, respect and thoughtful action.","વિશ્વ આત્મહત્યા નિવારણ દિવસનો અર્થ આપણને જવાબદારી, સન્માન અને વિચારપૂર્વકના કાર્ય તરફ દોરી જાય.",Premium greeting-card artwork for World Suicide Prevention Day; cultural context: Global; mood: Compassion; season: Monsoon; elegant composition with clear bilingual text space; authentic details; no text inside artwork.,Midnight Indigo,Modern Editorial,Monsoon,EN+GU,Draft,1.0,Named Occasion,Compassion,"World Suicide Prevention Day is presented in this working calendar as a day for thoughtful reflection, cultural respect and positive action.",Festival wording — review before final,OCCASION-2026-09-10
2026-09-11,Friday,Courage Day,હિંમત દિવસ,Everyday Inspiration,Indian,Courage,3,"On this Friday, the next honest step matters more than complete certainty. Say the truthful thing with respect.","આ શુક્રવારના દિવસે, બધી ખાતરી મળવાની રાહ કરતાં આગળનું સાચું પગલું વધુ મહત્વનું છે. સન્માન સાથે સાચી વાત કહો.",Premium greeting-card artwork for Character Day; cultural context: Indian; mood: Integrity; season: Monsoon; elegant composition with clear bilingual text space; authentic details; no text inside artwork.,Midnight Indigo,Modern Editorial,Monsoon,EN+GU,Draft,1.0,Evergreen,Courage,"Character Day is presented in this working calendar as a day for thoughtful reflection, cultural respect and positive action.",Natural spoken Gujarati — reviewed,EVERGREEN-179
2026-09-12,Saturday,Nature Appreciation Day,પ્રકૃતિ કદર દિવસ,Environment,Indian,Nature,3,"On this Saturday, a healthy environment begins with ordinary responsible habits. Leave a place cleaner than you found it.","આ શનિવારના દિવસે, સ્વસ્થ પર્યાવરણની શરૂઆત રોજની જવાબદાર ટેવોથી થાય છે. જ્યાં જાઓ તે જગ્યા પહેલાં કરતાં સ્વચ્છ રાખો.",Premium greeting-card artwork for Gratitude Day; cultural context: Indian; mood: Gratitude; season: Monsoon; elegant composition with clear bilingual text space; authentic details; no text inside artwork.,Monsoon Green,Nature Canvas,Monsoon,EN+GU,Draft,1.0,Evergreen,Nature,"Gratitude Day is presented in this working calendar as a day for thoughtful reflection, cultural respect and positive action.",Natural spoken Gujarati — reviewed,EVERGREEN-180
2026-09-13,Sunday,Purposeful Day,હેતુપૂર્ણ દિવસ,Everyday Inspiration,Indian,Purpose,3,"On this Sunday, a clear purpose gives direction to even the smallest effort. Small purposeful actions create lasting change.","આ રવિવારના દિવસે, હેતુ સ્પષ્ટ હોય તો નાનો પ્રયત્ન પણ સાચી દિશામાં આગળ વધે છે. નાના પણ હેતુભર્યા કામો જ મોટો બદલાવ લાવે છે.",Premium greeting-card artwork for Learning Day; cultural context: Indian; mood: Wisdom; season: Monsoon; elegant composition with clear bilingual text space; authentic details; no text inside artwork.,Heritage Sandstone,Modern Editorial,Monsoon,EN+GU,Draft,1.0,Evergreen,Purpose,"Learning Day is presented in this working calendar as a day for thoughtful reflection, cultural respect and positive action.",Natural spoken Gujarati — reviewed,EVERGREEN-181
2026-09-14,Monday,Hindi Diwas • Ganesh Chaturthi,હિન્દી દિવસ • ગણેશ ચતુર્થી,Language and Festival,Indian,Wisdom,1,"Let the meaning of Hindi Diwas • Ganesh Chaturthi guide us toward responsibility, respect and thoughtful action.","હિન્દી દિવસ • ગણેશ ચતુર્થીનો અર્થ આપણને જવાબદારી, સન્માન અને વિચારપૂર્વકના કાર્ય તરફ દોરી જાય.",Premium greeting-card artwork for Hindi Diwas • Ganesh Chaturthi; cultural context: Indian; mood: Wisdom; season: Monsoon; elegant composition with clear bilingual text space; authentic details; no text inside artwork.,Royal Saffron,Royal Greeting,Monsoon,EN+GU,Draft,1.0,Named Occasion,Wisdom,"Hindi Diwas • Ganesh Chaturthi is presented in this working calendar as a day for thoughtful reflection, cultural respect and positive action.",Festival wording — review before final,OCCASION-2026-09-14
2026-09-15,Tuesday,Engineers' Day,ઇજનેર દિવસ,Professional Appreciation,Indian,Innovation,1,"Let the meaning of Engineers' Day guide us toward responsibility, respect and thoughtful action.","ઇજનેર દિવસનો અર્થ આપણને જવાબદારી, સન્માન અને વિચારપૂર્વકના કાર્ય તરફ દોરી જાય.",Premium greeting-card artwork for Engineers' Day; cultural context: Indian; mood: Innovation; season: Monsoon; elegant composition with clear bilingual text space; authentic details; no text inside artwork.,Peacock Royal,Modern Editorial,Monsoon,EN+GU,Draft,1.0,Named Occasion,Innovation,"Engineers' Day is presented in this working calendar as a day for thoughtful reflection, cultural respect and positive action.",Festival wording — review before final,OCCASION-2026-09-15
2026-09-16,Wednesday,World Ozone Day,વિશ્વ ઓઝોન દિવસ,Environment,Global,Responsibility,1,"Let the meaning of World Ozone Day guide us toward responsibility, respect and thoughtful action.","વિશ્વ ઓઝોન દિવસનો અર્થ આપણને જવાબદારી, સન્માન અને વિચારપૂર્વકના કાર્ય તરફ દોરી જાય.",Premium greeting-card artwork for World Ozone Day; cultural context: Global; mood: Responsibility; season: Monsoon; elegant composition with clear bilingual text space; authentic details; no text inside artwork.,Monsoon Green,Nature Canvas,Monsoon,EN+GU,Draft,1.0,Named Occasion,Responsibility,"World Ozone Day is presented in this working calendar as a day for thoughtful reflection, cultural respect and positive action.",Festival wording — review before final,OCCASION-2026-09-16
2026-09-17,Thursday,Character Day,ચારિત્ર્ય દિવસ,Indian Values,Indian,Integrity,3,"On this Thursday, character grows through choices made when no one is watching. Protect your values in the small moments.","આ ગુરુવારના દિવસે, કોઈ જોઈ રહ્યું ન હોય ત્યારે કરેલી સાચી પસંદગીથી ચારિત્ર્ય બને છે. નાની ક્ષણોમાં પણ પોતાના મૂલ્યોને હાથમાંથી છૂટવા ન દો.",Premium Indian-context greeting-card artwork for Mindful Living Day; mood: Balance; season: Monsoon; elegant composition with clear bilingual text space; no text inside artwork.,Heritage Sandstone,Classic Heritage,Monsoon,EN+GU,Draft,1.0,Evergreen,Integrity,"Mindful Living Day is presented in this working calendar as a day for thoughtful reflection, cultural respect and positive action.",Natural spoken Gujarati — reviewed,EVERGREEN-182
2026-09-18,Friday,Gratitude Day,કૃતજ્ઞતા દિવસ,Indian Values,Indian,Gratitude,3,"On this Friday, gratitude makes ordinary blessings easier to notice. Carry gratitude into your next conversation.","આ શુક્રવારના દિવસે, આભાર માનવાની ટેવ હોય તો રોજિંદી નાની ખુશીઓ પણ દેખાય છે. આગલી વાતચીતમાં એક મીઠો આભાર જરૂર ઉમેરો.",Premium greeting-card artwork for Patience Day; cultural context: Indian; mood: Calm; season: Monsoon; elegant composition with clear bilingual text space; authentic details; no text inside artwork.,Lotus Pink,Royal Greeting,Monsoon,EN+GU,Draft,1.0,Evergreen,Gratitude,"Patience Day is presented in this working calendar as a day for thoughtful reflection, cultural respect and positive action.",Natural spoken Gujarati — reviewed,EVERGREEN-183
2026-09-19,Saturday,Learning Day,શીખવાનો દિવસ,Education,Indian,Wisdom,3,"On this Saturday, every difficulty can teach something that comfort cannot. Stay curious enough to change your mind when facts change.","આ શનિવારના દિવસે, મુશ્કેલી ઘણી વાર એવી વાત શીખવે છે જે આરામમાં ક્યારેય સમજાતી નથી. નવી સાચી વાત મળે ત્યારે પોતાનો વિચાર બદલવાની હિંમત રાખો.",Premium greeting-card artwork for Unity Day; cultural context: Indian; mood: Unity; season: Monsoon; elegant composition with clear bilingual text space; authentic details; no text inside artwork.,Peacock Royal,Modern Editorial,Monsoon,EN+GU,Draft,1.0,Evergreen,Wisdom,"Unity Day is presented in this working calendar as a day for thoughtful reflection, cultural respect and positive action.",Natural spoken Gujarati — reviewed,EVERGREEN-184
2026-09-20,Sunday,World Cleanup Day,વિશ્વ સ્વચ્છતા દિવસ,Environment,Global,Responsibility,1,"Let the meaning of World Cleanup Day guide us toward responsibility, respect and thoughtful action.","વિશ્વ સ્વચ્છતા દિવસનો અર્થ આપણને જવાબદારી, સન્માન અને વિચારપૂર્વકના કાર્ય તરફ દોરી જાય.",Premium greeting-card artwork for World Cleanup Day; cultural context: Global; mood: Responsibility; season: Monsoon; elegant composition with clear bilingual text space; authentic details; no text inside artwork.,Monsoon Green,Modern Editorial,Monsoon,EN+GU,Draft,1.0,Named Occasion,Responsibility,"World Cleanup Day is presented in this working calendar as a day for thoughtful reflection, cultural respect and positive action.",Festival wording — review before final,OCCASION-2026-09-20
2026-09-21,Monday,International Day of Peace,આંતરરાષ્ટ્રીય શાંતિ દિવસ,Global Values,Global,Peace,1,"Let the meaning of International Day of Peace guide us toward responsibility, respect and thoughtful action.","આંતરરાષ્ટ્રીય શાંતિ દિવસનો અર્થ આપણને જવાબદારી, સન્માન અને વિચારપૂર્વકના કાર્ય તરફ દોરી જાય.",Premium greeting-card artwork for International Day of Peace; cultural context: Global; mood: Peace; season: Monsoon; elegant composition with clear bilingual text space; authentic details; no text inside artwork.,Midnight Indigo,Spiritual Serenity,Monsoon,EN+GU,Draft,1.0,Named Occasion,Peace,"International Day of Peace is presented in this working calendar as a day for thoughtful reflection, cultural respect and positive action.",Festival wording — review before final,OCCASION-2026-09-21
2026-09-22,Tuesday,World Rose Day,વિશ્વ ગુલાબ દિવસ,Compassion,Global,Hope,1,"Let the meaning of World Rose Day guide us toward responsibility, respect and thoughtful action.","વિશ્વ ગુલાબ દિવસનો અર્થ આપણને જવાબદારી, સન્માન અને વિચારપૂર્વકના કાર્ય તરફ દોરી જાય.",Premium greeting-card artwork for World Rose Day; cultural context: Global; mood: Hope; season: Monsoon; elegant composition with clear bilingual text space; authentic details; no text inside artwork.,Lotus Pink,Royal Greeting,Monsoon,EN+GU,Draft,1.0,Named Occasion,Hope,"World Rose Day is presented in this working calendar as a day for thoughtful reflection, cultural respect and positive action.",Festival wording — review before final,OCCASION-2026-09-22
2026-09-23,Wednesday,International Day of Sign Languages,આંતરરાષ્ટ્રીય સંકેત ભાષા દિવસ,Inclusion,Global,Inclusion,1,"Let the meaning of International Day of Sign Languages guide us toward responsibility, respect and thoughtful action.","આંતરરાષ્ટ્રીય સંકેત ભાષા દિવસનો અર્થ આપણને જવાબદારી, સન્માન અને વિચારપૂર્વકના કાર્ય તરફ દોરી જાય.",Premium greeting-card artwork for International Day of Sign Languages; cultural context: Global; mood: Inclusion; season: Monsoon; elegant composition with clear bilingual text space; authentic details; no text inside artwork.,Peacock Royal,Modern Editorial,Monsoon,EN+GU,Draft,1.0,Named Occasion,Inclusion,"International Day of Sign Languages is presented in this working calendar as a day for thoughtful reflection, cultural respect and positive action.",Festival wording — review before final,OCCASION-2026-09-23
2026-09-24,Thursday,Kindness Day,દયાનો દિવસ,Social Values,Indian,Compassion,3,"On this Thursday, a small kindness can become the best part of someone's day. Make one person's day easier without expecting recognition.","આ ગુરુવારના દિવસે, દયાનો નાનો હાવભાવ પણ કોઈના આખા દિવસને સુંદર બનાવી શકે છે. વખાણની આશા રાખ્યા વગર કોઈનું એક કામ સરળ બનાવી આપો.",Premium greeting-card artwork for Gratitude Day; cultural context: Indian; mood: Gratitude; season: Monsoon; elegant composition with clear bilingual text space; authentic details; no text inside artwork.,Lotus Pink,Royal Greeting,Monsoon,EN+GU,Draft,1.0,Evergreen,Compassion,"Gratitude Day is presented in this working calendar as a day for thoughtful reflection, cultural respect and positive action.",Natural spoken Gujarati — reviewed,EVERGREEN-185
2026-09-25,Friday,Discipline Day,શિસ્ત દિવસ,Work Ethics,Indian,Determination,3,"On this Friday, discipline turns good intentions into dependable progress. Choose steady effort over a dramatic beginning.","આ શુક્રવારના દિવસે, શિસ્ત સારા ઇરાદાને સાચી પ્રગતિમાં બદલે છે. મોટી શરૂઆત કરતાં સતત પ્રયત્ન પસંદ કરો.",Premium greeting-card artwork for Learning Day; cultural context: Indian; mood: Wisdom; season: Monsoon; elegant composition with clear bilingual text space; authentic details; no text inside artwork.,Midnight Indigo,Modern Editorial,Monsoon,EN+GU,Draft,1.0,Evergreen,Determination,"Learning Day is presented in this working calendar as a day for thoughtful reflection, cultural respect and positive action.",Natural spoken Gujarati — reviewed,EVERGREEN-186
2026-09-26,Saturday,World Environmental Health Day,વિશ્વ પર્યાવરણીય આરોગ્ય દિવસ,Environment,Global,Responsibility,1,"Let the meaning of World Environmental Health Day guide us toward responsibility, respect and thoughtful action.","વિશ્વ પર્યાવરણીય આરોગ્ય દિવસનો અર્થ આપણને જવાબદારી, સન્માન અને વિચારપૂર્વકના કાર્ય તરફ દોરી જાય.",Premium greeting-card artwork for World Environmental Health Day; cultural context: Global; mood: Responsibility; season: Monsoon; elegant composition with clear bilingual text space; authentic details; no text inside artwork.,Monsoon Green,Modern Editorial,Monsoon,EN+GU,Draft,1.0,Named Occasion,Responsibility,"World Environmental Health Day is presented in this working calendar as a day for thoughtful reflection, cultural respect and positive action.",Festival wording — review before final,OCCASION-2026-09-26
2026-09-27,Sunday,World Tourism Day,વિશ્વ પ્રવાસન દિવસ,Culture and Travel,Global,Curiosity,1,"Let the meaning of World Tourism Day guide us toward responsibility, respect and thoughtful action.","વિશ્વ પ્રવાસન દિવસનો અર્થ આપણને જવાબદારી, સન્માન અને વિચારપૂર્વકના કાર્ય તરફ દોરી જાય.",Premium greeting-card artwork for World Tourism Day; cultural context: Global; mood: Curiosity; season: Monsoon; elegant composition with clear bilingual text space; authentic details; no text inside artwork.,Festival Gold,Nature Canvas,Monsoon,EN+GU,Draft,1.0,Named Occasion,Curiosity,"World Tourism Day is presented in this working calendar as a day for thoughtful reflection, cultural respect and positive action.",Festival wording — review before final,OCCASION-2026-09-27
2026-09-28,Monday,Family Values Day,પરિવાર મૂલ્યો દિવસ,Family,Indian,Affection,3,"On this Monday, strong families are built through time, respect and listening. Create one simple memory together without a screen.","આ સોમવારના દિવસે, મજબૂત પરિવાર સમય, સન્માન અને એકબીજાને સાંભળવાથી બને છે. સ્ક્રીન વગર સાથે એક નાની સુંદર યાદ બનાવો.",Premium Indian-context greeting-card artwork for Compassion Day; mood: Compassion; season: Monsoon; elegant composition with clear bilingual text space; no text inside artwork.,Lotus Pink,Royal Greeting,Monsoon,EN+GU,Draft,1.0,Evergreen,Affection,"Compassion Day is presented in this working calendar as a day for thoughtful reflection, cultural respect and positive action.",Natural spoken Gujarati — reviewed,EVERGREEN-187
2026-09-29,Tuesday,Service Day,સેવાનો દિવસ,Social Responsibility,Indian,Service,3,"On this Tuesday, service becomes noble when humility is greater than recognition. Let your work solve a real problem for someone.","આ મંગળવારના દિવસે, પ્રસિદ્ધિ કરતાં વિનમ્રતા મોટી હોય ત્યારે સેવા મહાન બને છે. તમારી મહેનતથી કોઈની સાચી મુશ્કેલી ઓછી થાય એવું કામ કરો.",Premium Indian-context greeting-card artwork for Responsibility Day; mood: Responsibility; season: Monsoon; elegant composition with clear bilingual text space; no text inside artwork.,Royal Saffron,Classic Heritage,Monsoon,EN+GU,Draft,1.0,Evergreen,Service,"Responsibility Day is presented in this working calendar as a day for thoughtful reflection, cultural respect and positive action.",Natural spoken Gujarati — reviewed,EVERGREEN-188
2026-09-30,Wednesday,Patience Day,ધીરજ દિવસ,Everyday Inspiration,Indian,Calm,3,"On this Wednesday, patience is steady effort without unnecessary anxiety. Move steadily without comparing your pace with others.","આ બુધવારના દિવસે, ધીરજ એટલે હાથ પર હાથ ધરી બેસવું નહીં; ચિંતા વગર સતત પ્રયત્ન કરવો. બીજાની ગતિ સાથે સરખામણી કર્યા વગર પોતાના રસ્તે આગળ વધો.",Premium greeting-card artwork for Patience Day; cultural context: Indian; mood: Calm; season: Monsoon; elegant composition with clear bilingual text space; authentic details; no text inside artwork.,Monsoon Green,Spiritual Serenity,Monsoon,EN+GU,Draft,1.0,Evergreen,Calm,"Patience Day is presented in this working calendar as a day for thoughtful reflection, cultural respect and positive action.",Natural spoken Gujarati — reviewed,EVERGREEN-189
2026-10-01,Thursday,International Day of Older Persons • International Coffee Day,આંતરરાષ્ટ્રીય વડીલ દિવસ • આંતરરાષ્ટ્રીય કોફી દિવસ,Social and Culture,Global,Gratitude,1,"Let the meaning of International Day of Older Persons • International Coffee Day guide us toward responsibility, respect and thoughtful action.","આંતરરાષ્ટ્રીય વડીલ દિવસ • આંતરરાષ્ટ્રીય કોફી દિવસનો અર્થ આપણને જવાબદારી, સન્માન અને વિચારપૂર્વકના કાર્ય તરફ દોરી જાય.",Premium greeting-card artwork for International Day of Older Persons • International Coffee Day; cultural context: Global; mood: Gratitude; season: Autumn-Festival; elegant composition with clear bilingual text space; authentic details; no text inside artwork.,Heritage Sandstone,Royal Greeting,Autumn-Festival,EN+GU,Draft,1.0,Named Occasion,Gratitude,"International Day of Older Persons • International Coffee Day is presented in this working calendar as a day for thoughtful reflection, cultural respect and positive action.",Festival wording — review before final,OCCASION-2026-10-01
2026-10-02,Friday,Gandhi Jayanti,ગાંધી જયંતી,National Remembrance,Indian,Reflection,1,"Let the meaning of Gandhi Jayanti guide us toward responsibility, respect and thoughtful action.","ગાંધી જયંતીનો અર્થ આપણને જવાબદારી, સન્માન અને વિચારપૂર્વકના કાર્ય તરફ દોરી જાય.",Premium greeting-card artwork for Gandhi Jayanti; cultural context: Indian; mood: Reflection; season: Autumn-Festival; elegant composition with clear bilingual text space; authentic details; no text inside artwork.,Heritage Sandstone,Classic Heritage,Autumn-Festival,EN+GU,Draft,1.0,Named Occasion,Reflection,"Gandhi Jayanti is presented in this working calendar as a day for thoughtful reflection, cultural respect and positive action.",Festival wording — review before final,OCCASION-2026-10-02
2026-10-03,Saturday,Unity Day,એકતા દિવસ,Indian Values,Indian,Unity,3,"On this Saturday, differences become strength when respect remains common. Let respect remain stronger than disagreement.","આ શનિવારના દિવસે, પરસ્પર સન્માન હોય તો ભિન્નતા પણ શક્તિ બની જાય છે. મતભેદ કરતાં સન્માનને મોટું રાખો.",Premium greeting-card artwork for Nature Appreciation Day; cultural context: Indian; mood: Nature; season: Autumn-Festival; elegant composition with clear bilingual text space; authentic details; no text inside artwork.,Royal Saffron,Classic Heritage,Autumn-Festival,EN+GU,Draft,1.0,Evergreen,Unity,"Nature Appreciation Day is presented in this working calendar as a day for thoughtful reflection, cultural respect and positive action.",Natural spoken Gujarati — reviewed,EVERGREEN-190
2026-10-04,Sunday,Courage Day,હિંમત દિવસ,Everyday Inspiration,Indian,Courage,3,"On this Sunday, courage is often a quiet decision to do what is right. Begin before every doubt has disappeared.","આ રવિવારના દિવસે, હિંમત ઘણી વાર શોર નહીં, પરંતુ સાચું કરવાની શાંત પસંદગી હોય છે. બધા સંશય દૂર થાય તેની રાહ જોયા વગર શરૂઆત કરો.",Premium greeting-card artwork for Purposeful Day; cultural context: Indian; mood: Purpose; season: Autumn-Festival; elegant composition with clear bilingual text space; authentic details; no text inside artwork.,Midnight Indigo,Modern Editorial,Autumn-Festival,EN+GU,Draft,1.0,Evergreen,Courage,"Purposeful Day is presented in this working calendar as a day for thoughtful reflection, cultural respect and positive action.",Natural spoken Gujarati — reviewed,EVERGREEN-191
2026-10-05,Monday,World Teachers' Day,વિશ્વ શિક્ષક દિવસ,Education,Global,Gratitude,1,"Let the meaning of World Teachers' Day guide us toward responsibility, respect and thoughtful action.","વિશ્વ શિક્ષક દિવસનો અર્થ આપણને જવાબદારી, સન્માન અને વિચારપૂર્વકના કાર્ય તરફ દોરી જાય.",Premium greeting-card artwork for World Teachers' Day; cultural context: Global; mood: Gratitude; season: Autumn-Festival; elegant composition with clear bilingual text space; authentic details; no text inside artwork.,Heritage Sandstone,Modern Editorial,Autumn-Festival,EN+GU,Draft,1.0,Named Occasion,Gratitude,"World Teachers' Day is presented in this working calendar as a day for thoughtful reflection, cultural respect and positive action.",Festival wording — review before final,OCCASION-2026-10-05
2026-10-06,Tuesday,Nature Appreciation Day,પ્રકૃતિ કદર દિવસ,Environment,Indian,Nature,3,"On this Tuesday, caring for nature protects the inheritance of future generations. Use water and energy as resources, not conveniences without limits.","આ મંગળવારના દિવસે, પ્રકૃતિની કાળજી લઈએ ત્યારે આવતી પેઢીઓનો વારસો બચાવીએ છીએ. પાણી અને ઊર્જાનો ઉપયોગ અમર્યાદ સુવિધા નહીં, કિંમતી સંપત્તિ સમજીને કરો.",Premium greeting-card artwork for Gratitude Day; cultural context: Indian; mood: Gratitude; season: Autumn-Festival; elegant composition with clear bilingual text space; authentic details; no text inside artwork.,Monsoon Green,Nature Canvas,Autumn-Festival,EN+GU,Draft,1.0,Evergreen,Nature,"Gratitude Day is presented in this working calendar as a day for thoughtful reflection, cultural respect and positive action.",Natural spoken Gujarati — reviewed,EVERGREEN-192
2026-10-07,Wednesday,Purposeful Day,હેતુપૂર્ણ દિવસ,Everyday Inspiration,Indian,Purpose,3,"On this Wednesday, when the purpose is clear, ordinary work begins to feel meaningful. Small purposeful actions create lasting change.","આ બુધવારના દિવસે, મન એકાગ્ર હોય તો સામાન્ય દિવસ પણ કામનો બની જાય છે. નાના પણ હેતુભર્યા કામો જ મોટો બદલાવ લાવે છે.",Premium greeting-card artwork for Learning Day; cultural context: Indian; mood: Wisdom; season: Autumn-Festival; elegant composition with clear bilingual text space; authentic details; no text inside artwork.,Heritage Sandstone,Modern Editorial,Autumn-Festival,EN+GU,Draft,1.0,Evergreen,Purpose,"Learning Day is presented in this working calendar as a day for thoughtful reflection, cultural respect and positive action.",Natural spoken Gujarati — reviewed,EVERGREEN-193
2026-10-08,Thursday,Indian Air Force Day,ભારતીય વાયુસેના દિવસ,National Observance,Indian,Pride,1,"Let the meaning of Indian Air Force Day guide us toward responsibility, respect and thoughtful action.","ભારતીય વાયુસેના દિવસનો અર્થ આપણને જવાબદારી, સન્માન અને વિચારપૂર્વકના કાર્ય તરફ દોરી જાય.",Premium greeting-card artwork for Indian Air Force Day; cultural context: Indian; mood: Pride; season: Autumn-Festival; elegant composition with clear bilingual text space; authentic details; no text inside artwork.,Midnight Indigo,Classic Heritage,Autumn-Festival,EN+GU,Draft,1.0,Named Occasion,Pride,"Indian Air Force Day is presented in this working calendar as a day for thoughtful reflection, cultural respect and positive action.",Festival wording — review before final,OCCASION-2026-10-08
2026-10-09,Friday,World Post Day,વિશ્વ ટપાલ દિવસ,Public Service,Global,Connection,1,"Let the meaning of World Post Day guide us toward responsibility, respect and thoughtful action.","વિશ્વ ટપાલ દિવસનો અર્થ આપણને જવાબદારી, સન્માન અને વિચારપૂર્વકના કાર્ય તરફ દોરી જાય.",Premium greeting-card artwork for World Post Day; cultural context: Global; mood: Connection; season: Autumn-Festival; elegant composition with clear bilingual text space; authentic details; no text inside artwork.,Heritage Sandstone,Modern Editorial,Autumn-Festival,EN+GU,Draft,1.0,Named Occasion,Connection,"World Post Day is presented in this working calendar as a day for thoughtful reflection, cultural respect and positive action.",Festival wording — review before final,OCCASION-2026-10-09
2026-10-10,Saturday,Character Day,ચારિત્ર્ય દિવસ,Indian Values,Indian,Integrity,3,"On this Saturday, the strongest reputation begins with private honesty. Protect your values in the small moments.","આ શનિવારના દિવસે, સાચી ઈમાનદારી એ છે કે એકલા હોઈએ ત્યારે પણ ખોટું ન કરીએ. નાની ક્ષણોમાં પણ પોતાના મૂલ્યોને હાથમાંથી છૂટવા ન દો.",Premium Indian-context greeting-card artwork for Mindful Living Day; mood: Balance; season: Autumn-Festival; elegant composition with clear bilingual text space; no text inside artwork.,Heritage Sandstone,Classic Heritage,Autumn-Festival,EN+GU,Draft,1.0,Evergreen,Integrity,"Mindful Living Day is presented in this working calendar as a day for thoughtful reflection, cultural respect and positive action.",Natural spoken Gujarati — reviewed,EVERGREEN-194
2026-10-11,Sunday,Gratitude Day,કૃતજ્ઞતા દિવસ,Indian Values,Indian,Gratitude,3,"On this Sunday, a thankful heart sees abundance where others see routine. Carry gratitude into your next conversation.","આ રવિવારના દિવસે, કૃતજ્ઞ મન સામાન્ય બાબતમાં પણ આશીર્વાદ શોધી લે છે. આગલી વાતચીતમાં એક મીઠો આભાર જરૂર ઉમેરો.",Premium greeting-card artwork for Service Day; cultural context: Indian; mood: Service; season: Autumn-Festival; elegant composition with clear bilingual text space; authentic details; no text inside artwork.,Lotus Pink,Royal Greeting,Autumn-Festival,EN+GU,Draft,1.0,Evergreen,Gratitude,"Service Day is presented in this working calendar as a day for thoughtful reflection, cultural respect and positive action.",Natural spoken Gujarati — reviewed,EVERGREEN-195
2026-10-12,Monday,Learning Day,શીખવાનો દિવસ,Education,Indian,Wisdom,3,"On this Monday, learning continues when curiosity remains stronger than ego. Stay curious enough to change your mind when facts change.","આ સોમવારના દિવસે, અહંકાર કરતાં જિજ્ઞાસા મોટી રહે ત્યારે શીખવાનું ચાલુ રહે છે. નવી સાચી વાત મળે ત્યારે પોતાનો વિચાર બદલવાની હિંમત રાખો.",Premium greeting-card artwork for Patience Day; cultural context: Indian; mood: Calm; season: Autumn-Festival; elegant composition with clear bilingual text space; authentic details; no text inside artwork.,Peacock Royal,Modern Editorial,Autumn-Festival,EN+GU,Draft,1.0,Evergreen,Wisdom,"Patience Day is presented in this working calendar as a day for thoughtful reflection, cultural respect and positive action.",Natural spoken Gujarati — reviewed,EVERGREEN-196
2026-10-13,Tuesday,International Day for Disaster Risk Reduction,આપત્તિ જોખમ ઘટાડા માટે આંતરરાષ્ટ્રીય દિવસ,Global Awareness,Global,Preparedness,1,"Let the meaning of International Day for Disaster Risk Reduction guide us toward responsibility, respect and thoughtful action.","આપત્તિ જોખમ ઘટાડા માટે આંતરરાષ્ટ્રીય દિવસનો અર્થ આપણને જવાબદારી, સન્માન અને વિચારપૂર્વકના કાર્ય તરફ દોરી જાય.",Premium greeting-card artwork for International Day for Disaster Risk Reduction; cultural context: Global; mood: Preparedness; season: Autumn-Festival; elegant composition with clear bilingual text space; authentic details; no text inside artwork.,Heritage Sandstone,Modern Editorial,Autumn-Festival,EN+GU,Draft,1.0,Named Occasion,Preparedness,"International Day for Disaster Risk Reduction is presented in this working calendar as a day for thoughtful reflection, cultural respect and positive action.",Festival wording — review before final,OCCASION-2026-10-13
2026-10-14,Wednesday,Kindness Day,દયાનો દિવસ,Social Values,Indian,Compassion,3,"On this Wednesday, gentle words often reach places that advice cannot. Make one person's day easier without expecting recognition.","આ બુધવારના દિવસે, ક્યારેક બે મીઠા શબ્દો મોટી સલાહ કરતાં વધુ અસર કરે છે. વખાણની આશા રાખ્યા વગર કોઈનું એક કામ સરળ બનાવી આપો.",Premium greeting-card artwork for Courage Day; cultural context: Indian; mood: Courage; season: Autumn-Festival; elegant composition with clear bilingual text space; authentic details; no text inside artwork.,Lotus Pink,Royal Greeting,Autumn-Festival,EN+GU,Draft,1.0,Evergreen,Compassion,"Courage Day is presented in this working calendar as a day for thoughtful reflection, cultural respect and positive action.",Natural spoken Gujarati — reviewed,EVERGREEN-197
2026-10-15,Thursday,Discipline Day,શિસ્ત દિવસ,Work Ethics,Indian,Determination,3,"On this Thursday, consistency matters more than occasional bursts of effort. Choose steady effort over a dramatic beginning.","આ ગુરુવારના દિવસે, ક્યારેક બહુ મહેનત કરતાં રોજ થોડું સતત કરવું વધુ કામ આવે છે. મોટી શરૂઆત કરતાં સતત પ્રયત્ન પસંદ કરો.",Premium Indian-context greeting-card artwork for Compassion Day; mood: Compassion; season: Autumn-Festival; elegant composition with clear bilingual text space; no text inside artwork.,Midnight Indigo,Modern Editorial,Autumn-Festival,EN+GU,Draft,1.0,Evergreen,Determination,"Compassion Day is presented in this working calendar as a day for thoughtful reflection, cultural respect and positive action.",Natural spoken Gujarati — reviewed,EVERGREEN-198
2026-10-16,Friday,World Food Day,વિશ્વ ખાદ્ય દિવસ,Food and Agriculture,Global,Gratitude,1,"Let the meaning of World Food Day guide us toward responsibility, respect and thoughtful action.","વિશ્વ ખાદ્ય દિવસનો અર્થ આપણને જવાબદારી, સન્માન અને વિચારપૂર્વકના કાર્ય તરફ દોરી જાય.",Premium greeting-card artwork for World Food Day; cultural context: Global; mood: Gratitude; season: Autumn-Festival; elegant composition with clear bilingual text space; authentic details; no text inside artwork.,Monsoon Green,Nature Canvas,Autumn-Festival,EN+GU,Draft,1.0,Named Occasion,Gratitude,"World Food Day is presented in this working calendar as a day for thoughtful reflection, cultural respect and positive action.",Festival wording — review before final,OCCASION-2026-10-16
2026-10-17,Saturday,Family Values Day,પરિવાર મૂલ્યો દિવસ,Family,Indian,Affection,3,"On this Saturday, love feels safest when people are heard without judgment. Create one simple memory together without a screen.","આ શનિવારના દિવસે, નિર્ણય કર્યા વગર સાંભળવામાં આવે ત્યારે પ્રેમ વધુ સુરક્ષિત લાગે છે. સ્ક્રીન વગર સાથે એક નાની સુંદર યાદ બનાવો.",Premium greeting-card artwork for Character Day; cultural context: Indian; mood: Integrity; season: Autumn-Festival; elegant composition with clear bilingual text space; authentic details; no text inside artwork.,Lotus Pink,Royal Greeting,Autumn-Festival,EN+GU,Draft,1.0,Evergreen,Affection,"Character Day is presented in this working calendar as a day for thoughtful reflection, cultural respect and positive action.",Natural spoken Gujarati — reviewed,EVERGREEN-199
2026-10-18,Sunday,Service Day,સેવાનો દિવસ,Social Responsibility,Indian,Service,3,"On this Sunday, useful work done quietly often creates the deepest impact. Let your work solve a real problem for someone.","આ રવિવારના દિવસે, શાંતિથી કરેલું કામ ઘણી વાર સૌથી ઊંડી અસર કરે છે. તમારી મહેનતથી કોઈની સાચી મુશ્કેલી ઓછી થાય એવું કામ કરો.",Premium greeting-card artwork for Gratitude Day; cultural context: Indian; mood: Gratitude; season: Autumn-Festival; elegant composition with clear bilingual text space; authentic details; no text inside artwork.,Royal Saffron,Classic Heritage,Autumn-Festival,EN+GU,Draft,1.0,Evergreen,Service,"Gratitude Day is presented in this working calendar as a day for thoughtful reflection, cultural respect and positive action.",Natural spoken Gujarati — reviewed,EVERGREEN-200
2026-10-19,Monday,Patience Day,ધીરજ દિવસ,Everyday Inspiration,Indian,Calm,3,"On this Monday, some results need time even when the work is being done correctly. Move steadily without comparing your pace with others.","આ સોમવારના દિવસે, કામ સાચું ચાલતું હોય તો પણ કેટલાક પરિણામને સમય લાગે છે. બીજાની ગતિ સાથે સરખામણી કર્યા વગર પોતાના રસ્તે આગળ વધો.",Premium greeting-card artwork for Learning Day; cultural context: Indian; mood: Wisdom; season: Autumn-Festival; elegant composition with clear bilingual text space; authentic details; no text inside artwork.,Monsoon Green,Spiritual Serenity,Autumn-Festival,EN+GU,Draft,1.0,Evergreen,Calm,"Learning Day is presented in this working calendar as a day for thoughtful reflection, cultural respect and positive action.",Natural spoken Gujarati — reviewed,EVERGREEN-201
2026-10-20,Tuesday,Dussehra,દશેરા,Festival,Indian,Courage,1,"Let the meaning of Dussehra guide us toward responsibility, respect and thoughtful action.","દશેરાનો અર્થ આપણને જવાબદારી, સન્માન અને વિચારપૂર્વકના કાર્ય તરફ દોરી જાય.",Premium greeting-card artwork for Dussehra; cultural context: Indian; mood: Courage; season: Autumn-Festival; elegant composition with clear bilingual text space; authentic details; no text inside artwork.,Royal Saffron,Classic Heritage,Autumn-Festival,EN+GU,Draft,1.0,Named Occasion,Courage,"Dussehra is presented in this working calendar as a day for thoughtful reflection, cultural respect and positive action.",Festival wording — review before final,OCCASION-2026-10-20
2026-10-21,Wednesday,Unity Day,એકતા દિવસ,Indian Values,Indian,Unity,3,"On this Wednesday, unity does not require sameness; it requires cooperation. Let respect remain stronger than disagreement.","આ બુધવારના દિવસે, એકતા માટે બધાં સરખાં હોવું જરૂરી નથી; સાથે કામ કરવાની તૈયારી જરૂરી છે. મતભેદ કરતાં સન્માનને મોટું રાખો.",Premium greeting-card artwork for Discipline Day; cultural context: Indian; mood: Determination; season: Autumn-Festival; elegant composition with clear bilingual text space; authentic details; no text inside artwork.,Royal Saffron,Classic Heritage,Autumn-Festival,EN+GU,Draft,1.0,Evergreen,Unity,"Discipline Day is presented in this working calendar as a day for thoughtful reflection, cultural respect and positive action.",Natural spoken Gujarati — reviewed,EVERGREEN-202
2026-10-22,Thursday,Courage Day,હિંમત દિવસ,Everyday Inspiration,Indian,Courage,3,"On this Thursday, bravery begins when fear is acknowledged but not obeyed. Begin before every doubt has disappeared.","આ ગુરુવારના દિવસે, ડર હોવા છતાં તેની આજ્ઞા ન માનવી એ જ બહાદુરીની શરૂઆત છે. બધા સંશય દૂર થાય તેની રાહ જોયા વગર શરૂઆત કરો.",Premium greeting-card artwork for Family Values Day; cultural context: Indian; mood: Affection; season: Autumn-Festival; elegant composition with clear bilingual text space; authentic details; no text inside artwork.,Midnight Indigo,Modern Editorial,Autumn-Festival,EN+GU,Draft,1.0,Evergreen,Courage,"Family Values Day is presented in this working calendar as a day for thoughtful reflection, cultural respect and positive action.",Natural spoken Gujarati — reviewed,EVERGREEN-203
2026-10-23,Friday,Nature Appreciation Day,પ્રકૃતિ કદર દિવસ,Environment,Indian,Nature,3,"On this Friday, nature gives quietly, but its loss is felt by everyone. Use water and energy as resources, not conveniences without limits.","આ શુક્રવારના દિવસે, પ્રકૃતિ શાંતિથી આપતી રહે છે, પણ તેનો નુકસાન બધાને સહન કરવું પડે છે. પાણી અને ઊર્જાનો ઉપયોગ અમર્યાદ સુવિધા નહીં, કિંમતી સંપત્તિ સમજીને કરો.",Premium greeting-card artwork for Service Day; cultural context: Indian; mood: Service; season: Autumn-Festival; elegant composition with clear bilingual text space; authentic details; no text inside artwork.,Monsoon Green,Nature Canvas,Autumn-Festival,EN+GU,Draft,1.0,Evergreen,Nature,"Service Day is presented in this working calendar as a day for thoughtful reflection, cultural respect and positive action.",Natural spoken Gujarati — reviewed,EVERGREEN-204
2026-10-24,Saturday,United Nations Day,સંયુક્ત રાષ્ટ્ર દિવસ,International Observance,Global,Cooperation,1,"Let the meaning of United Nations Day guide us toward responsibility, respect and thoughtful action.","સંયુક્ત રાષ્ટ્ર દિવસનો અર્થ આપણને જવાબદારી, સન્માન અને વિચારપૂર્વકના કાર્ય તરફ દોરી જાય.",Premium greeting-card artwork for United Nations Day; cultural context: Global; mood: Cooperation; season: Autumn-Festival; elegant composition with clear bilingual text space; authentic details; no text inside artwork.,Peacock Royal,Modern Editorial,Autumn-Festival,EN+GU,Draft,1.0,Named Occasion,Cooperation,"United Nations Day is presented in this working calendar as a day for thoughtful reflection, cultural respect and positive action.",Festival wording — review before final,OCCASION-2026-10-24
2026-10-25,Sunday,Purposeful Day,હેતુપૂર્ણ દિવસ,Everyday Inspiration,Indian,Purpose,3,"On this Sunday, a focused mind turns a simple day into useful progress. Small purposeful actions create lasting change.","આ રવિવારના દિવસે, શું કરવું છે તે નક્કી હોય તો મહેનતનો દરેક પગલું અર્થપૂર્ણ બને છે. નાના પણ હેતુભર્યા કામો જ મોટો બદલાવ લાવે છે.",Premium greeting-card artwork for Unity Day; cultural context: Indian; mood: Unity; season: Autumn-Festival; elegant composition with clear bilingual text space; authentic details; no text inside artwork.,Heritage Sandstone,Modern Editorial,Autumn-Festival,EN+GU,Draft,1.0,Evergreen,Purpose,"Unity Day is presented in this working calendar as a day for thoughtful reflection, cultural respect and positive action.",Natural spoken Gujarati — reviewed,EVERGREEN-205
2026-10-26,Monday,Character Day,ચારિત્ર્ય દિવસ,Indian Values,Indian,Integrity,3,"On this Monday, good character is built quietly, one decision at a time. Protect your values in the small moments.","આ સોમવારના દિવસે, સારા સંસ્કાર મોટા પ્રસંગે નહીં, રોજની નાની પસંદગીઓમાં દેખાય છે. નાની ક્ષણોમાં પણ પોતાના મૂલ્યોને હાથમાંથી છૂટવા ન દો.",Premium greeting-card artwork for Courage Day; cultural context: Indian; mood: Courage; season: Autumn-Festival; elegant composition with clear bilingual text space; authentic details; no text inside artwork.,Heritage Sandstone,Classic Heritage,Autumn-Festival,EN+GU,Draft,1.0,Evergreen,Integrity,"Courage Day is presented in this working calendar as a day for thoughtful reflection, cultural respect and positive action.",Natural spoken Gujarati — reviewed,EVERGREEN-206
2026-10-27,Tuesday,Gratitude Day,કૃતજ્ઞતા દિવસ,Indian Values,Indian,Gratitude,3,"On this Tuesday, appreciation brings peace without reducing ambition. Carry gratitude into your next conversation.","આ મંગળવારના દિવસે, જે મળ્યું છે તેની કદર કરવાથી આગળ વધવાની ઇચ્છા ઓછી થતી નથી, મન શાંત બને છે. આગલી વાતચીતમાં એક મીઠો આભાર જરૂર ઉમેરો.",Premium greeting-card artwork for Nature Appreciation Day; cultural context: Indian; mood: Nature; season: Autumn-Festival; elegant composition with clear bilingual text space; authentic details; no text inside artwork.,Lotus Pink,Royal Greeting,Autumn-Festival,EN+GU,Draft,1.0,Evergreen,Gratitude,"Nature Appreciation Day is presented in this working calendar as a day for thoughtful reflection, cultural respect and positive action.",Natural spoken Gujarati — reviewed,EVERGREEN-207
2026-10-28,Wednesday,Learning Day,શીખવાનો દિવસ,Education,Indian,Wisdom,3,"On this Wednesday, a thoughtful question can open a new direction. Stay curious enough to change your mind when facts change.","આ બુધવારના દિવસે, સાચો પ્રશ્ન નવી દિશાનો દરવાજો ખોલી શકે છે. નવી સાચી વાત મળે ત્યારે પોતાનો વિચાર બદલવાની હિંમત રાખો.",Premium greeting-card artwork for Purposeful Day; cultural context: Indian; mood: Purpose; season: Autumn-Festival; elegant composition with clear bilingual text space; authentic details; no text inside artwork.,Peacock Royal,Modern Editorial,Autumn-Festival,EN+GU,Draft,1.0,Evergreen,Wisdom,"Purposeful Day is presented in this working calendar as a day for thoughtful reflection, cultural respect and positive action.",Natural spoken Gujarati — reviewed,EVERGREEN-208
2026-10-29,Thursday,Kindness Day,દયાનો દિવસ,Social Values,Indian,Compassion,3,"On this Thursday, kindness becomes meaningful when it is timely and practical. Make one person's day easier without expecting recognition.","આ ગુરુવારના દિવસે, સમયસર અને કામની મદદ જ દયાને સાચો અર્થ આપે છે. વખાણની આશા રાખ્યા વગર કોઈનું એક કામ સરળ બનાવી આપો.",Premium greeting-card artwork for Character Day; cultural context: Indian; mood: Integrity; season: Autumn-Festival; elegant composition with clear bilingual text space; authentic details; no text inside artwork.,Lotus Pink,Royal Greeting,Autumn-Festival,EN+GU,Draft,1.0,Evergreen,Compassion,"Character Day is presented in this working calendar as a day for thoughtful reflection, cultural respect and positive action.",Natural spoken Gujarati — reviewed,EVERGREEN-209
2026-10-30,Friday,Discipline Day,શિસ્ત દિવસ,Work Ethics,Indian,Determination,3,"On this Friday, a steady routine protects important goals from changing moods. Choose steady effort over a dramatic beginning.","આ શુક્રવારના દિવસે, મન બદલાય તો પણ સારી ટેવ લક્ષ્યને રસ્તા પર રાખે છે. મોટી શરૂઆત કરતાં સતત પ્રયત્ન પસંદ કરો.",Premium greeting-card artwork for Gratitude Day; cultural context: Indian; mood: Gratitude; season: Autumn-Festival; elegant composition with clear bilingual text space; authentic details; no text inside artwork.,Midnight Indigo,Modern Editorial,Autumn-Festival,EN+GU,Draft,1.0,Evergreen,Determination,"Gratitude Day is presented in this working calendar as a day for thoughtful reflection, cultural respect and positive action.",Natural spoken Gujarati — reviewed,EVERGREEN-210
2026-10-31,Saturday,Halloween,હેલોવીન,International Celebration,Western,Playfulness,1,"Let the meaning of Halloween guide us toward responsibility, respect and thoughtful action.","હેલોવીનનો અર્થ આપણને જવાબદારી, સન્માન અને વિચારપૂર્વકના કાર્ય તરફ દોરી જાય.",Premium greeting-card artwork for Halloween; cultural context: Western; mood: Playfulness; season: Autumn-Festival; elegant composition with clear bilingual text space; authentic details; no text inside artwork.,Midnight Indigo,Royal Greeting,Autumn-Festival,EN+GU,Draft,1.0,Named Occasion,Playfulness,"Halloween is presented in this working calendar as a day for thoughtful reflection, cultural respect and positive action.",Festival wording — review before final,OCCASION-2026-10-31
2026-11-01,Sunday,Family Values Day,પરિવાર મૂલ્યો દિવસ,Family,Indian,Affection,3,"On this Sunday, family bonds grow through ordinary moments of presence. Create one simple memory together without a screen.","આ રવિવારના દિવસે, પરિવારનો સ્નેહ મોટા પ્રસંગોથી નહીં, રોજની સાથે રહેલી ક્ષણોથી વધે છે. સ્ક્રીન વગર સાથે એક નાની સુંદર યાદ બનાવો.",Premium greeting-card artwork for Kindness Day; cultural context: Indian; mood: Compassion; season: Autumn-Festival; elegant composition with clear bilingual text space; authentic details; no text inside artwork.,Lotus Pink,Royal Greeting,Autumn-Festival,EN+GU,Draft,1.0,Evergreen,Affection,"Kindness Day is presented in this working calendar as a day for thoughtful reflection, cultural respect and positive action.",Natural spoken Gujarati — reviewed,EVERGREEN-211
2026-11-02,Monday,Service Day,સેવાનો દિવસ,Social Responsibility,Indian,Service,3,"On this Monday, helping others is strongest when dignity is preserved. Let your work solve a real problem for someone.","આ સોમવારના દિવસે, મદદ એવી હોવી જોઈએ કે સામેના માણસનું માન જળવાઈ રહે. તમારી મહેનતથી કોઈની સાચી મુશ્કેલી ઓછી થાય એવું કામ કરો.",Premium greeting-card artwork for Discipline Day; cultural context: Indian; mood: Determination; season: Autumn-Festival; elegant composition with clear bilingual text space; authentic details; no text inside artwork.,Royal Saffron,Classic Heritage,Autumn-Festival,EN+GU,Draft,1.0,Evergreen,Service,"Discipline Day is presented in this working calendar as a day for thoughtful reflection, cultural respect and positive action.",Natural spoken Gujarati — reviewed,EVERGREEN-212
2026-11-03,Tuesday,Patience Day,ધીરજ દિવસ,Everyday Inspiration,Indian,Calm,3,"On this Tuesday, calm persistence often succeeds where hurried pressure fails. Move steadily without comparing your pace with others.","આ મંગળવારના દિવસે, ઉતાવળ જ્યાં અટકી જાય છે ત્યાં શાંતિથી કરેલો સતત પ્રયત્ન જીતે છે. બીજાની ગતિ સાથે સરખામણી કર્યા વગર પોતાના રસ્તે આગળ વધો.",Premium greeting-card artwork for Family Values Day; cultural context: Indian; mood: Affection; season: Autumn-Festival; elegant composition with clear bilingual text space; authentic details; no text inside artwork.,Monsoon Green,Spiritual Serenity,Autumn-Festival,EN+GU,Draft,1.0,Evergreen,Calm,"Family Values Day is presented in this working calendar as a day for thoughtful reflection, cultural respect and positive action.",Natural spoken Gujarati — reviewed,EVERGREEN-213
2026-11-04,Wednesday,Unity Day,એકતા દિવસ,Indian Values,Indian,Unity,3,"On this Wednesday, communities grow when people protect both identity and mutual trust. Let respect remain stronger than disagreement.","આ બુધવારના દિવસે, પોતાની ઓળખ જાળવીને પણ એકબીજાનો વિશ્વાસ રાખીએ ત્યારે સમાજ મજબૂત બને છે. મતભેદ કરતાં સન્માનને મોટું રાખો.",Premium greeting-card artwork for Service Day; cultural context: Indian; mood: Service; season: Autumn-Festival; elegant composition with clear bilingual text space; authentic details; no text inside artwork.,Royal Saffron,Classic Heritage,Autumn-Festival,EN+GU,Draft,1.0,Evergreen,Unity,"Service Day is presented in this working calendar as a day for thoughtful reflection, cultural respect and positive action.",Natural spoken Gujarati — reviewed,EVERGREEN-214
2026-11-05,Thursday,Vagh Baras,વાઘ બારસ,Gujarati Festival,Regional Indian,Gratitude,1,"Let the meaning of Vagh Baras guide us toward responsibility, respect and thoughtful action.","વાઘ બારસનો અર્થ આપણને જવાબદારી, સન્માન અને વિચારપૂર્વકના કાર્ય તરફ દોરી જાય.",Premium greeting-card artwork for Vagh Baras; cultural context: Regional Indian; mood: Gratitude; season: Autumn-Festival; elegant composition with clear bilingual text space; authentic details; no text inside artwork.,Heritage Sandstone,Royal Greeting,Autumn-Festival,EN+GU,Draft,1.0,Named Occasion,Gratitude,"Vagh Baras is presented in this working calendar as a day for thoughtful reflection, cultural respect and positive action.",Festival wording — review before final,OCCASION-2026-11-05
2026-11-06,Friday,Dhanteras,ધનતેરસ,Festival,Indian,Prosperity,1,"Let the meaning of Dhanteras guide us toward responsibility, respect and thoughtful action.","ધનતેરસનો અર્થ આપણને જવાબદારી, સન્માન અને વિચારપૂર્વકના કાર્ય તરફ દોરી જાય.",Premium greeting-card artwork for Dhanteras; cultural context: Indian; mood: Prosperity; season: Autumn-Festival; elegant composition with clear bilingual text space; authentic details; no text inside artwork.,Festival Gold,Royal Greeting,Autumn-Festival,EN+GU,Draft,1.0,Named Occasion,Prosperity,"Dhanteras is presented in this working calendar as a day for thoughtful reflection, cultural respect and positive action.",Festival wording — review before final,OCCASION-2026-11-06
2026-11-07,Saturday,Kali Chaudas,કાળી ચૌદસ,Festival,Regional Indian,Protection,1,"Let the meaning of Kali Chaudas guide us toward responsibility, respect and thoughtful action.","કાળી ચૌદસનો અર્થ આપણને જવાબદારી, સન્માન અને વિચારપૂર્વકના કાર્ય તરફ દોરી જાય.",Premium greeting-card artwork for Kali Chaudas; cultural context: Regional Indian; mood: Protection; season: Autumn-Festival; elegant composition with clear bilingual text space; authentic details; no text inside artwork.,Midnight Indigo,Spiritual Serenity,Autumn-Festival,EN+GU,Draft,1.0,Named Occasion,Protection,"Kali Chaudas is presented in this working calendar as a day for thoughtful reflection, cultural respect and positive action.",Festival wording — review before final,OCCASION-2026-11-07
2026-11-08,Sunday,Diwali • Lakshmi Puja • Chopda Puja,દિવાળી • લક્ષ્મી પૂજન • ચોપડા પૂજન,Festival,Regional Indian,Celebration,1,"May the light of wisdom remove fear, prejudice and negativity from every heart.","દીવડાની જેમ તમે પણ જ્યાં જાઓ ત્યાં પ્રકાશ, આનંદ અને આશા ફેલાવો.",Premium greeting-card artwork for Diwali • Lakshmi Puja • Chopda Puja; cultural context: Regional Indian; mood: Celebration; season: Autumn-Festival; elegant composition with clear bilingual text space; authentic details; no text inside artwork.,Festival Gold,Royal Greeting,Autumn-Festival,EN+GU,Draft,1.0,Named Occasion,Celebration,"Diwali celebrates the victory of light over darkness and wisdom over ignorance. Families illuminate homes, offer prayers, renew relationships and begin new financial records in many Gujarati communities.",Festival wording — review before final,OCCASION-2026-11-08
2026-11-09,Monday,Govardhan Puja • Annakut,ગોવર્ધન પૂજા • અન્નકૂટ,Festival,Indian,Gratitude,1,"Let the meaning of Govardhan Puja • Annakut guide us toward responsibility, respect and thoughtful action.","ગોવર્ધન પૂજા • અન્નકૂટનો અર્થ આપણને જવાબદારી, સન્માન અને વિચારપૂર્વકના કાર્ય તરફ દોરી જાય.",Premium greeting-card artwork for Govardhan Puja • Annakut; cultural context: Indian; mood: Gratitude; season: Autumn-Festival; elegant composition with clear bilingual text space; authentic details; no text inside artwork.,Monsoon Green,Royal Greeting,Autumn-Festival,EN+GU,Draft,1.0,Named Occasion,Gratitude,"Govardhan Puja • Annakut is presented in this working calendar as a day for thoughtful reflection, cultural respect and positive action.",Festival wording — review before final,OCCASION-2026-11-09
2026-11-10,Tuesday,Bestu Varas — Gujarati New Year,બેસતું વર્ષ — ગુજરાતી નવું વર્ષ,Gujarati Festival,Regional Indian,Hope,1,Begin the Gujarati New Year with gratitude for the past and honest purpose for the future.,નવું વર્ષ જૂની ચિંતા છોડીને નવી આશા અને સારા સંકલ્પ સાથે શરૂ કરવાની સુંદર તક છે.,Premium greeting-card artwork for Bestu Varas — Gujarati New Year; cultural context: Regional Indian; mood: Hope; season: Autumn-Festival; elegant composition with clear bilingual text space; authentic details; no text inside artwork.,Royal Saffron,Royal Greeting,Autumn-Festival,EN+GU,Draft,1.0,Named Occasion,Hope,"Bestu Varas is the Gujarati New Year, observed after Diwali. It is a time for family visits, blessings, gratitude and fresh beginnings in personal and business life.",Festival wording — review before final,OCCASION-2026-11-10
2026-11-11,Wednesday,Bhai Beej,ભાઈ બીજ,Festival and Family,Regional Indian,Affection,1,"Let the meaning of Bhai Beej guide us toward responsibility, respect and thoughtful action.","ભાઈ બીજનો અર્થ આપણને જવાબદારી, સન્માન અને વિચારપૂર્વકના કાર્ય તરફ દોરી જાય.",Premium greeting-card artwork for Bhai Beej; cultural context: Regional Indian; mood: Affection; season: Autumn-Festival; elegant composition with clear bilingual text space; authentic details; no text inside artwork.,Lotus Pink,Royal Greeting,Autumn-Festival,EN+GU,Draft,1.0,Named Occasion,Affection,"Bhai Beej is presented in this working calendar as a day for thoughtful reflection, cultural respect and positive action.",Festival wording — review before final,OCCASION-2026-11-11
2026-11-12,Thursday,Courage Day,હિંમત દિવસ,Everyday Inspiration,Indian,Courage,3,"On this Thursday, the next honest step matters more than complete certainty. Begin before every doubt has disappeared.","આ ગુરુવારના દિવસે, બધી ખાતરી મળવાની રાહ કરતાં આગળનું સાચું પગલું વધુ મહત્વનું છે. બધા સંશય દૂર થાય તેની રાહ જોયા વગર શરૂઆત કરો.",Premium Indian-context greeting-card artwork for Responsibility Day; mood: Responsibility; season: Autumn-Festival; elegant composition with clear bilingual text space; no text inside artwork.,Midnight Indigo,Modern Editorial,Autumn-Festival,EN+GU,Draft,1.0,Evergreen,Courage,"Responsibility Day is presented in this working calendar as a day for thoughtful reflection, cultural respect and positive action.",Natural spoken Gujarati — reviewed,EVERGREEN-215
2026-11-13,Friday,Nature Appreciation Day,પ્રકૃતિ કદર દિવસ,Environment,Indian,Nature,3,"On this Friday, a healthy environment begins with ordinary responsible habits. Use water and energy as resources, not conveniences without limits.","આ શુક્રવારના દિવસે, સ્વસ્થ પર્યાવરણની શરૂઆત રોજની જવાબદાર ટેવોથી થાય છે. પાણી અને ઊર્જાનો ઉપયોગ અમર્યાદ સુવિધા નહીં, કિંમતી સંપત્તિ સમજીને કરો.",Premium greeting-card artwork for Kindness Day; cultural context: Indian; mood: Compassion; season: Autumn-Festival; elegant composition with clear bilingual text space; authentic details; no text inside artwork.,Monsoon Green,Nature Canvas,Autumn-Festival,EN+GU,Draft,1.0,Evergreen,Nature,"Kindness Day is presented in this working calendar as a day for thoughtful reflection, cultural respect and positive action.",Natural spoken Gujarati — reviewed,EVERGREEN-216
2026-11-14,Saturday,Children's Day • World Diabetes Day • Labh Pancham,બાળ દિવસ • વિશ્વ ડાયાબિટીસ દિવસ • લાભ પંચમ,National and Festival,Indian,Joy,1,"Let the meaning of Children's Day • World Diabetes Day • Labh Pancham guide us toward responsibility, respect and thoughtful action.","બાળ દિવસ • વિશ્વ ડાયાબિટીસ દિવસ • લાભ પંચમનો અર્થ આપણને જવાબદારી, સન્માન અને વિચારપૂર્વકના કાર્ય તરફ દોરી જાય.",Premium greeting-card artwork for Children's Day • World Diabetes Day • Labh Pancham; cultural context: Indian; mood: Joy; season: Autumn-Festival; elegant composition with clear bilingual text space; authentic details; no text inside artwork.,Festival Gold,Modern Editorial,Autumn-Festival,EN+GU,Draft,1.0,Named Occasion,Joy,"Children's Day • World Diabetes Day • Labh Pancham is presented in this working calendar as a day for thoughtful reflection, cultural respect and positive action.",Festival wording — review before final,OCCASION-2026-11-14
2026-11-15,Sunday,Purposeful Day,હેતુપૂર્ણ દિવસ,Everyday Inspiration,Indian,Purpose,3,"On this Sunday, a clear purpose gives direction to even the smallest effort. Choose one worthwhile task and do it well today.","આ રવિવારના દિવસે, હેતુ સ્પષ્ટ હોય તો નાનો પ્રયત્ન પણ સાચી દિશામાં આગળ વધે છે. આજે એક સારું કામ પસંદ કરો અને દિલથી પૂરું કરો.",Premium greeting-card artwork for Family Values Day; cultural context: Indian; mood: Affection; season: Autumn-Festival; elegant composition with clear bilingual text space; authentic details; no text inside artwork.,Heritage Sandstone,Modern Editorial,Autumn-Festival,EN+GU,Draft,1.0,Evergreen,Purpose,"Family Values Day is presented in this working calendar as a day for thoughtful reflection, cultural respect and positive action.",Natural spoken Gujarati — reviewed,EVERGREEN-217
2026-11-16,Monday,Jalaram Bapa Jayanti,જલારામ બાપા જયંતી,Religious Observance,Regional Indian,Service,1,"Let the meaning of Jalaram Bapa Jayanti guide us toward responsibility, respect and thoughtful action.","જલારામ બાપા જયંતીનો અર્થ આપણને જવાબદારી, સન્માન અને વિચારપૂર્વકના કાર્ય તરફ દોરી જાય.",Premium greeting-card artwork for Jalaram Bapa Jayanti; cultural context: Regional Indian; mood: Service; season: Autumn-Festival; elegant composition with clear bilingual text space; authentic details; no text inside artwork.,Royal Saffron,Spiritual Serenity,Autumn-Festival,EN+GU,Draft,1.0,Named Occasion,Service,"Jalaram Bapa Jayanti is presented in this working calendar as a day for thoughtful reflection, cultural respect and positive action.",Festival wording — review before final,OCCASION-2026-11-16
2026-11-17,Tuesday,International Students' Day,આંતરરાષ્ટ્રીય વિદ્યાર્થી દિવસ,Education,Global,Inspiration,1,"Let the meaning of International Students' Day guide us toward responsibility, respect and thoughtful action.","આંતરરાષ્ટ્રીય વિદ્યાર્થી દિવસનો અર્થ આપણને જવાબદારી, સન્માન અને વિચારપૂર્વકના કાર્ય તરફ દોરી જાય.",Premium greeting-card artwork for International Students' Day; cultural context: Global; mood: Inspiration; season: Autumn-Festival; elegant composition with clear bilingual text space; authentic details; no text inside artwork.,Peacock Royal,Modern Editorial,Autumn-Festival,EN+GU,Draft,1.0,Named Occasion,Inspiration,"International Students' Day is presented in this working calendar as a day for thoughtful reflection, cultural respect and positive action.",Festival wording — review before final,OCCASION-2026-11-17
2026-11-18,Wednesday,Character Day,ચારિત્ર્ય દિવસ,Indian Values,Indian,Integrity,3,"On this Wednesday, character grows through choices made when no one is watching. Do the right thing even when it brings no applause.","આ બુધવારના દિવસે, કોઈ જોઈ રહ્યું ન હોય ત્યારે કરેલી સાચી પસંદગીથી ચારિત્ર્ય બને છે. વખાણ ન મળે તો પણ સાચું કામ કરો.",Premium greeting-card artwork for Unity Day; cultural context: Indian; mood: Unity; season: Autumn-Festival; elegant composition with clear bilingual text space; authentic details; no text inside artwork.,Heritage Sandstone,Classic Heritage,Autumn-Festival,EN+GU,Draft,1.0,Evergreen,Integrity,"Unity Day is presented in this working calendar as a day for thoughtful reflection, cultural respect and positive action.",Natural spoken Gujarati — reviewed,EVERGREEN-218
2026-11-19,Thursday,World Toilet Day,વિશ્વ શૌચાલય દિવસ,Global Awareness,Global,Dignity,1,"Let the meaning of World Toilet Day guide us toward responsibility, respect and thoughtful action.","વિશ્વ શૌચાલય દિવસનો અર્થ આપણને જવાબદારી, સન્માન અને વિચારપૂર્વકના કાર્ય તરફ દોરી જાય.",Premium greeting-card artwork for World Toilet Day; cultural context: Global; mood: Dignity; season: Autumn-Festival; elegant composition with clear bilingual text space; authentic details; no text inside artwork.,Heritage Sandstone,Modern Editorial,Autumn-Festival,EN+GU,Draft,1.0,Named Occasion,Dignity,"World Toilet Day is presented in this working calendar as a day for thoughtful reflection, cultural respect and positive action.",Festival wording — review before final,OCCASION-2026-11-19
2026-11-20,Friday,Universal Children's Day,વિશ્વ બાળ દિવસ,Children,Global,Hope,1,"Let the meaning of Universal Children's Day guide us toward responsibility, respect and thoughtful action.","વિશ્વ બાળ દિવસનો અર્થ આપણને જવાબદારી, સન્માન અને વિચારપૂર્વકના કાર્ય તરફ દોરી જાય.",Premium greeting-card artwork for Universal Children's Day; cultural context: Global; mood: Hope; season: Autumn-Festival; elegant composition with clear bilingual text space; authentic details; no text inside artwork.,Lotus Pink,Modern Editorial,Autumn-Festival,EN+GU,Draft,1.0,Named Occasion,Hope,"Universal Children's Day is presented in this working calendar as a day for thoughtful reflection, cultural respect and positive action.",Festival wording — review before final,OCCASION-2026-11-20
2026-11-21,Saturday,Gratitude Day,કૃતજ્ઞતા દિવસ,Indian Values,Indian,Gratitude,3,"On this Saturday, gratitude makes ordinary blessings easier to notice. Pause today and thank someone whose care often goes unnoticed.","આ શનિવારના દિવસે, આભાર માનવાની ટેવ હોય તો રોજિંદી નાની ખુશીઓ પણ દેખાય છે. આજે એવા કોઈને આભાર કહો, જેમની કાળજી આપણે ઘણી વાર સ્વાભાવિક માની લઈએ છીએ.",Premium greeting-card artwork for Purposeful Day; cultural context: Indian; mood: Purpose; season: Autumn-Festival; elegant composition with clear bilingual text space; authentic details; no text inside artwork.,Lotus Pink,Royal Greeting,Autumn-Festival,EN+GU,Draft,1.0,Evergreen,Gratitude,"Purposeful Day is presented in this working calendar as a day for thoughtful reflection, cultural respect and positive action.",Natural spoken Gujarati — reviewed,EVERGREEN-219
2026-11-22,Sunday,Learning Day,શીખવાનો દિવસ,Education,Indian,Wisdom,3,"On this Sunday, every difficulty can teach something that comfort cannot. Ask one question today without being afraid of not knowing.","આ રવિવારના દિવસે, મુશ્કેલી ઘણી વાર એવી વાત શીખવે છે જે આરામમાં ક્યારેય સમજાતી નથી. આજે કંઈ ખબર ન હોય તો નિઃસંકોચ પૂછો.",Premium greeting-card artwork for Character Day; cultural context: Indian; mood: Integrity; season: Autumn-Festival; elegant composition with clear bilingual text space; authentic details; no text inside artwork.,Peacock Royal,Modern Editorial,Autumn-Festival,EN+GU,Draft,1.0,Evergreen,Wisdom,"Character Day is presented in this working calendar as a day for thoughtful reflection, cultural respect and positive action.",Natural spoken Gujarati — reviewed,EVERGREEN-220
2026-11-23,Monday,Kindness Day,દયાનો દિવસ,Social Values,Indian,Compassion,3,"On this Monday, a small kindness can become the best part of someone's day. Offer help before someone has to ask twice.","આ સોમવારના દિવસે, દયાનો નાનો હાવભાવ પણ કોઈના આખા દિવસને સુંદર બનાવી શકે છે. કોઈને વારંવાર કહેવું ન પડે તે પહેલાં મદદનો હાથ આપો.",Premium greeting-card artwork for Gratitude Day; cultural context: Indian; mood: Gratitude; season: Autumn-Festival; elegant composition with clear bilingual text space; authentic details; no text inside artwork.,Lotus Pink,Royal Greeting,Autumn-Festival,EN+GU,Draft,1.0,Evergreen,Compassion,"Gratitude Day is presented in this working calendar as a day for thoughtful reflection, cultural respect and positive action.",Natural spoken Gujarati — reviewed,EVERGREEN-221
2026-11-24,Tuesday,Dev Diwali • Guru Nanak Jayanti,દેવ દિવાળી • ગુરુ નાનક જયંતી,Religious Festival,Indian,Devotion,1,"Let the meaning of Dev Diwali • Guru Nanak Jayanti guide us toward responsibility, respect and thoughtful action.","દેવ દિવાળી • ગુરુ નાનક જયંતીનો અર્થ આપણને જવાબદારી, સન્માન અને વિચારપૂર્વકના કાર્ય તરફ દોરી જાય.",Premium greeting-card artwork for Dev Diwali • Guru Nanak Jayanti; cultural context: Indian; mood: Devotion; season: Autumn-Festival; elegant composition with clear bilingual text space; authentic details; no text inside artwork.,Festival Gold,Spiritual Serenity,Autumn-Festival,EN+GU,Draft,1.0,Named Occasion,Devotion,"Dev Diwali • Guru Nanak Jayanti is presented in this working calendar as a day for thoughtful reflection, cultural respect and positive action.",Festival wording — review before final,OCCASION-2026-11-24
2026-11-25,Wednesday,Discipline Day,શિસ્ત દિવસ,Work Ethics,Indian,Determination,3,"On this Wednesday, discipline turns good intentions into dependable progress. Complete the task you have been postponing.","આ બુધવારના દિવસે, શિસ્ત સારા ઇરાદાને સાચી પ્રગતિમાં બદલે છે. જે કામ વારંવાર મુલતવી રાખ્યું છે તે આજે પૂરું કરો.",Premium greeting-card artwork for Kindness Day; cultural context: Indian; mood: Compassion; season: Autumn-Festival; elegant composition with clear bilingual text space; authentic details; no text inside artwork.,Midnight Indigo,Modern Editorial,Autumn-Festival,EN+GU,Draft,1.0,Evergreen,Determination,"Kindness Day is presented in this working calendar as a day for thoughtful reflection, cultural respect and positive action.",Natural spoken Gujarati — reviewed,EVERGREEN-222
2026-11-26,Thursday,Constitution Day of India • Thanksgiving Day,ભારતનો બંધારણ દિવસ • થેન્ક્સગિવિંગ દિવસ,Civic and International,Indian and Western,Gratitude,1,"Let the meaning of Constitution Day of India • Thanksgiving Day guide us toward responsibility, respect and thoughtful action.","ભારતનો બંધારણ દિવસ • થેન્ક્સગિવિંગ દિવસનો અર્થ આપણને જવાબદારી, સન્માન અને વિચારપૂર્વકના કાર્ય તરફ દોરી જાય.",Premium greeting-card artwork for Constitution Day of India • Thanksgiving Day; cultural context: Indian and Western; mood: Gratitude; season: Autumn-Festival; elegant composition with clear bilingual text space; authentic details; no text inside artwork.,Heritage Sandstone,Classic Heritage,Autumn-Festival,EN+GU,Draft,1.0,Named Occasion,Gratitude,"Constitution Day of India • Thanksgiving Day is presented in this working calendar as a day for thoughtful reflection, cultural respect and positive action.",Festival wording — review before final,OCCASION-2026-11-26
2026-11-27,Friday,Family Values Day,પરિવાર મૂલ્યો દિવસ,Family,Indian,Affection,3,"On this Friday, strong families are built through time, respect and listening. Give someone at home your full attention today.","આ શુક્રવારના દિવસે, મજબૂત પરિવાર સમય, સન્માન અને એકબીજાને સાંભળવાથી બને છે. આજે ઘરના કોઈને થોડો સમય પૂરા ધ્યાનથી સાંભળો.",Premium greeting-card artwork for Family Values Day; cultural context: Indian; mood: Affection; season: Autumn-Festival; elegant composition with clear bilingual text space; authentic details; no text inside artwork.,Lotus Pink,Royal Greeting,Autumn-Festival,EN+GU,Draft,1.0,Evergreen,Affection,"Family Values Day is presented in this working calendar as a day for thoughtful reflection, cultural respect and positive action.",Natural spoken Gujarati — reviewed,EVERGREEN-223
2026-11-28,Saturday,Service Day,સેવાનો દિવસ,Social Responsibility,Indian,Service,3,"On this Saturday, service becomes noble when humility is greater than recognition. Do one useful thing today without announcing it.","આ શનિવારના દિવસે, પ્રસિદ્ધિ કરતાં વિનમ્રતા મોટી હોય ત્યારે સેવા મહાન બને છે. આજે એક કામ કોઈને કહ્યા વગર કરી આપો.",Premium greeting-card artwork for Service Day; cultural context: Indian; mood: Service; season: Autumn-Festival; elegant composition with clear bilingual text space; authentic details; no text inside artwork.,Royal Saffron,Classic Heritage,Autumn-Festival,EN+GU,Draft,1.0,Evergreen,Service,"Service Day is presented in this working calendar as a day for thoughtful reflection, cultural respect and positive action.",Natural spoken Gujarati — reviewed,EVERGREEN-224
2026-11-29,Sunday,Patience Day,ધીરજ દિવસ,Everyday Inspiration,Indian,Calm,3,"On this Sunday, patience is steady effort without unnecessary anxiety. Continue the process without judging it too early.","આ રવિવારના દિવસે, ધીરજ એટલે હાથ પર હાથ ધરી બેસવું નહીં; ચિંતા વગર સતત પ્રયત્ન કરવો. પરિણામ વહેલું ન દેખાય તો પણ પ્રક્રિયા ચાલુ રાખો.",Premium greeting-card artwork for Patience Day; cultural context: Indian; mood: Calm; season: Autumn-Festival; elegant composition with clear bilingual text space; authentic details; no text inside artwork.,Monsoon Green,Spiritual Serenity,Autumn-Festival,EN+GU,Draft,1.0,Evergreen,Calm,"Patience Day is presented in this working calendar as a day for thoughtful reflection, cultural respect and positive action.",Natural spoken Gujarati — reviewed,EVERGREEN-225
2026-11-30,Monday,Unity Day,એકતા દિવસ,Indian Values,Indian,Unity,3,"On this Monday, differences become strength when respect remains common. Work with someone whose approach differs from yours.","આ સોમવારના દિવસે, પરસ્પર સન્માન હોય તો ભિન્નતા પણ શક્તિ બની જાય છે. આજે તમારી રીતથી અલગ રીતે કામ કરનાર સાથે સહકાર આપો.",Premium greeting-card artwork for Unity Day; cultural context: Indian; mood: Unity; season: Autumn-Festival; elegant composition with clear bilingual text space; authentic details; no text inside artwork.,Royal Saffron,Classic Heritage,Autumn-Festival,EN+GU,Draft,1.0,Evergreen,Unity,"Unity Day is presented in this working calendar as a day for thoughtful reflection, cultural respect and positive action.",Natural spoken Gujarati — reviewed,EVERGREEN-226
2026-12-01,Tuesday,Courage Day,હિંમત દિવસ,Everyday Inspiration,Indian,Courage,3,"On this Tuesday, courage is often a quiet decision to do what is right. Take the necessary step even if confidence is not perfect.","આ મંગળવારના દિવસે, હિંમત ઘણી વાર શોર નહીં, પરંતુ સાચું કરવાની શાંત પસંદગી હોય છે. પૂરો આત્મવિશ્વાસ ન હોય તો પણ જરૂરી પગલું भरो.",Premium Indian-context greeting-card artwork for Mindful Living Day; mood: Balance; season: Winter; elegant composition with clear bilingual text space; no text inside artwork.,Midnight Indigo,Modern Editorial,Winter,EN+GU,Draft,1.0,Evergreen,Courage,"Mindful Living Day is presented in this working calendar as a day for thoughtful reflection, cultural respect and positive action.",Natural spoken Gujarati — reviewed,EVERGREEN-227
2026-12-02,Wednesday,National Pollution Control Day,રાષ્ટ્રીય પ્રદૂષણ નિયંત્રણ દિવસ,Environment,Indian,Responsibility,1,"Let the meaning of National Pollution Control Day guide us toward responsibility, respect and thoughtful action.","રાષ્ટ્રીય પ્રદૂષણ નિયંત્રણ દિવસનો અર્થ આપણને જવાબદારી, સન્માન અને વિચારપૂર્વકના કાર્ય તરફ દોરી જાય.",Premium greeting-card artwork for National Pollution Control Day; cultural context: Indian; mood: Responsibility; season: Winter; elegant composition with clear bilingual text space; authentic details; no text inside artwork.,Monsoon Green,Modern Editorial,Winter,EN+GU,Draft,1.0,Named Occasion,Responsibility,"National Pollution Control Day is presented in this working calendar as a day for thoughtful reflection, cultural respect and positive action.",Festival wording — review before final,OCCASION-2026-12-02
2026-12-03,Thursday,International Day of Persons with Disabilities,દિવ્યાંગ વ્યક્તિઓનો આંતરરાષ્ટ્રીય દિવસ,Inclusion,Global,Inclusion,1,"Let the meaning of International Day of Persons with Disabilities guide us toward responsibility, respect and thoughtful action.","દિવ્યાંગ વ્યક્તિઓનો આંતરરાષ્ટ્રીય દિવસનો અર્થ આપણને જવાબદારી, સન્માન અને વિચારપૂર્વકના કાર્ય તરફ દોરી જાય.",Premium greeting-card artwork for International Day of Persons with Disabilities; cultural context: Global; mood: Inclusion; season: Winter; elegant composition with clear bilingual text space; authentic details; no text inside artwork.,Peacock Royal,Modern Editorial,Winter,EN+GU,Draft,1.0,Named Occasion,Inclusion,"International Day of Persons with Disabilities is presented in this working calendar as a day for thoughtful reflection, cultural respect and positive action.",Festival wording — review before final,OCCASION-2026-12-03
2026-12-04,Friday,Nature Appreciation Day,પ્રકૃતિ કદર દિવસ,Environment,Indian,Nature,3,"On this Friday, caring for nature protects the inheritance of future generations. Reduce one avoidable wasteful habit today.","આ શુક્રવારના દિવસે, પ્રકૃતિની કાળજી લઈએ ત્યારે આવતી પેઢીઓનો વારસો બચાવીએ છીએ. આજે એક બિનજરૂરી બગાડતી ટેવ ઘટાડો.",Premium greeting-card artwork for Character Day; cultural context: Indian; mood: Integrity; season: Winter; elegant composition with clear bilingual text space; authentic details; no text inside artwork.,Monsoon Green,Nature Canvas,Winter,EN+GU,Draft,1.0,Evergreen,Nature,"Character Day is presented in this working calendar as a day for thoughtful reflection, cultural respect and positive action.",Natural spoken Gujarati — reviewed,EVERGREEN-228
2026-12-05,Saturday,World Soil Day • International Volunteer Day,વિશ્વ માટી દિવસ • આંતરરાષ્ટ્રીય સ્વયંસેવક દિવસ,Environment and Service,Global,Service,1,"Let the meaning of World Soil Day • International Volunteer Day guide us toward responsibility, respect and thoughtful action.","વિશ્વ માટી દિવસ • આંતરરાષ્ટ્રીય સ્વયંસેવક દિવસનો અર્થ આપણને જવાબદારી, સન્માન અને વિચારપૂર્વકના કાર્ય તરફ દોરી જાય.",Premium greeting-card artwork for World Soil Day • International Volunteer Day; cultural context: Global; mood: Service; season: Winter; elegant composition with clear bilingual text space; authentic details; no text inside artwork.,Monsoon Green,Nature Canvas,Winter,EN+GU,Draft,1.0,Named Occasion,Service,"World Soil Day • International Volunteer Day is presented in this working calendar as a day for thoughtful reflection, cultural respect and positive action.",Festival wording — review before final,OCCASION-2026-12-05
2026-12-06,Sunday,Purposeful Day,હેતુપૂર્ણ દિવસ,Everyday Inspiration,Indian,Purpose,3,"On this Sunday, when the purpose is clear, ordinary work begins to feel meaningful. Choose one worthwhile task and do it well today.","આ રવિવારના દિવસે, મન એકાગ્ર હોય તો સામાન્ય દિવસ પણ કામનો બની જાય છે. આજે એક સારું કામ પસંદ કરો અને દિલથી પૂરું કરો.",Premium greeting-card artwork for Learning Day; cultural context: Indian; mood: Wisdom; season: Winter; elegant composition with clear bilingual text space; authentic details; no text inside artwork.,Heritage Sandstone,Modern Editorial,Winter,EN+GU,Draft,1.0,Evergreen,Purpose,"Learning Day is presented in this working calendar as a day for thoughtful reflection, cultural respect and positive action.",Natural spoken Gujarati — reviewed,EVERGREEN-229
2026-12-07,Monday,Armed Forces Flag Day,સશસ્ત્ર સેના ધ્વજ દિવસ,National Observance,Indian,Respect,1,"Let the meaning of Armed Forces Flag Day guide us toward responsibility, respect and thoughtful action.","સશસ્ત્ર સેના ધ્વજ દિવસનો અર્થ આપણને જવાબદારી, સન્માન અને વિચારપૂર્વકના કાર્ય તરફ દોરી જાય.",Premium greeting-card artwork for Armed Forces Flag Day; cultural context: Indian; mood: Respect; season: Winter; elegant composition with clear bilingual text space; authentic details; no text inside artwork.,Heritage Sandstone,Classic Heritage,Winter,EN+GU,Draft,1.0,Named Occasion,Respect,"Armed Forces Flag Day is presented in this working calendar as a day for thoughtful reflection, cultural respect and positive action.",Festival wording — review before final,OCCASION-2026-12-07
2026-12-08,Tuesday,Character Day,ચારિત્ર્ય દિવસ,Indian Values,Indian,Integrity,3,"On this Tuesday, the strongest reputation begins with private honesty. Do the right thing even when it brings no applause.","આ મંગળવારના દિવસે, સાચી ઈમાનદારી એ છે કે એકલા હોઈએ ત્યારે પણ ખોટું ન કરીએ. વખાણ ન મળે તો પણ સાચું કામ કરો.",Premium greeting-card artwork for Discipline Day; cultural context: Indian; mood: Determination; season: Winter; elegant composition with clear bilingual text space; authentic details; no text inside artwork.,Heritage Sandstone,Classic Heritage,Winter,EN+GU,Draft,1.0,Evergreen,Integrity,"Discipline Day is presented in this working calendar as a day for thoughtful reflection, cultural respect and positive action.",Natural spoken Gujarati — reviewed,EVERGREEN-230
2026-12-09,Wednesday,International Anti-Corruption Day,આંતરરાષ્ટ્રીય ભ્રષ્ટાચાર વિરોધી દિવસ,Civic,Global,Integrity,1,"Let the meaning of International Anti-Corruption Day guide us toward responsibility, respect and thoughtful action.","આંતરરાષ્ટ્રીય ભ્રષ્ટાચાર વિરોધી દિવસનો અર્થ આપણને જવાબદારી, સન્માન અને વિચારપૂર્વકના કાર્ય તરફ દોરી જાય.",Premium greeting-card artwork for International Anti-Corruption Day; cultural context: Global; mood: Integrity; season: Winter; elegant composition with clear bilingual text space; authentic details; no text inside artwork.,Heritage Sandstone,Modern Editorial,Winter,EN+GU,Draft,1.0,Named Occasion,Integrity,"International Anti-Corruption Day is presented in this working calendar as a day for thoughtful reflection, cultural respect and positive action.",Festival wording — review before final,OCCASION-2026-12-09
2026-12-10,Thursday,Human Rights Day,માનવ અધિકાર દિવસ,Global Values,Global,Justice,1,"Let the meaning of Human Rights Day guide us toward responsibility, respect and thoughtful action.","માનવ અધિકાર દિવસનો અર્થ આપણને જવાબદારી, સન્માન અને વિચારપૂર્વકના કાર્ય તરફ દોરી જાય.",Premium greeting-card artwork for Human Rights Day; cultural context: Global; mood: Justice; season: Winter; elegant composition with clear bilingual text space; authentic details; no text inside artwork.,Midnight Indigo,Modern Editorial,Winter,EN+GU,Draft,1.0,Named Occasion,Justice,"Human Rights Day is presented in this working calendar as a day for thoughtful reflection, cultural respect and positive action.",Festival wording — review before final,OCCASION-2026-12-10
2026-12-11,Friday,International Mountain Day,આંતરરાષ્ટ્રીય પર્વત દિવસ,Environment,Global,Nature,1,"Let the meaning of International Mountain Day guide us toward responsibility, respect and thoughtful action.","આંતરરાષ્ટ્રીય પર્વત દિવસનો અર્થ આપણને જવાબદારી, સન્માન અને વિચારપૂર્વકના કાર્ય તરફ દોરી જાય.",Premium greeting-card artwork for International Mountain Day; cultural context: Global; mood: Nature; season: Winter; elegant composition with clear bilingual text space; authentic details; no text inside artwork.,Monsoon Green,Nature Canvas,Winter,EN+GU,Draft,1.0,Named Occasion,Nature,"International Mountain Day is presented in this working calendar as a day for thoughtful reflection, cultural respect and positive action.",Festival wording — review before final,OCCASION-2026-12-11
2026-12-12,Saturday,Gratitude Day,કૃતજ્ઞતા દિવસ,Indian Values,Indian,Gratitude,3,"On this Saturday, a thankful heart sees abundance where others see routine. Pause today and thank someone whose care often goes unnoticed.","આ શનિવારના દિવસે, કૃતજ્ઞ મન સામાન્ય બાબતમાં પણ આશીર્વાદ શોધી લે છે. આજે એવા કોઈને આભાર કહો, જેમની કાળજી આપણે ઘણી વાર સ્વાભાવિક માની લઈએ છીએ.",Premium greeting-card artwork for Unity Day; cultural context: Indian; mood: Unity; season: Winter; elegant composition with clear bilingual text space; authentic details; no text inside artwork.,Lotus Pink,Royal Greeting,Winter,EN+GU,Draft,1.0,Evergreen,Gratitude,"Unity Day is presented in this working calendar as a day for thoughtful reflection, cultural respect and positive action.",Natural spoken Gujarati — reviewed,EVERGREEN-231
2026-12-13,Sunday,Learning Day,શીખવાનો દિવસ,Education,Indian,Wisdom,3,"On this Sunday, learning continues when curiosity remains stronger than ego. Ask one question today without being afraid of not knowing.","આ રવિવારના દિવસે, અહંકાર કરતાં જિજ્ઞાસા મોટી રહે ત્યારે શીખવાનું ચાલુ રહે છે. આજે કંઈ ખબર ન હોય તો નિઃસંકોચ પૂછો.",Premium greeting-card artwork for Courage Day; cultural context: Indian; mood: Courage; season: Winter; elegant composition with clear bilingual text space; authentic details; no text inside artwork.,Peacock Royal,Modern Editorial,Winter,EN+GU,Draft,1.0,Evergreen,Wisdom,"Courage Day is presented in this working calendar as a day for thoughtful reflection, cultural respect and positive action.",Natural spoken Gujarati — reviewed,EVERGREEN-232
2026-12-14,Monday,Kindness Day,દયાનો દિવસ,Social Values,Indian,Compassion,3,"On this Monday, gentle words often reach places that advice cannot. Offer help before someone has to ask twice.","આ સોમવારના દિવસે, ક્યારેક બે મીઠા શબ્દો મોટી સલાહ કરતાં વધુ અસર કરે છે. કોઈને વારંવાર કહેવું ન પડે તે પહેલાં મદદનો હાથ આપો.",Premium greeting-card artwork for Nature Appreciation Day; cultural context: Indian; mood: Nature; season: Winter; elegant composition with clear bilingual text space; authentic details; no text inside artwork.,Lotus Pink,Royal Greeting,Winter,EN+GU,Draft,1.0,Evergreen,Compassion,"Nature Appreciation Day is presented in this working calendar as a day for thoughtful reflection, cultural respect and positive action.",Natural spoken Gujarati — reviewed,EVERGREEN-233
2026-12-15,Tuesday,Discipline Day,શિસ્ત દિવસ,Work Ethics,Indian,Determination,3,"On this Tuesday, consistency matters more than occasional bursts of effort. Complete the task you have been postponing.","આ મંગળવારના દિવસે, ક્યારેક બહુ મહેનત કરતાં રોજ થોડું સતત કરવું વધુ કામ આવે છે. જે કામ વારંવાર મુલતવી રાખ્યું છે તે આજે પૂરું કરો.",Premium greeting-card artwork for Purposeful Day; cultural context: Indian; mood: Purpose; season: Winter; elegant composition with clear bilingual text space; authentic details; no text inside artwork.,Midnight Indigo,Modern Editorial,Winter,EN+GU,Draft,1.0,Evergreen,Determination,"Purposeful Day is presented in this working calendar as a day for thoughtful reflection, cultural respect and positive action.",Natural spoken Gujarati — reviewed,EVERGREEN-234
2026-12-16,Wednesday,Vijay Diwas,વિજય દિવસ,National Remembrance,Indian,Pride,1,"Let the meaning of Vijay Diwas guide us toward responsibility, respect and thoughtful action.","વિજય દિવસનો અર્થ આપણને જવાબદારી, સન્માન અને વિચારપૂર્વકના કાર્ય તરફ દોરી જાય.",Premium greeting-card artwork for Vijay Diwas; cultural context: Indian; mood: Pride; season: Winter; elegant composition with clear bilingual text space; authentic details; no text inside artwork.,Heritage Sandstone,Classic Heritage,Winter,EN+GU,Draft,1.0,Named Occasion,Pride,"Vijay Diwas is presented in this working calendar as a day for thoughtful reflection, cultural respect and positive action.",Festival wording — review before final,OCCASION-2026-12-16
2026-12-17,Thursday,Family Values Day,પરિવાર મૂલ્યો દિવસ,Family,Indian,Affection,3,"On this Thursday, love feels safest when people are heard without judgment. Give someone at home your full attention today.","આ ગુરુવારના દિવસે, નિર્ણય કર્યા વગર સાંભળવામાં આવે ત્યારે પ્રેમ વધુ સુરક્ષિત લાગે છે. આજે ઘરના કોઈને થોડો સમય પૂરા ધ્યાનથી સાંભળો.",Premium greeting-card artwork for Gratitude Day; cultural context: Indian; mood: Gratitude; season: Winter; elegant composition with clear bilingual text space; authentic details; no text inside artwork.,Lotus Pink,Royal Greeting,Winter,EN+GU,Draft,1.0,Evergreen,Affection,"Gratitude Day is presented in this working calendar as a day for thoughtful reflection, cultural respect and positive action.",Natural spoken Gujarati — reviewed,EVERGREEN-235
2026-12-18,Friday,International Migrants Day,આંતરરાષ્ટ્રીય સ્થળાંતરિત દિવસ,Global Values,Global,Compassion,1,"Let the meaning of International Migrants Day guide us toward responsibility, respect and thoughtful action.","આંતરરાષ્ટ્રીય સ્થળાંતરિત દિવસનો અર્થ આપણને જવાબદારી, સન્માન અને વિચારપૂર્વકના કાર્ય તરફ દોરી જાય.",Premium greeting-card artwork for International Migrants Day; cultural context: Global; mood: Compassion; season: Winter; elegant composition with clear bilingual text space; authentic details; no text inside artwork.,Peacock Royal,Modern Editorial,Winter,EN+GU,Draft,1.0,Named Occasion,Compassion,"International Migrants Day is presented in this working calendar as a day for thoughtful reflection, cultural respect and positive action.",Festival wording — review before final,OCCASION-2026-12-18
2026-12-19,Saturday,Service Day,સેવાનો દિવસ,Social Responsibility,Indian,Service,3,"On this Saturday, useful work done quietly often creates the deepest impact. Do one useful thing today without announcing it.","આ શનિવારના દિવસે, શાંતિથી કરેલું કામ ઘણી વાર સૌથી ઊંડી અસર કરે છે. આજે એક કામ કોઈને કહ્યા વગર કરી આપો.",Premium greeting-card artwork for Kindness Day; cultural context: Indian; mood: Compassion; season: Winter; elegant composition with clear bilingual text space; authentic details; no text inside artwork.,Royal Saffron,Classic Heritage,Winter,EN+GU,Draft,1.0,Evergreen,Service,"Kindness Day is presented in this working calendar as a day for thoughtful reflection, cultural respect and positive action.",Natural spoken Gujarati — reviewed,EVERGREEN-236
2026-12-20,Sunday,Patience Day,ધીરજ દિવસ,Everyday Inspiration,Indian,Calm,3,"On this Sunday, some results need time even when the work is being done correctly. Continue the process without judging it too early.","આ રવિવારના દિવસે, કામ સાચું ચાલતું હોય તો પણ કેટલાક પરિણામને સમય લાગે છે. પરિણામ વહેલું ન દેખાય તો પણ પ્રક્રિયા ચાલુ રાખો.",Premium greeting-card artwork for Discipline Day; cultural context: Indian; mood: Determination; season: Winter; elegant composition with clear bilingual text space; authentic details; no text inside artwork.,Monsoon Green,Spiritual Serenity,Winter,EN+GU,Draft,1.0,Evergreen,Calm,"Discipline Day is presented in this working calendar as a day for thoughtful reflection, cultural respect and positive action.",Natural spoken Gujarati — reviewed,EVERGREEN-237
2026-12-21,Monday,Winter Solstice,શિયાળુ અયનાંત,Seasonal,Global,Reflection,1,"Let the meaning of Winter Solstice guide us toward responsibility, respect and thoughtful action.","શિયાળુ અયનાંતનો અર્થ આપણને જવાબદારી, સન્માન અને વિચારપૂર્વકના કાર્ય તરફ દોરી જાય.",Premium greeting-card artwork for Winter Solstice; cultural context: Global; mood: Reflection; season: Winter; elegant composition with clear bilingual text space; authentic details; no text inside artwork.,Midnight Indigo,Nature Canvas,Winter,EN+GU,Draft,1.0,Named Occasion,Reflection,"Winter Solstice is presented in this working calendar as a day for thoughtful reflection, cultural respect and positive action.",Festival wording — review before final,OCCASION-2026-12-21
2026-12-22,Tuesday,Unity Day,એકતા દિવસ,Indian Values,Indian,Unity,3,"On this Tuesday, unity does not require sameness; it requires cooperation. Work with someone whose approach differs from yours.","આ મંગળવારના દિવસે, એકતા માટે બધાં સરખાં હોવું જરૂરી નથી; સાથે કામ કરવાની તૈયારી જરૂરી છે. આજે તમારી રીતથી અલગ રીતે કામ કરનાર સાથે સહકાર આપો.",Premium greeting-card artwork for Service Day; cultural context: Indian; mood: Service; season: Winter; elegant composition with clear bilingual text space; authentic details; no text inside artwork.,Royal Saffron,Classic Heritage,Winter,EN+GU,Draft,1.0,Evergreen,Unity,"Service Day is presented in this working calendar as a day for thoughtful reflection, cultural respect and positive action.",Natural spoken Gujarati — reviewed,EVERGREEN-238
2026-12-23,Wednesday,Courage Day,હિંમત દિવસ,Everyday Inspiration,Indian,Courage,3,"On this Wednesday, bravery begins when fear is acknowledged but not obeyed. Take the necessary step even if confidence is not perfect.","આ બુધવારના દિવસે, ડર હોવા છતાં તેની આજ્ઞા ન માનવી એ જ બહાદુરીની શરૂઆત છે. પૂરો આત્મવિશ્વાસ ન હોય તો પણ જરૂરી પગલું भरो.",Premium greeting-card artwork for Patience Day; cultural context: Indian; mood: Calm; season: Winter; elegant composition with clear bilingual text space; authentic details; no text inside artwork.,Midnight Indigo,Modern Editorial,Winter,EN+GU,Draft,1.0,Evergreen,Courage,"Patience Day is presented in this working calendar as a day for thoughtful reflection, cultural respect and positive action.",Natural spoken Gujarati — reviewed,EVERGREEN-239
2026-12-24,Thursday,Christmas Eve,નાતાલની પૂર્વસંધ્યા,Religious Celebration,Christian,Peace,1,"Let the meaning of Christmas Eve guide us toward responsibility, respect and thoughtful action.","નાતાલની પૂર્વસંધ્યાનો અર્થ આપણને જવાબદારી, સન્માન અને વિચારપૂર્વકના કાર્ય તરફ દોરી જાય.",Premium greeting-card artwork for Christmas Eve; cultural context: Christian; mood: Peace; season: Winter; elegant composition with clear bilingual text space; authentic details; no text inside artwork.,Festival Gold,Royal Greeting,Winter,EN+GU,Draft,1.0,Named Occasion,Peace,"Christmas Eve is presented in this working calendar as a day for thoughtful reflection, cultural respect and positive action.",Festival wording — review before final,OCCASION-2026-12-24
2026-12-25,Friday,Christmas Day,નાતાલ દિવસ,Religious Festival,Christian,Joy,1,"May compassion enter every home, peace guide every conversation and hope brighten every tomorrow.","દરેક ઘરમાં પ્રેમ વસે, દરેક સંબંધમાં શાંતિ રહે અને આવતીકાલ નવી આશા લઈને આવે.",Premium greeting-card artwork for Christmas Day; cultural context: Christian; mood: Joy; season: Winter; elegant composition with clear bilingual text space; authentic details; no text inside artwork.,Festival Gold,Royal Greeting,Winter,EN+GU,Draft,1.0,Named Occasion,Peace,"Christmas commemorates the birth of Jesus Christ and is celebrated through prayer, family gatherings, generosity and messages of peace, compassion and hope.",Festival wording — review before final,OCCASION-2026-12-25
2026-12-26,Saturday,Nature Appreciation Day,પ્રકૃતિ કદર દિવસ,Environment,Indian,Nature,3,"On this Saturday, nature gives quietly, but its loss is felt by everyone. Reduce one avoidable wasteful habit today.","આ શનિવારના દિવસે, પ્રકૃતિ શાંતિથી આપતી રહે છે, પણ તેનો નુકસાન બધાને સહન કરવું પડે છે. આજે એક બિનજરૂરી બગાડતી ટેવ ઘટાડો.",Premium greeting-card artwork for Nature Appreciation Day; cultural context: Indian; mood: Nature; season: Winter; elegant composition with clear bilingual text space; authentic details; no text inside artwork.,Monsoon Green,Nature Canvas,Winter,EN+GU,Draft,1.0,Evergreen,Nature,"Nature Appreciation Day is presented in this working calendar as a day for thoughtful reflection, cultural respect and positive action.",Natural spoken Gujarati — reviewed,EVERGREEN-240
2026-12-27,Sunday,Purposeful Day,હેતુપૂર્ણ દિવસ,Everyday Inspiration,Indian,Purpose,3,"On this Sunday, a focused mind turns a simple day into useful progress. Choose one worthwhile task and do it well today.","આ રવિવારના દિવસે, શું કરવું છે તે નક્કી હોય તો મહેનતનો દરેક પગલું અર્થપૂર્ણ બને છે. આજે એક સારું કામ પસંદ કરો અને દિલથી પૂરું કરો.",Premium greeting-card artwork for Purposeful Day; cultural context: Indian; mood: Purpose; season: Winter; elegant composition with clear bilingual text space; authentic details; no text inside artwork.,Heritage Sandstone,Modern Editorial,Winter,EN+GU,Draft,1.0,Evergreen,Purpose,"Purposeful Day is presented in this working calendar as a day for thoughtful reflection, cultural respect and positive action.",Natural spoken Gujarati — reviewed,EVERGREEN-241
2026-12-28,Monday,Character Day,ચારિત્ર્ય દિવસ,Indian Values,Indian,Integrity,3,"On this Monday, good character is built quietly, one decision at a time. Do the right thing even when it brings no applause.","આ સોમવારના દિવસે, સારા સંસ્કાર મોટા પ્રસંગે નહીં, રોજની નાની પસંદગીઓમાં દેખાય છે. વખાણ ન મળે તો પણ સાચું કામ કરો.",Premium greeting-card artwork for Character Day; cultural context: Indian; mood: Integrity; season: Winter; elegant composition with clear bilingual text space; authentic details; no text inside artwork.,Heritage Sandstone,Classic Heritage,Winter,EN+GU,Draft,1.0,Evergreen,Integrity,"Character Day is presented in this working calendar as a day for thoughtful reflection, cultural respect and positive action.",Natural spoken Gujarati — reviewed,EVERGREEN-242
2026-12-29,Tuesday,Gratitude Day,કૃતજ્ઞતા દિવસ,Indian Values,Indian,Gratitude,3,"On this Tuesday, appreciation brings peace without reducing ambition. Pause today and thank someone whose care often goes unnoticed.","આ મંગળવારના દિવસે, જે મળ્યું છે તેની કદર કરવાથી આગળ વધવાની ઇચ્છા ઓછી થતી નથી, મન શાંત બને છે. આજે એવા કોઈને આભાર કહો, જેમની કાળજી આપણે ઘણી વાર સ્વાભાવિક માની લઈએ છીએ.",Premium greeting-card artwork for Gratitude Day; cultural context: Indian; mood: Gratitude; season: Winter; elegant composition with clear bilingual text space; authentic details; no text inside artwork.,Lotus Pink,Royal Greeting,Winter,EN+GU,Draft,1.0,Evergreen,Gratitude,"Gratitude Day is presented in this working calendar as a day for thoughtful reflection, cultural respect and positive action.",Natural spoken Gujarati — reviewed,EVERGREEN-243
2026-12-30,Wednesday,Learning Day,શીખવાનો દિવસ,Education,Indian,Wisdom,3,"On this Wednesday, a thoughtful question can open a new direction. Ask one question today without being afraid of not knowing.","આ બુધવારના દિવસે, સાચો પ્રશ્ન નવી દિશાનો દરવાજો ખોલી શકે છે. આજે કંઈ ખબર ન હોય તો નિઃસંકોચ પૂછો.",Premium greeting-card artwork for Learning Day; cultural context: Indian; mood: Wisdom; season: Winter; elegant composition with clear bilingual text space; authentic details; no text inside artwork.,Peacock Royal,Modern Editorial,Winter,EN+GU,Draft,1.0,Evergreen,Wisdom,"Learning Day is presented in this working calendar as a day for thoughtful reflection, cultural respect and positive action.",Natural spoken Gujarati — reviewed,EVERGREEN-244
2026-12-31,Thursday,New Year's Eve,નવા વર્ષની પૂર્વસંધ્યા,International Celebration,Western,Reflection,1,"Let the meaning of New Year's Eve guide us toward responsibility, respect and thoughtful action.","નવા વર્ષની પૂર્વસંધ્યાનો અર્થ આપણને જવાબદારી, સન્માન અને વિચારપૂર્વકના કાર્ય તરફ દોરી જાય.",Premium greeting-card artwork for New Year's Eve; cultural context: Western; mood: Reflection; season: Winter; elegant composition with clear bilingual text space; authentic details; no text inside artwork.,Midnight Indigo,Royal Greeting,Winter,EN+GU,Draft,1.0,Named Occasion,Reflection,"New Year's Eve is presented in this working calendar as a day for thoughtful reflection, cultural respect and positive action.",Festival wording — review before final,OCCASION-2026-12-31
