Date,Day,Occasion_English,Occasion_Gujarati,Category,Cultural_Context,Visual_Mood,Priority,Message_English,Message_Gujarati,Illustration_Prompt,Palette,Style,Season,Language,Approval_Status,Version,Record_Type
2026-01-01,Thursday,New Year's Day,નવા વર્ષનો દિવસ,International Celebration,Global,Hope,1,A new year does not change life by itself; meaningful change begins with the choices we make each day.,નવું વર્ષ પોતે જીવન બદલતું નથી; અર્થપૂર્ણ પરિવર્તન દરરોજ આપણે કરેલી પસંદગીઓથી શરૂ થાય છે.,Premium greeting-card artwork for New Year's Day; cultural context: Global; mood: Hope; season: Winter; elegant composition with clear bilingual text space; authentic details; no text inside artwork.,Festival Gold,Royal Greeting,Winter,EN+GU,Draft,1.0,Named Occasion
2026-01-02,Friday,Character Day,ચારિત્ર્ય દિવસ,Indian Values,Indian,Integrity,3,"Character is built quietly, through choices made when no one is watching.","ચારિત્ર્ય શાંતિથી બને છે—ખાસ કરીને ત્યારે, જ્યારે કોઈ જોઈ રહ્યું ન હોય અને આપણે યોગ્ય પસંદગી કરીએ.",Premium greeting-card artwork for Character Day; cultural context: Indian; mood: Integrity; season: Winter; elegant composition with clear bilingual text space; authentic details; no text inside artwork.,Heritage Sandstone,Classic Heritage,Winter,EN+GU,Draft,1.0,Evergreen
2026-01-03,Saturday,Gratitude Day,કૃતજ્ઞતા દિવસ,Indian Values,Indian,Gratitude,3,Gratitude does not reduce ambition; it gives ambition a peaceful foundation.,કૃતજ્ઞતા મહત્ત્વાકાંક્ષાને ઘટાડતી નથી; તે તેને શાંતિપૂર્ણ આધાર આપે છે.,Premium greeting-card artwork for Gratitude Day; cultural context: Indian; mood: Gratitude; season: Winter; elegant composition with clear bilingual text space; authentic details; no text inside artwork.,Lotus Pink,Royal Greeting,Winter,EN+GU,Draft,1.0,Evergreen
2026-01-04,Sunday,World Braille Day,વિશ્વ બ્રેલ દિવસ,International Observance,Global,Inclusion,1,"Let the meaning of World Braille Day guide us toward responsibility, respect and thoughtful action.","વિશ્વ બ્રેલ દિવસનો અર્થ આપણને જવાબદારી, સન્માન અને વિચારપૂર્વકના કાર્ય તરફ દોરી જાય.",Premium greeting-card artwork for World Braille Day; cultural context: Global; mood: Inclusion; season: Winter; elegant composition with clear bilingual text space; authentic details; no text inside artwork.,Midnight Indigo,Modern Editorial,Winter,EN+GU,Draft,1.0,Named Occasion
2026-01-05,Monday,Kindness Day,દયાનો દિવસ,Social Values,Indian,Compassion,3,A small act of kindness can become the part of someone's day they remember most.,દયાનો નાનો કાર્ય કોઈના દિવસની સૌથી યાદગાર ક્ષણ બની શકે છે.,Premium greeting-card artwork for Kindness Day; cultural context: Indian; mood: Compassion; season: Winter; elegant composition with clear bilingual text space; authentic details; no text inside artwork.,Lotus Pink,Royal Greeting,Winter,EN+GU,Draft,1.0,Evergreen
2026-01-06,Tuesday,Discipline Day,શિસ્ત દિવસ,Work Ethics,Indian,Determination,3,Discipline turns good intentions into steady progress.,શિસ્ત સારા ઇરાદાઓને સતત પ્રગતિમાં બદલે છે.,Premium greeting-card artwork for Discipline Day; cultural context: Indian; mood: Determination; season: Winter; elegant composition with clear bilingual text space; authentic details; no text inside artwork.,Midnight Indigo,Modern Editorial,Winter,EN+GU,Draft,1.0,Evergreen
2026-01-07,Wednesday,Family Values Day,પરિવાર મૂલ્યો દિવસ,Family,Indian,Affection,3,"A strong family is built through time, respect and the willingness to listen.","મજબૂત પરિવાર સમય, સન્માન અને એકબીજાને સાંભળવાની તૈયારીથી બને છે.",Premium greeting-card artwork for Family Values Day; cultural context: Indian; mood: Affection; season: Winter; elegant composition with clear bilingual text space; authentic details; no text inside artwork.,Lotus Pink,Royal Greeting,Winter,EN+GU,Draft,1.0,Evergreen
2026-01-08,Thursday,Service Day,સેવાનો દિવસ,Social Responsibility,Indian,Service,3,Service becomes noble when it is offered with humility rather than recognition in mind.,"સેવા ત્યારે મહાન બને છે જ્યારે તે પ્રસિદ્ધિ માટે નહીં, પરંતુ વિનમ્રતાથી કરવામાં આવે.",Premium greeting-card artwork for Service Day; cultural context: Indian; mood: Service; season: Winter; elegant composition with clear bilingual text space; authentic details; no text inside artwork.,Royal Saffron,Classic Heritage,Winter,EN+GU,Draft,1.0,Evergreen
2026-01-09,Friday,Pravasi Bharatiya Divas,પ્રવાસી ભારતીય દિવસ,National Observance,Indian,Pride,1,"Let the meaning of Pravasi Bharatiya Divas guide us toward responsibility, respect and thoughtful action.","પ્રવાસી ભારતીય દિવસનો અર્થ આપણને જવાબદારી, સન્માન અને વિચારપૂર્વકના કાર્ય તરફ દોરી જાય.",Premium greeting-card artwork for Pravasi Bharatiya Divas; cultural context: Indian; mood: Pride; season: Winter; elegant composition with clear bilingual text space; authentic details; no text inside artwork.,Heritage Sandstone,Classic Heritage,Winter,EN+GU,Draft,1.0,Named Occasion
2026-01-10,Saturday,World Hindi Day,વિશ્વ હિન્દી દિવસ,Language and Culture,Global,Cultural Pride,1,"Let the meaning of World Hindi Day guide us toward responsibility, respect and thoughtful action.","વિશ્વ હિન્દી દિવસનો અર્થ આપણને જવાબદારી, સન્માન અને વિચારપૂર્વકના કાર્ય તરફ દોરી જાય.",Premium greeting-card artwork for World Hindi Day; cultural context: Global; mood: Cultural Pride; season: Winter; elegant composition with clear bilingual text space; authentic details; no text inside artwork.,Heritage Sandstone,Modern Editorial,Winter,EN+GU,Draft,1.0,Named Occasion
2026-01-11,Sunday,Courage Day,હિંમત દિવસ,Everyday Inspiration,Indian,Courage,3,Courage is often a quiet decision to do what is right despite uncertainty.,હિંમત ઘણીવાર અનિશ્ચિતતા છતાં યોગ્ય કાર્ય કરવાની શાંત પસંદગી હોય છે.,Premium greeting-card artwork for Courage Day; cultural context: Indian; mood: Courage; season: Winter; elegant composition with clear bilingual text space; authentic details; no text inside artwork.,Midnight Indigo,Modern Editorial,Winter,EN+GU,Draft,1.0,Evergreen
2026-01-12,Monday,National Youth Day,રાષ્ટ્રીય યુવા દિવસ,National Observance,Indian,Inspiration,1,"Let the meaning of National Youth Day guide us toward responsibility, respect and thoughtful action.","રાષ્ટ્રીય યુવા દિવસનો અર્થ આપણને જવાબદારી, સન્માન અને વિચારપૂર્વકના કાર્ય તરફ દોરી જાય.",Premium greeting-card artwork for National Youth Day; cultural context: Indian; mood: Inspiration; season: Winter; elegant composition with clear bilingual text space; authentic details; no text inside artwork.,Royal Saffron,Modern Editorial,Winter,EN+GU,Draft,1.0,Named Occasion
2026-01-13,Tuesday,Lohri,લોહડી,Festival,Regional Indian,Joy,1,"Let the meaning of Lohri guide us toward responsibility, respect and thoughtful action.","લોહડીનો અર્થ આપણને જવાબદારી, સન્માન અને વિચારપૂર્વકના કાર્ય તરફ દોરી જાય.",Premium greeting-card artwork for Lohri; cultural context: Regional Indian; mood: Joy; season: Winter; elegant composition with clear bilingual text space; authentic details; no text inside artwork.,Festival Gold,Royal Greeting,Winter,EN+GU,Draft,1.0,Named Occasion
2026-01-14,Wednesday,Makar Sankranti • Uttarayan • Pongal,મકર સંક્રાંતિ • ઉત્તરાયણ • પોંગલ,Festival,Regional Indian,Joy,1,"Let your aspirations rise like a kite, while your values keep you firmly grounded.","તમારી આશાઓ પતંગની જેમ ઊંચી ઉડે, પરંતુ તમારા સંસ્કારો તમને મજબૂત રીતે ધરતી સાથે જોડેલા રાખે.",Premium greeting-card artwork for Makar Sankranti • Uttarayan • Pongal; cultural context: Regional Indian; mood: Joy; season: Winter; elegant composition with clear bilingual text space; authentic details; no text inside artwork.,Royal Saffron,Nature Canvas,Winter,EN+GU,Draft,1.0,Named Occasion
2026-01-15,Thursday,Army Day,સેના દિવસ,National Observance,Indian,Pride,1,"Let the meaning of Army Day guide us toward responsibility, respect and thoughtful action.","સેના દિવસનો અર્થ આપણને જવાબદારી, સન્માન અને વિચારપૂર્વકના કાર્ય તરફ દોરી જાય.",Premium greeting-card artwork for Army Day; cultural context: Indian; mood: Pride; season: Winter; elegant composition with clear bilingual text space; authentic details; no text inside artwork.,Heritage Sandstone,Classic Heritage,Winter,EN+GU,Draft,1.0,Named Occasion
2026-01-16,Friday,Learning Day,શીખવાનો દિવસ,Education,Indian,Wisdom,3,Every person we meet and every difficulty we face can become a teacher.,અપણે મળતા દરેક વ્યક્તિ અને સામનો કરતી દરેક મુશ્કેલી એક શિક્ષક બની શકે છે.,Premium greeting-card artwork for Learning Day; cultural context: Indian; mood: Wisdom; season: Winter; elegant composition with clear bilingual text space; authentic details; no text inside artwork.,Peacock Royal,Modern Editorial,Winter,EN+GU,Draft,1.0,Evergreen
2026-01-17,Saturday,Kindness Day,દયાનો દિવસ,Social Values,Indian,Compassion,3,A small act of kindness can become the part of someone's day they remember most.,દયાનો નાનો કાર્ય કોઈના દિવસની સૌથી યાદગાર ક્ષણ બની શકે છે.,Premium greeting-card artwork for Kindness Day; cultural context: Indian; mood: Compassion; season: Winter; elegant composition with clear bilingual text space; authentic details; no text inside artwork.,Lotus Pink,Royal Greeting,Winter,EN+GU,Draft,1.0,Evergreen
2026-01-18,Sunday,Discipline Day,શિસ્ત દિવસ,Work Ethics,Indian,Determination,3,Discipline turns good intentions into steady progress.,શિસ્ત સારા ઇરાદાઓને સતત પ્રગતિમાં બદલે છે.,Premium greeting-card artwork for Discipline Day; cultural context: Indian; mood: Determination; season: Winter; elegant composition with clear bilingual text space; authentic details; no text inside artwork.,Midnight Indigo,Modern Editorial,Winter,EN+GU,Draft,1.0,Evergreen
2026-01-19,Monday,Family Values Day,પરિવાર મૂલ્યો દિવસ,Family,Indian,Affection,3,"A strong family is built through time, respect and the willingness to listen.","મજબૂત પરિવાર સમય, સન્માન અને એકબીજાને સાંભળવાની તૈયારીથી બને છે.",Premium greeting-card artwork for Family Values Day; cultural context: Indian; mood: Affection; season: Winter; elegant composition with clear bilingual text space; authentic details; no text inside artwork.,Lotus Pink,Royal Greeting,Winter,EN+GU,Draft,1.0,Evergreen
2026-01-20,Tuesday,Service Day,સેવાનો દિવસ,Social Responsibility,Indian,Service,3,Service becomes noble when it is offered with humility rather than recognition in mind.,"સેવા ત્યારે મહાન બને છે જ્યારે તે પ્રસિદ્ધિ માટે નહીં, પરંતુ વિનમ્રતાથી કરવામાં આવે.",Premium greeting-card artwork for Service Day; cultural context: Indian; mood: Service; season: Winter; elegant composition with clear bilingual text space; authentic details; no text inside artwork.,Royal Saffron,Classic Heritage,Winter,EN+GU,Draft,1.0,Evergreen
2026-01-21,Wednesday,Patience Day,ધીરજ દિવસ,Everyday Inspiration,Indian,Calm,3,Patience is not inaction; it is steady effort without unnecessary anxiety.,ધીરજ નિષ્ક્રિયતા નથી; તે અનાવશ્યક ચિંતા વિના સતત પ્રયત્ન છે.,Premium greeting-card artwork for Patience Day; cultural context: Indian; mood: Calm; season: Winter; elegant composition with clear bilingual text space; authentic details; no text inside artwork.,Monsoon Green,Spiritual Serenity,Winter,EN+GU,Draft,1.0,Evergreen
2026-01-22,Thursday,Unity Day,એકતા દિવસ,Indian Values,Indian,Unity,3,Differences become strength when people work together with mutual respect.,લોકો પરસ્પર સન્માનથી સાથે કામ કરે ત્યારે ભિન્નતા શક્તિ બની જાય છે.,Premium greeting-card artwork for Unity Day; cultural context: Indian; mood: Unity; season: Winter; elegant composition with clear bilingual text space; authentic details; no text inside artwork.,Royal Saffron,Classic Heritage,Winter,EN+GU,Draft,1.0,Evergreen
2026-01-23,Friday,Vasant Panchami • Parakram Diwas,વસંત પંચમી • પરાક્રમ દિવસ,Festival and National,Indian,Wisdom,1,"Let the meaning of Vasant Panchami • Parakram Diwas guide us toward responsibility, respect and thoughtful action.","વસંત પંચમી • પરાક્રમ દિવસનો અર્થ આપણને જવાબદારી, સન્માન અને વિચારપૂર્વકના કાર્ય તરફ દોરી જાય.",Premium greeting-card artwork for Vasant Panchami • Parakram Diwas; cultural context: Indian; mood: Wisdom; season: Winter; elegant composition with clear bilingual text space; authentic details; no text inside artwork.,Royal Saffron,Classic Heritage,Winter,EN+GU,Draft,1.0,Named Occasion
2026-01-24,Saturday,National Girl Child Day • International Day of Education,રાષ્ટ્રીય બાળિકા દિવસ • આંતરરાષ્ટ્રીય શિક્ષણ દિવસ,Social and Education,Indian,Empowerment,1,"Let the meaning of National Girl Child Day • International Day of Education guide us toward responsibility, respect and thoughtful action.","રાષ્ટ્રીય બાળિકા દિવસ • આંતરરાષ્ટ્રીય શિક્ષણ દિવસનો અર્થ આપણને જવાબદારી, સન્માન અને વિચારપૂર્વકના કાર્ય તરફ દોરી જાય.",Premium greeting-card artwork for National Girl Child Day • International Day of Education; cultural context: Indian; mood: Empowerment; season: Winter; elegant composition with clear bilingual text space; authentic details; no text inside artwork.,Lotus Pink,Modern Editorial,Winter,EN+GU,Draft,1.0,Named Occasion
2026-01-25,Sunday,National Voters' Day,રાષ્ટ્રીય મતદાતા દિવસ,Civic,Indian,Responsibility,1,"Let the meaning of National Voters' Day guide us toward responsibility, respect and thoughtful action.","રાષ્ટ્રીય મતદાતા દિવસનો અર્થ આપણને જવાબદારી, સન્માન અને વિચારપૂર્વકના કાર્ય તરફ દોરી જાય.",Premium greeting-card artwork for National Voters' Day; cultural context: Indian; mood: Responsibility; season: Winter; elegant composition with clear bilingual text space; authentic details; no text inside artwork.,Heritage Sandstone,Classic Heritage,Winter,EN+GU,Draft,1.0,Named Occasion
2026-01-26,Monday,Republic Day,પ્રજાસત્તાક દિવસ,National,Indian,Pride,1,A Constitution gives a nation its structure; responsible citizens give it strength.,બંધારણ રાષ્ટ્રને માળખું આપે છે; જવાબદાર નાગરિકો તેને શક્તિ આપે છે.,Premium greeting-card artwork for Republic Day; cultural context: Indian; mood: Pride; season: Winter; elegant composition with clear bilingual text space; authentic details; no text inside artwork.,Royal Saffron,Classic Heritage,Winter,EN+GU,Draft,1.0,Named Occasion
2026-01-27,Tuesday,Holocaust Remembrance Day,હોલોકોસ્ટ સ્મૃતિ દિવસ,International Observance,Global,Reflection,1,"Let the meaning of Holocaust Remembrance Day guide us toward responsibility, respect and thoughtful action.","હોલોકોસ્ટ સ્મૃતિ દિવસનો અર્થ આપણને જવાબદારી, સન્માન અને વિચારપૂર્વકના કાર્ય તરફ દોરી જાય.",Premium greeting-card artwork for Holocaust Remembrance Day; cultural context: Global; mood: Reflection; season: Winter; elegant composition with clear bilingual text space; authentic details; no text inside artwork.,Midnight Indigo,Modern Editorial,Winter,EN+GU,Draft,1.0,Named Occasion
2026-01-28,Wednesday,Learning Day,શીખવાનો દિવસ,Education,Indian,Wisdom,3,Every person we meet and every difficulty we face can become a teacher.,અપણે મળતા દરેક વ્યક્તિ અને સામનો કરતી દરેક મુશ્કેલી એક શિક્ષક બની શકે છે.,Premium greeting-card artwork for Learning Day; cultural context: Indian; mood: Wisdom; season: Winter; elegant composition with clear bilingual text space; authentic details; no text inside artwork.,Peacock Royal,Modern Editorial,Winter,EN+GU,Draft,1.0,Evergreen
2026-01-29,Thursday,Kindness Day,દયાનો દિવસ,Social Values,Indian,Compassion,3,A small act of kindness can become the part of someone's day they remember most.,દયાનો નાનો કાર્ય કોઈના દિવસની સૌથી યાદગાર ક્ષણ બની શકે છે.,Premium greeting-card artwork for Kindness Day; cultural context: Indian; mood: Compassion; season: Winter; elegant composition with clear bilingual text space; authentic details; no text inside artwork.,Lotus Pink,Royal Greeting,Winter,EN+GU,Draft,1.0,Evergreen
2026-01-30,Friday,Martyrs' Day,શહીદ દિવસ,National Remembrance,Indian,Reflection,1,"Let the meaning of Martyrs' Day guide us toward responsibility, respect and thoughtful action.","શહીદ દિવસનો અર્થ આપણને જવાબદારી, સન્માન અને વિચારપૂર્વકના કાર્ય તરફ દોરી જાય.",Premium greeting-card artwork for Martyrs' Day; cultural context: Indian; mood: Reflection; season: Winter; elegant composition with clear bilingual text space; authentic details; no text inside artwork.,Heritage Sandstone,Classic Heritage,Winter,EN+GU,Draft,1.0,Named Occasion
2026-01-31,Saturday,Family Values Day,પરિવાર મૂલ્યો દિવસ,Family,Indian,Affection,3,"A strong family is built through time, respect and the willingness to listen.","મજબૂત પરિવાર સમય, સન્માન અને એકબીજાને સાંભળવાની તૈયારીથી બને છે.",Premium greeting-card artwork for Family Values Day; cultural context: Indian; mood: Affection; season: Winter; elegant composition with clear bilingual text space; authentic details; no text inside artwork.,Lotus Pink,Royal Greeting,Winter,EN+GU,Draft,1.0,Evergreen
2026-02-01,Sunday,Indian Coast Guard Day,ભારતીય કોસ્ટ ગાર્ડ દિવસ,National Observance,Indian,Service,1,"Let the meaning of Indian Coast Guard Day guide us toward responsibility, respect and thoughtful action.","ભારતીય કોસ્ટ ગાર્ડ દિવસનો અર્થ આપણને જવાબદારી, સન્માન અને વિચારપૂર્વકના કાર્ય તરફ દોરી જાય.",Premium greeting-card artwork for Indian Coast Guard Day; cultural context: Indian; mood: Service; season: Winter; elegant composition with clear bilingual text space; authentic details; no text inside artwork.,Peacock Royal,Classic Heritage,Winter,EN+GU,Draft,1.0,Named Occasion
2026-02-02,Monday,World Wetlands Day,વિશ્વ આર્દ્રભૂમિ દિવસ,Environment,Global,Nature,1,"Let the meaning of World Wetlands Day guide us toward responsibility, respect and thoughtful action.","વિશ્વ આર્દ્રભૂમિ દિવસનો અર્થ આપણને જવાબદારી, સન્માન અને વિચારપૂર્વકના કાર્ય તરફ દોરી જાય.",Premium greeting-card artwork for World Wetlands Day; cultural context: Global; mood: Nature; season: Winter; elegant composition with clear bilingual text space; authentic details; no text inside artwork.,Monsoon Green,Nature Canvas,Winter,EN+GU,Draft,1.0,Named Occasion
2026-02-03,Tuesday,Unity Day,એકતા દિવસ,Indian Values,Indian,Unity,3,Differences become strength when people work together with mutual respect.,લોકો પરસ્પર સન્માનથી સાથે કામ કરે ત્યારે ભિન્નતા શક્તિ બની જાય છે.,Premium greeting-card artwork for Unity Day; cultural context: Indian; mood: Unity; season: Winter; elegant composition with clear bilingual text space; authentic details; no text inside artwork.,Royal Saffron,Classic Heritage,Winter,EN+GU,Draft,1.0,Evergreen
2026-02-04,Wednesday,Courage Day,હિંમત દિવસ,Everyday Inspiration,Indian,Courage,3,Courage is often a quiet decision to do what is right despite uncertainty.,હિંમત ઘણીવાર અનિશ્ચિતતા છતાં યોગ્ય કાર્ય કરવાની શાંત પસંદગી હોય છે.,Premium greeting-card artwork for Courage Day; cultural context: Indian; mood: Courage; season: Winter; elegant composition with clear bilingual text space; authentic details; no text inside artwork.,Midnight Indigo,Modern Editorial,Winter,EN+GU,Draft,1.0,Evergreen
2026-02-05,Thursday,Nature Appreciation Day,પ્રકૃતિ કદર દિવસ,Environment,Indian,Nature,3,"When we care for nature, we protect the inheritance of generations yet to come.",અપણે પ્રકૃતિની કાળજી લઈએ ત્યારે આવતી પેઢીઓનો વારસો સુરક્ષિત કરીએ છીએ.,Premium greeting-card artwork for Nature Appreciation Day; cultural context: Indian; mood: Nature; season: Winter; elegant composition with clear bilingual text space; authentic details; no text inside artwork.,Monsoon Green,Nature Canvas,Winter,EN+GU,Draft,1.0,Evergreen
2026-02-06,Friday,Purposeful Day,હેતુપૂર્ણ દિવસ,Everyday Inspiration,Indian,Purpose,3,A meaningful day begins when one clear intention guides every small action.,દરેક નાનાં કાર્યને એક સ્પષ્ટ હેતુ દિશા આપે ત્યારે દિવસ અર્થપૂર્ણ બને છે.,Premium greeting-card artwork for Purposeful Day; cultural context: Indian; mood: Purpose; season: Winter; elegant composition with clear bilingual text space; authentic details; no text inside artwork.,Heritage Sandstone,Modern Editorial,Winter,EN+GU,Draft,1.0,Evergreen
2026-02-07,Saturday,Character Day,ચારિત્ર્ય દિવસ,Indian Values,Indian,Integrity,3,"Character is built quietly, through choices made when no one is watching.","ચારિત્ર્ય શાંતિથી બને છે—ખાસ કરીને ત્યારે, જ્યારે કોઈ જોઈ રહ્યું ન હોય અને આપણે યોગ્ય પસંદગી કરીએ.",Premium greeting-card artwork for Character Day; cultural context: Indian; mood: Integrity; season: Winter; elegant composition with clear bilingual text space; authentic details; no text inside artwork.,Heritage Sandstone,Classic Heritage,Winter,EN+GU,Draft,1.0,Evergreen
2026-02-08,Sunday,Gratitude Day,કૃતજ્ઞતા દિવસ,Indian Values,Indian,Gratitude,3,Gratitude does not reduce ambition; it gives ambition a peaceful foundation.,કૃતજ્ઞતા મહત્ત્વાકાંક્ષાને ઘટાડતી નથી; તે તેને શાંતિપૂર્ણ આધાર આપે છે.,Premium greeting-card artwork for Gratitude Day; cultural context: Indian; mood: Gratitude; season: Winter; elegant composition with clear bilingual text space; authentic details; no text inside artwork.,Lotus Pink,Royal Greeting,Winter,EN+GU,Draft,1.0,Evergreen
2026-02-09,Monday,Learning Day,શીખવાનો દિવસ,Education,Indian,Wisdom,3,Every person we meet and every difficulty we face can become a teacher.,અપણે મળતા દરેક વ્યક્તિ અને સામનો કરતી દરેક મુશ્કેલી એક શિક્ષક બની શકે છે.,Premium greeting-card artwork for Learning Day; cultural context: Indian; mood: Wisdom; season: Winter; elegant composition with clear bilingual text space; authentic details; no text inside artwork.,Peacock Royal,Modern Editorial,Winter,EN+GU,Draft,1.0,Evergreen
2026-02-10,Tuesday,Safer Internet Day • World Pulses Day,સુરક્ષિત ઇન્ટરનેટ દિવસ • વિશ્વ કઠોળ દિવસ,Global Awareness,Global,Responsibility,1,"Let the meaning of Safer Internet Day • World Pulses Day guide us toward responsibility, respect and thoughtful action.","સુરક્ષિત ઇન્ટરનેટ દિવસ • વિશ્વ કઠોળ દિવસનો અર્થ આપણને જવાબદારી, સન્માન અને વિચારપૂર્વકના કાર્ય તરફ દોરી જાય.",Premium greeting-card artwork for Safer Internet Day • World Pulses Day; cultural context: Global; mood: Responsibility; season: Winter; elegant composition with clear bilingual text space; authentic details; no text inside artwork.,Peacock Royal,Modern Editorial,Winter,EN+GU,Draft,1.0,Named Occasion
2026-02-11,Wednesday,International Day of Women and Girls in Science,વિજ્ઞાનમાં મહિલાઓ અને બાળિકાઓનો આંતરરાષ્ટ્રીય દિવસ,Science and Equality,Global,Empowerment,1,"Let the meaning of International Day of Women and Girls in Science guide us toward responsibility, respect and thoughtful action.","વિજ્ઞાનમાં મહિલાઓ અને બાળિકાઓનો આંતરરાષ્ટ્રીય દિવસનો અર્થ આપણને જવાબદારી, સન્માન અને વિચારપૂર્વકના કાર્ય તરફ દોરી જાય.",Premium greeting-card artwork for International Day of Women and Girls in Science; cultural context: Global; mood: Empowerment; season: Winter; elegant composition with clear bilingual text space; authentic details; no text inside artwork.,Lotus Pink,Modern Editorial,Winter,EN+GU,Draft,1.0,Named Occasion
2026-02-12,Thursday,Family Values Day,પરિવાર મૂલ્યો દિવસ,Family,Indian,Affection,3,"A strong family is built through time, respect and the willingness to listen.","મજબૂત પરિવાર સમય, સન્માન અને એકબીજાને સાંભળવાની તૈયારીથી બને છે.",Premium greeting-card artwork for Family Values Day; cultural context: Indian; mood: Affection; season: Winter; elegant composition with clear bilingual text space; authentic details; no text inside artwork.,Lotus Pink,Royal Greeting,Winter,EN+GU,Draft,1.0,Evergreen
2026-02-13,Friday,World Radio Day,વિશ્વ રેડિયો દિવસ,Media and Culture,Global,Connection,1,"Let the meaning of World Radio Day guide us toward responsibility, respect and thoughtful action.","વિશ્વ રેડિયો દિવસનો અર્થ આપણને જવાબદારી, સન્માન અને વિચારપૂર્વકના કાર્ય તરફ દોરી જાય.",Premium greeting-card artwork for World Radio Day; cultural context: Global; mood: Connection; season: Winter; elegant composition with clear bilingual text space; authentic details; no text inside artwork.,Peacock Royal,Modern Editorial,Winter,EN+GU,Draft,1.0,Named Occasion
2026-02-14,Saturday,Valentine's Day,વેલેન્ટાઇન દિવસ,International Celebration,Western,Affection,1,"Let the meaning of Valentine's Day guide us toward responsibility, respect and thoughtful action.","વેલેન્ટાઇન દિવસનો અર્થ આપણને જવાબદારી, સન્માન અને વિચારપૂર્વકના કાર્ય તરફ દોરી જાય.",Premium greeting-card artwork for Valentine's Day; cultural context: Western; mood: Affection; season: Winter; elegant composition with clear bilingual text space; authentic details; no text inside artwork.,Lotus Pink,Royal Greeting,Winter,EN+GU,Draft,1.0,Named Occasion
2026-02-15,Sunday,Maha Shivaratri,મહાશિવરાત્રી,Religious Festival,Indian,Devotion,1,True strength is the calm that remains steady when the world around us is restless.,"સાચી શક્તિ એ શાંતિ છે, જે આસપાસની દુનિયા અશાંત હોય ત્યારે પણ અડગ રહે છે.",Premium greeting-card artwork for Maha Shivaratri; cultural context: Indian; mood: Devotion; season: Winter; elegant composition with clear bilingual text space; authentic details; no text inside artwork.,Midnight Indigo,Spiritual Serenity,Winter,EN+GU,Draft,1.0,Named Occasion
2026-02-16,Monday,Courage Day,હિંમત દિવસ,Everyday Inspiration,Indian,Courage,3,Courage is often a quiet decision to do what is right despite uncertainty.,હિંમત ઘણીવાર અનિશ્ચિતતા છતાં યોગ્ય કાર્ય કરવાની શાંત પસંદગી હોય છે.,Premium greeting-card artwork for Courage Day; cultural context: Indian; mood: Courage; season: Winter; elegant composition with clear bilingual text space; authentic details; no text inside artwork.,Midnight Indigo,Modern Editorial,Winter,EN+GU,Draft,1.0,Evergreen
2026-02-17,Tuesday,Nature Appreciation Day,પ્રકૃતિ કદર દિવસ,Environment,Indian,Nature,3,"When we care for nature, we protect the inheritance of generations yet to come.",અપણે પ્રકૃતિની કાળજી લઈએ ત્યારે આવતી પેઢીઓનો વારસો સુરક્ષિત કરીએ છીએ.,Premium greeting-card artwork for Nature Appreciation Day; cultural context: Indian; mood: Nature; season: Winter; elegant composition with clear bilingual text space; authentic details; no text inside artwork.,Monsoon Green,Nature Canvas,Winter,EN+GU,Draft,1.0,Evergreen
2026-02-18,Wednesday,Purposeful Day,હેતુપૂર્ણ દિવસ,Everyday Inspiration,Indian,Purpose,3,A meaningful day begins when one clear intention guides every small action.,દરેક નાનાં કાર્યને એક સ્પષ્ટ હેતુ દિશા આપે ત્યારે દિવસ અર્થપૂર્ણ બને છે.,Premium greeting-card artwork for Purposeful Day; cultural context: Indian; mood: Purpose; season: Winter; elegant composition with clear bilingual text space; authentic details; no text inside artwork.,Heritage Sandstone,Modern Editorial,Winter,EN+GU,Draft,1.0,Evergreen
2026-02-19,Thursday,Character Day,ચારિત્ર્ય દિવસ,Indian Values,Indian,Integrity,3,"Character is built quietly, through choices made when no one is watching.","ચારિત્ર્ય શાંતિથી બને છે—ખાસ કરીને ત્યારે, જ્યારે કોઈ જોઈ રહ્યું ન હોય અને આપણે યોગ્ય પસંદગી કરીએ.",Premium greeting-card artwork for Character Day; cultural context: Indian; mood: Integrity; season: Winter; elegant composition with clear bilingual text space; authentic details; no text inside artwork.,Heritage Sandstone,Classic Heritage,Winter,EN+GU,Draft,1.0,Evergreen
2026-02-20,Friday,World Day of Social Justice • Arunachal Pradesh Foundation Day,વિશ્વ સામાજિક ન્યાય દિવસ • અરુણાચલ પ્રદેશ સ્થાપના દિવસ,Social and Regional,Indian,Justice,1,"Let the meaning of World Day of Social Justice • Arunachal Pradesh Foundation Day guide us toward responsibility, respect and thoughtful action.","વિશ્વ સામાજિક ન્યાય દિવસ • અરુણાચલ પ્રદેશ સ્થાપના દિવસનો અર્થ આપણને જવાબદારી, સન્માન અને વિચારપૂર્વકના કાર્ય તરફ દોરી જાય.",Premium greeting-card artwork for World Day of Social Justice • Arunachal Pradesh Foundation Day; cultural context: Indian; mood: Justice; season: Winter; elegant composition with clear bilingual text space; authentic details; no text inside artwork.,Heritage Sandstone,Modern Editorial,Winter,EN+GU,Draft,1.0,Named Occasion
2026-02-21,Saturday,International Mother Language Day,આંતરરાષ્ટ્રીય માતૃભાષા દિવસ,Language and Culture,Global,Cultural Pride,1,"Let the meaning of International Mother Language Day guide us toward responsibility, respect and thoughtful action.","આંતરરાષ્ટ્રીય માતૃભાષા દિવસનો અર્થ આપણને જવાબદારી, સન્માન અને વિચારપૂર્વકના કાર્ય તરફ દોરી જાય.",Premium greeting-card artwork for International Mother Language Day; cultural context: Global; mood: Cultural Pride; season: Winter; elegant composition with clear bilingual text space; authentic details; no text inside artwork.,Peacock Royal,Modern Editorial,Winter,EN+GU,Draft,1.0,Named Occasion
2026-02-22,Sunday,World Thinking Day,વિશ્વ વિચાર દિવસ,Youth and Values,Global,Reflection,1,"Let the meaning of World Thinking Day guide us toward responsibility, respect and thoughtful action.","વિશ્વ વિચાર દિવસનો અર્થ આપણને જવાબદારી, સન્માન અને વિચારપૂર્વકના કાર્ય તરફ દોરી જાય.",Premium greeting-card artwork for World Thinking Day; cultural context: Global; mood: Reflection; season: Winter; elegant composition with clear bilingual text space; authentic details; no text inside artwork.,Midnight Indigo,Modern Editorial,Winter,EN+GU,Draft,1.0,Named Occasion
2026-02-23,Monday,Discipline Day,શિસ્ત દિવસ,Work Ethics,Indian,Determination,3,Discipline turns good intentions into steady progress.,શિસ્ત સારા ઇરાદાઓને સતત પ્રગતિમાં બદલે છે.,Premium greeting-card artwork for Discipline Day; cultural context: Indian; mood: Determination; season: Winter; elegant composition with clear bilingual text space; authentic details; no text inside artwork.,Midnight Indigo,Modern Editorial,Winter,EN+GU,Draft,1.0,Evergreen
2026-02-24,Tuesday,Family Values Day,પરિવાર મૂલ્યો દિવસ,Family,Indian,Affection,3,"A strong family is built through time, respect and the willingness to listen.","મજબૂત પરિવાર સમય, સન્માન અને એકબીજાને સાંભળવાની તૈયારીથી બને છે.",Premium greeting-card artwork for Family Values Day; cultural context: Indian; mood: Affection; season: Winter; elegant composition with clear bilingual text space; authentic details; no text inside artwork.,Lotus Pink,Royal Greeting,Winter,EN+GU,Draft,1.0,Evergreen
2026-02-25,Wednesday,Service Day,સેવાનો દિવસ,Social Responsibility,Indian,Service,3,Service becomes noble when it is offered with humility rather than recognition in mind.,"સેવા ત્યારે મહાન બને છે જ્યારે તે પ્રસિદ્ધિ માટે નહીં, પરંતુ વિનમ્રતાથી કરવામાં આવે.",Premium greeting-card artwork for Service Day; cultural context: Indian; mood: Service; season: Winter; elegant composition with clear bilingual text space; authentic details; no text inside artwork.,Royal Saffron,Classic Heritage,Winter,EN+GU,Draft,1.0,Evergreen
2026-02-26,Thursday,Patience Day,ધીરજ દિવસ,Everyday Inspiration,Indian,Calm,3,Patience is not inaction; it is steady effort without unnecessary anxiety.,ધીરજ નિષ્ક્રિયતા નથી; તે અનાવશ્યક ચિંતા વિના સતત પ્રયત્ન છે.,Premium greeting-card artwork for Patience Day; cultural context: Indian; mood: Calm; season: Winter; elegant composition with clear bilingual text space; authentic details; no text inside artwork.,Monsoon Green,Spiritual Serenity,Winter,EN+GU,Draft,1.0,Evergreen
2026-02-27,Friday,Unity Day,એકતા દિવસ,Indian Values,Indian,Unity,3,Differences become strength when people work together with mutual respect.,લોકો પરસ્પર સન્માનથી સાથે કામ કરે ત્યારે ભિન્નતા શક્તિ બની જાય છે.,Premium greeting-card artwork for Unity Day; cultural context: Indian; mood: Unity; season: Winter; elegant composition with clear bilingual text space; authentic details; no text inside artwork.,Royal Saffron,Classic Heritage,Winter,EN+GU,Draft,1.0,Evergreen
2026-02-28,Saturday,Courage Day,હિંમત દિવસ,Everyday Inspiration,Indian,Courage,3,Courage is often a quiet decision to do what is right despite uncertainty.,હિંમત ઘણીવાર અનિશ્ચિતતા છતાં યોગ્ય કાર્ય કરવાની શાંત પસંદગી હોય છે.,Premium greeting-card artwork for Courage Day; cultural context: Indian; mood: Courage; season: Winter; elegant composition with clear bilingual text space; authentic details; no text inside artwork.,Midnight Indigo,Modern Editorial,Winter,EN+GU,Draft,1.0,Evergreen
2026-03-01,Sunday,Zero Discrimination Day,શૂન્ય ભેદભાવ દિવસ,Social Values,Global,Equality,1,"Let the meaning of Zero Discrimination Day guide us toward responsibility, respect and thoughtful action.","શૂન્ય ભેદભાવ દિવસનો અર્થ આપણને જવાબદારી, સન્માન અને વિચારપૂર્વકના કાર્ય તરફ દોરી જાય.",Premium greeting-card artwork for Zero Discrimination Day; cultural context: Global; mood: Equality; season: Spring; elegant composition with clear bilingual text space; authentic details; no text inside artwork.,Lotus Pink,Modern Editorial,Spring,EN+GU,Draft,1.0,Named Occasion
2026-03-02,Monday,Purposeful Day,હેતુપૂર્ણ દિવસ,Everyday Inspiration,Indian,Purpose,3,A meaningful day begins when one clear intention guides every small action.,દરેક નાનાં કાર્યને એક સ્પષ્ટ હેતુ દિશા આપે ત્યારે દિવસ અર્થપૂર્ણ બને છે.,Premium greeting-card artwork for Purposeful Day; cultural context: Indian; mood: Purpose; season: Spring; elegant composition with clear bilingual text space; authentic details; no text inside artwork.,Heritage Sandstone,Modern Editorial,Spring,EN+GU,Draft,1.0,Evergreen
2026-03-03,Tuesday,Holi • World Wildlife Day,હોળી • વિશ્વ વન્યજીવ દિવસ,Festival and Environment,Indian,Joy,1,"Celebrate colour without losing kindness, and joy without forgetting respect for life.","રંગો ઉજવો, પરંતુ દયાને ન ગુમાવો; આનંદ માણો, પરંતુ જીવન પ્રત્યેનો સન્માન ન ભૂલો.",Premium greeting-card artwork for Holi • World Wildlife Day; cultural context: Indian; mood: Joy; season: Spring; elegant composition with clear bilingual text space; authentic details; no text inside artwork.,Festival Gold,Nature Canvas,Spring,EN+GU,Draft,1.0,Named Occasion
2026-03-04,Wednesday,Gratitude Day,કૃતજ્ઞતા દિવસ,Indian Values,Indian,Gratitude,3,Gratitude does not reduce ambition; it gives ambition a peaceful foundation.,કૃતજ્ઞતા મહત્ત્વાકાંક્ષાને ઘટાડતી નથી; તે તેને શાંતિપૂર્ણ આધાર આપે છે.,Premium greeting-card artwork for Gratitude Day; cultural context: Indian; mood: Gratitude; season: Spring; elegant composition with clear bilingual text space; authentic details; no text inside artwork.,Lotus Pink,Royal Greeting,Spring,EN+GU,Draft,1.0,Evergreen
2026-03-05,Thursday,Learning Day,શીખવાનો દિવસ,Education,Indian,Wisdom,3,Every person we meet and every difficulty we face can become a teacher.,અપણે મળતા દરેક વ્યક્તિ અને સામનો કરતી દરેક મુશ્કેલી એક શિક્ષક બની શકે છે.,Premium greeting-card artwork for Learning Day; cultural context: Indian; mood: Wisdom; season: Spring; elegant composition with clear bilingual text space; authentic details; no text inside artwork.,Peacock Royal,Modern Editorial,Spring,EN+GU,Draft,1.0,Evergreen
2026-03-06,Friday,Kindness Day,દયાનો દિવસ,Social Values,Indian,Compassion,3,A small act of kindness can become the part of someone's day they remember most.,દયાનો નાનો કાર્ય કોઈના દિવસની સૌથી યાદગાર ક્ષણ બની શકે છે.,Premium greeting-card artwork for Kindness Day; cultural context: Indian; mood: Compassion; season: Spring; elegant composition with clear bilingual text space; authentic details; no text inside artwork.,Lotus Pink,Royal Greeting,Spring,EN+GU,Draft,1.0,Evergreen
2026-03-07,Saturday,Discipline Day,શિસ્ત દિવસ,Work Ethics,Indian,Determination,3,Discipline turns good intentions into steady progress.,શિસ્ત સારા ઇરાદાઓને સતત પ્રગતિમાં બદલે છે.,Premium greeting-card artwork for Discipline Day; cultural context: Indian; mood: Determination; season: Spring; elegant composition with clear bilingual text space; authentic details; no text inside artwork.,Midnight Indigo,Modern Editorial,Spring,EN+GU,Draft,1.0,Evergreen
2026-03-08,Sunday,International Women's Day,આંતરરાષ્ટ્રીય મહિલા દિવસ,Social Values,Global,Empowerment,1,"Let the meaning of International Women's Day guide us toward responsibility, respect and thoughtful action.","આંતરરાષ્ટ્રીય મહિલા દિવસનો અર્થ આપણને જવાબદારી, સન્માન અને વિચારપૂર્વકના કાર્ય તરફ દોરી જાય.",Premium greeting-card artwork for International Women's Day; cultural context: Global; mood: Empowerment; season: Spring; elegant composition with clear bilingual text space; authentic details; no text inside artwork.,Lotus Pink,Modern Editorial,Spring,EN+GU,Draft,1.0,Named Occasion
2026-03-09,Monday,Service Day,સેવાનો દિવસ,Social Responsibility,Indian,Service,3,Service becomes noble when it is offered with humility rather than recognition in mind.,"સેવા ત્યારે મહાન બને છે જ્યારે તે પ્રસિદ્ધિ માટે નહીં, પરંતુ વિનમ્રતાથી કરવામાં આવે.",Premium greeting-card artwork for Service Day; cultural context: Indian; mood: Service; season: Spring; elegant composition with clear bilingual text space; authentic details; no text inside artwork.,Royal Saffron,Classic Heritage,Spring,EN+GU,Draft,1.0,Evergreen
2026-03-10,Tuesday,Patience Day,ધીરજ દિવસ,Everyday Inspiration,Indian,Calm,3,Patience is not inaction; it is steady effort without unnecessary anxiety.,ધીરજ નિષ્ક્રિયતા નથી; તે અનાવશ્યક ચિંતા વિના સતત પ્રયત્ન છે.,Premium greeting-card artwork for Patience Day; cultural context: Indian; mood: Calm; season: Spring; elegant composition with clear bilingual text space; authentic details; no text inside artwork.,Monsoon Green,Spiritual Serenity,Spring,EN+GU,Draft,1.0,Evergreen
2026-03-11,Wednesday,Unity Day,એકતા દિવસ,Indian Values,Indian,Unity,3,Differences become strength when people work together with mutual respect.,લોકો પરસ્પર સન્માનથી સાથે કામ કરે ત્યારે ભિન્નતા શક્તિ બની જાય છે.,Premium greeting-card artwork for Unity Day; cultural context: Indian; mood: Unity; season: Spring; elegant composition with clear bilingual text space; authentic details; no text inside artwork.,Royal Saffron,Classic Heritage,Spring,EN+GU,Draft,1.0,Evergreen
2026-03-12,Thursday,Courage Day,હિંમત દિવસ,Everyday Inspiration,Indian,Courage,3,Courage is often a quiet decision to do what is right despite uncertainty.,હિંમત ઘણીવાર અનિશ્ચિતતા છતાં યોગ્ય કાર્ય કરવાની શાંત પસંદગી હોય છે.,Premium greeting-card artwork for Courage Day; cultural context: Indian; mood: Courage; season: Spring; elegant composition with clear bilingual text space; authentic details; no text inside artwork.,Midnight Indigo,Modern Editorial,Spring,EN+GU,Draft,1.0,Evergreen
2026-03-13,Friday,Nature Appreciation Day,પ્રકૃતિ કદર દિવસ,Environment,Indian,Nature,3,"When we care for nature, we protect the inheritance of generations yet to come.",અપણે પ્રકૃતિની કાળજી લઈએ ત્યારે આવતી પેઢીઓનો વારસો સુરક્ષિત કરીએ છીએ.,Premium greeting-card artwork for Nature Appreciation Day; cultural context: Indian; mood: Nature; season: Spring; elegant composition with clear bilingual text space; authentic details; no text inside artwork.,Monsoon Green,Nature Canvas,Spring,EN+GU,Draft,1.0,Evergreen
2026-03-14,Saturday,Pi Day,પાઈ દિવસ,Science and Education,Global,Curiosity,1,"Let the meaning of Pi Day guide us toward responsibility, respect and thoughtful action.","પાઈ દિવસનો અર્થ આપણને જવાબદારી, સન્માન અને વિચારપૂર્વકના કાર્ય તરફ દોરી જાય.",Premium greeting-card artwork for Pi Day; cultural context: Global; mood: Curiosity; season: Spring; elegant composition with clear bilingual text space; authentic details; no text inside artwork.,Peacock Royal,Modern Editorial,Spring,EN+GU,Draft,1.0,Named Occasion
2026-03-15,Sunday,Character Day,ચારિત્ર્ય દિવસ,Indian Values,Indian,Integrity,3,"Character is built quietly, through choices made when no one is watching.","ચારિત્ર્ય શાંતિથી બને છે—ખાસ કરીને ત્યારે, જ્યારે કોઈ જોઈ રહ્યું ન હોય અને આપણે યોગ્ય પસંદગી કરીએ.",Premium greeting-card artwork for Character Day; cultural context: Indian; mood: Integrity; season: Spring; elegant composition with clear bilingual text space; authentic details; no text inside artwork.,Heritage Sandstone,Classic Heritage,Spring,EN+GU,Draft,1.0,Evergreen
2026-03-16,Monday,National Vaccination Day,રાષ્ટ્રીય રસીકરણ દિવસ,National Observance,Indian,Responsibility,1,"Let the meaning of National Vaccination Day guide us toward responsibility, respect and thoughtful action.","રાષ્ટ્રીય રસીકરણ દિવસનો અર્થ આપણને જવાબદારી, સન્માન અને વિચારપૂર્વકના કાર્ય તરફ દોરી જાય.",Premium greeting-card artwork for National Vaccination Day; cultural context: Indian; mood: Responsibility; season: Spring; elegant composition with clear bilingual text space; authentic details; no text inside artwork.,Monsoon Green,Modern Editorial,Spring,EN+GU,Draft,1.0,Named Occasion
2026-03-17,Tuesday,Learning Day,શીખવાનો દિવસ,Education,Indian,Wisdom,3,Every person we meet and every difficulty we face can become a teacher.,અપણે મળતા દરેક વ્યક્તિ અને સામનો કરતી દરેક મુશ્કેલી એક શિક્ષક બની શકે છે.,Premium greeting-card artwork for Learning Day; cultural context: Indian; mood: Wisdom; season: Spring; elegant composition with clear bilingual text space; authentic details; no text inside artwork.,Peacock Royal,Modern Editorial,Spring,EN+GU,Draft,1.0,Evergreen
2026-03-18,Wednesday,Ordnance Factories Day,આયુધ નિર્માણીઓ દિવસ,National Industry,Indian,Service,1,"Let the meaning of Ordnance Factories Day guide us toward responsibility, respect and thoughtful action.","આયુધ નિર્માણીઓ દિવસનો અર્થ આપણને જવાબદારી, સન્માન અને વિચારપૂર્વકના કાર્ય તરફ દોરી જાય.",Premium greeting-card artwork for Ordnance Factories Day; cultural context: Indian; mood: Service; season: Spring; elegant composition with clear bilingual text space; authentic details; no text inside artwork.,Heritage Sandstone,Classic Heritage,Spring,EN+GU,Draft,1.0,Named Occasion
2026-03-19,Thursday,Discipline Day,શિસ્ત દિવસ,Work Ethics,Indian,Determination,3,Discipline turns good intentions into steady progress.,શિસ્ત સારા ઇરાદાઓને સતત પ્રગતિમાં બદલે છે.,Premium greeting-card artwork for Discipline Day; cultural context: Indian; mood: Determination; season: Spring; elegant composition with clear bilingual text space; authentic details; no text inside artwork.,Midnight Indigo,Modern Editorial,Spring,EN+GU,Draft,1.0,Evergreen
2026-03-20,Friday,International Day of Happiness • World Sparrow Day,આંતરરાષ્ટ્રીય ખુશી દિવસ • વિશ્વ ચકલી દિવસ,Global and Nature,Global,Joy,1,"Let the meaning of International Day of Happiness • World Sparrow Day guide us toward responsibility, respect and thoughtful action.","આંતરરાષ્ટ્રીય ખુશી દિવસ • વિશ્વ ચકલી દિવસનો અર્થ આપણને જવાબદારી, સન્માન અને વિચારપૂર્વકના કાર્ય તરફ દોરી જાય.",Premium greeting-card artwork for International Day of Happiness • World Sparrow Day; cultural context: Global; mood: Joy; season: Spring; elegant composition with clear bilingual text space; authentic details; no text inside artwork.,Monsoon Green,Nature Canvas,Spring,EN+GU,Draft,1.0,Named Occasion
2026-03-21,Saturday,World Poetry Day • International Day of Forests,વિશ્વ કવિતા દિવસ • આંતરરાષ્ટ્રીય વન દિવસ,Culture and Environment,Global,Reflection,1,"Let the meaning of World Poetry Day • International Day of Forests guide us toward responsibility, respect and thoughtful action.","વિશ્વ કવિતા દિવસ • આંતરરાષ્ટ્રીય વન દિવસનો અર્થ આપણને જવાબદારી, સન્માન અને વિચારપૂર્વકના કાર્ય તરફ દોરી જાય.",Premium greeting-card artwork for World Poetry Day • International Day of Forests; cultural context: Global; mood: Reflection; season: Spring; elegant composition with clear bilingual text space; authentic details; no text inside artwork.,Monsoon Green,Nature Canvas,Spring,EN+GU,Draft,1.0,Named Occasion
2026-03-22,Sunday,World Water Day,વિશ્વ જળ દિવસ,Environment,Global,Responsibility,1,"Let the meaning of World Water Day guide us toward responsibility, respect and thoughtful action.","વિશ્વ જળ દિવસનો અર્થ આપણને જવાબદારી, સન્માન અને વિચારપૂર્વકના કાર્ય તરફ દોરી જાય.",Premium greeting-card artwork for World Water Day; cultural context: Global; mood: Responsibility; season: Spring; elegant composition with clear bilingual text space; authentic details; no text inside artwork.,Peacock Royal,Nature Canvas,Spring,EN+GU,Draft,1.0,Named Occasion
2026-03-23,Monday,Unity Day,એકતા દિવસ,Indian Values,Indian,Unity,3,Differences become strength when people work together with mutual respect.,લોકો પરસ્પર સન્માનથી સાથે કામ કરે ત્યારે ભિન્નતા શક્તિ બની જાય છે.,Premium greeting-card artwork for Unity Day; cultural context: Indian; mood: Unity; season: Spring; elegant composition with clear bilingual text space; authentic details; no text inside artwork.,Royal Saffron,Classic Heritage,Spring,EN+GU,Draft,1.0,Evergreen
2026-03-24,Tuesday,Mindful Living Day,સજાગ જીવન દિવસ,Everyday Inspiration,Indian,Balance,3,A balanced life grows from thoughtful choices repeated with patience.,સંતુલિત જીવન ધીરજ સાથે વારંવાર કરેલી વિચારપૂર્વકની પસંદગીઓથી વિકસે છે.,Premium Indian-context greeting-card artwork for Mindful Living Day; mood: Balance; season: Spring; elegant composition with clear bilingual text space; no text inside artwork.,Monsoon Green,Spiritual Serenity,Spring,EN+GU,Draft,1.0,Evergreen
2026-03-25,Wednesday,Nature Appreciation Day,પ્રકૃતિ કદર દિવસ,Environment,Indian,Nature,3,"When we care for nature, we protect the inheritance of generations yet to come.",અપણે પ્રકૃતિની કાળજી લઈએ ત્યારે આવતી પેઢીઓનો વારસો સુરક્ષિત કરીએ છીએ.,Premium greeting-card artwork for Nature Appreciation Day; cultural context: Indian; mood: Nature; season: Spring; elegant composition with clear bilingual text space; authentic details; no text inside artwork.,Monsoon Green,Nature Canvas,Spring,EN+GU,Draft,1.0,Evergreen
2026-03-26,Thursday,Purposeful Day,હેતુપૂર્ણ દિવસ,Everyday Inspiration,Indian,Purpose,3,A meaningful day begins when one clear intention guides every small action.,દરેક નાનાં કાર્યને એક સ્પષ્ટ હેતુ દિશા આપે ત્યારે દિવસ અર્થપૂર્ણ બને છે.,Premium greeting-card artwork for Purposeful Day; cultural context: Indian; mood: Purpose; season: Spring; elegant composition with clear bilingual text space; authentic details; no text inside artwork.,Heritage Sandstone,Modern Editorial,Spring,EN+GU,Draft,1.0,Evergreen
2026-03-27,Friday,Character Day,ચારિત્ર્ય દિવસ,Indian Values,Indian,Integrity,3,"Character is built quietly, through choices made when no one is watching.","ચારિત્ર્ય શાંતિથી બને છે—ખાસ કરીને ત્યારે, જ્યારે કોઈ જોઈ રહ્યું ન હોય અને આપણે યોગ્ય પસંદગી કરીએ.",Premium greeting-card artwork for Character Day; cultural context: Indian; mood: Integrity; season: Spring; elegant composition with clear bilingual text space; authentic details; no text inside artwork.,Heritage Sandstone,Classic Heritage,Spring,EN+GU,Draft,1.0,Evergreen
2026-03-28,Saturday,Gratitude Day,કૃતજ્ઞતા દિવસ,Indian Values,Indian,Gratitude,3,Gratitude does not reduce ambition; it gives ambition a peaceful foundation.,કૃતજ્ઞતા મહત્ત્વાકાંક્ષાને ઘટાડતી નથી; તે તેને શાંતિપૂર્ણ આધાર આપે છે.,Premium greeting-card artwork for Gratitude Day; cultural context: Indian; mood: Gratitude; season: Spring; elegant composition with clear bilingual text space; authentic details; no text inside artwork.,Lotus Pink,Royal Greeting,Spring,EN+GU,Draft,1.0,Evergreen
2026-03-29,Sunday,Learning Day,શીખવાનો દિવસ,Education,Indian,Wisdom,3,Every person we meet and every difficulty we face can become a teacher.,અપણે મળતા દરેક વ્યક્તિ અને સામનો કરતી દરેક મુશ્કેલી એક શિક્ષક બની શકે છે.,Premium greeting-card artwork for Learning Day; cultural context: Indian; mood: Wisdom; season: Spring; elegant composition with clear bilingual text space; authentic details; no text inside artwork.,Peacock Royal,Modern Editorial,Spring,EN+GU,Draft,1.0,Evergreen
2026-03-30,Monday,International Day of Zero Waste,આંતરરાષ્ટ્રીય શૂન્ય કચરો દિવસ,Environment,Global,Responsibility,1,"Let the meaning of International Day of Zero Waste guide us toward responsibility, respect and thoughtful action.","આંતરરાષ્ટ્રીય શૂન્ય કચરો દિવસનો અર્થ આપણને જવાબદારી, સન્માન અને વિચારપૂર્વકના કાર્ય તરફ દોરી જાય.",Premium greeting-card artwork for International Day of Zero Waste; cultural context: Global; mood: Responsibility; season: Spring; elegant composition with clear bilingual text space; authentic details; no text inside artwork.,Monsoon Green,Modern Editorial,Spring,EN+GU,Draft,1.0,Named Occasion
2026-03-31,Tuesday,Discipline Day,શિસ્ત દિવસ,Work Ethics,Indian,Determination,3,Discipline turns good intentions into steady progress.,શિસ્ત સારા ઇરાદાઓને સતત પ્રગતિમાં બદલે છે.,Premium greeting-card artwork for Discipline Day; cultural context: Indian; mood: Determination; season: Spring; elegant composition with clear bilingual text space; authentic details; no text inside artwork.,Midnight Indigo,Modern Editorial,Spring,EN+GU,Draft,1.0,Evergreen
2026-04-01,Wednesday,April Fools' Day,એપ્રિલ ફૂલ્સ ડે,International Celebration,Western,Playfulness,1,"Let the meaning of April Fools' Day guide us toward responsibility, respect and thoughtful action.","એપ્રિલ ફૂલ્સ ડેનો અર્થ આપણને જવાબદારી, સન્માન અને વિચારપૂર્વકના કાર્ય તરફ દોરી જાય.",Premium greeting-card artwork for April Fools' Day; cultural context: Western; mood: Playfulness; season: Spring; elegant composition with clear bilingual text space; authentic details; no text inside artwork.,Lotus Pink,Modern Editorial,Spring,EN+GU,Draft,1.0,Named Occasion
2026-04-02,Thursday,World Autism Awareness Day,વિશ્વ ઓટિઝમ જાગૃતિ દિવસ,Social Awareness,Global,Inclusion,1,"Let the meaning of World Autism Awareness Day guide us toward responsibility, respect and thoughtful action.","વિશ્વ ઓટિઝમ જાગૃતિ દિવસનો અર્થ આપણને જવાબદારી, સન્માન અને વિચારપૂર્વકના કાર્ય તરફ દોરી જાય.",Premium greeting-card artwork for World Autism Awareness Day; cultural context: Global; mood: Inclusion; season: Spring; elegant composition with clear bilingual text space; authentic details; no text inside artwork.,Peacock Royal,Modern Editorial,Spring,EN+GU,Draft,1.0,Named Occasion
2026-04-03,Friday,Good Friday,ગુડ ફ્રાઇડે,Religious Observance,Christian,Reflection,1,"Let the meaning of Good Friday guide us toward responsibility, respect and thoughtful action.","ગુડ ફ્રાઇડેનો અર્થ આપણને જવાબદારી, સન્માન અને વિચારપૂર્વકના કાર્ય તરફ દોરી જાય.",Premium greeting-card artwork for Good Friday; cultural context: Christian; mood: Reflection; season: Spring; elegant composition with clear bilingual text space; authentic details; no text inside artwork.,Midnight Indigo,Spiritual Serenity,Spring,EN+GU,Draft,1.0,Named Occasion
2026-04-04,Saturday,Unity Day,એકતા દિવસ,Indian Values,Indian,Unity,3,Differences become strength when people work together with mutual respect.,લોકો પરસ્પર સન્માનથી સાથે કામ કરે ત્યારે ભિન્નતા શક્તિ બની જાય છે.,Premium greeting-card artwork for Unity Day; cultural context: Indian; mood: Unity; season: Spring; elegant composition with clear bilingual text space; authentic details; no text inside artwork.,Royal Saffron,Classic Heritage,Spring,EN+GU,Draft,1.0,Evergreen
2026-04-05,Sunday,Easter Sunday,ઈસ્ટર રવિવાર,Religious Festival,Christian,Hope,1,"Let the meaning of Easter Sunday guide us toward responsibility, respect and thoughtful action.","ઈસ્ટર રવિવારનો અર્થ આપણને જવાબદારી, સન્માન અને વિચારપૂર્વકના કાર્ય તરફ દોરી જાય.",Premium greeting-card artwork for Easter Sunday; cultural context: Christian; mood: Hope; season: Spring; elegant composition with clear bilingual text space; authentic details; no text inside artwork.,Festival Gold,Royal Greeting,Spring,EN+GU,Draft,1.0,Named Occasion
2026-04-06,Monday,Nature Appreciation Day,પ્રકૃતિ કદર દિવસ,Environment,Indian,Nature,3,"When we care for nature, we protect the inheritance of generations yet to come.",અપણે પ્રકૃતિની કાળજી લઈએ ત્યારે આવતી પેઢીઓનો વારસો સુરક્ષિત કરીએ છીએ.,Premium greeting-card artwork for Nature Appreciation Day; cultural context: Indian; mood: Nature; season: Spring; elegant composition with clear bilingual text space; authentic details; no text inside artwork.,Monsoon Green,Nature Canvas,Spring,EN+GU,Draft,1.0,Evergreen
2026-04-07,Tuesday,Compassion Day,કરુણા દિવસ,Social Values,Indian,Compassion,3,Compassion becomes powerful when it is expressed through practical help.,કરુણા ત્યારે શક્તિશાળી બને છે જ્યારે તે વ્યવહારુ મદદમાં વ્યક્ત થાય છે.,Premium Indian-context greeting-card artwork for Compassion Day; mood: Compassion; season: Spring; elegant composition with clear bilingual text space; no text inside artwork.,Lotus Pink,Royal Greeting,Spring,EN+GU,Draft,1.0,Evergreen
2026-04-08,Wednesday,Character Day,ચારિત્ર્ય દિવસ,Indian Values,Indian,Integrity,3,"Character is built quietly, through choices made when no one is watching.","ચારિત્ર્ય શાંતિથી બને છે—ખાસ કરીને ત્યારે, જ્યારે કોઈ જોઈ રહ્યું ન હોય અને આપણે યોગ્ય પસંદગી કરીએ.",Premium greeting-card artwork for Character Day; cultural context: Indian; mood: Integrity; season: Spring; elegant composition with clear bilingual text space; authentic details; no text inside artwork.,Heritage Sandstone,Classic Heritage,Spring,EN+GU,Draft,1.0,Evergreen
2026-04-09,Thursday,Gratitude Day,કૃતજ્ઞતા દિવસ,Indian Values,Indian,Gratitude,3,Gratitude does not reduce ambition; it gives ambition a peaceful foundation.,કૃતજ્ઞતા મહત્ત્વાકાંક્ષાને ઘટાડતી નથી; તે તેને શાંતિપૂર્ણ આધાર આપે છે.,Premium greeting-card artwork for Gratitude Day; cultural context: Indian; mood: Gratitude; season: Spring; elegant composition with clear bilingual text space; authentic details; no text inside artwork.,Lotus Pink,Royal Greeting,Spring,EN+GU,Draft,1.0,Evergreen
2026-04-10,Friday,Learning Day,શીખવાનો દિવસ,Education,Indian,Wisdom,3,Every person we meet and every difficulty we face can become a teacher.,અપણે મળતા દરેક વ્યક્તિ અને સામનો કરતી દરેક મુશ્કેલી એક શિક્ષક બની શકે છે.,Premium greeting-card artwork for Learning Day; cultural context: Indian; mood: Wisdom; season: Spring; elegant composition with clear bilingual text space; authentic details; no text inside artwork.,Peacock Royal,Modern Editorial,Spring,EN+GU,Draft,1.0,Evergreen
2026-04-11,Saturday,Kindness Day,દયાનો દિવસ,Social Values,Indian,Compassion,3,A small act of kindness can become the part of someone's day they remember most.,દયાનો નાનો કાર્ય કોઈના દિવસની સૌથી યાદગાર ક્ષણ બની શકે છે.,Premium greeting-card artwork for Kindness Day; cultural context: Indian; mood: Compassion; season: Spring; elegant composition with clear bilingual text space; authentic details; no text inside artwork.,Lotus Pink,Royal Greeting,Spring,EN+GU,Draft,1.0,Evergreen
2026-04-12,Sunday,Discipline Day,શિસ્ત દિવસ,Work Ethics,Indian,Determination,3,Discipline turns good intentions into steady progress.,શિસ્ત સારા ઇરાદાઓને સતત પ્રગતિમાં બદલે છે.,Premium greeting-card artwork for Discipline Day; cultural context: Indian; mood: Determination; season: Spring; elegant composition with clear bilingual text space; authentic details; no text inside artwork.,Midnight Indigo,Modern Editorial,Spring,EN+GU,Draft,1.0,Evergreen
2026-04-13,Monday,Family Values Day,પરિવાર મૂલ્યો દિવસ,Family,Indian,Affection,3,"A strong family is built through time, respect and the willingness to listen.","મજબૂત પરિવાર સમય, સન્માન અને એકબીજાને સાંભળવાની તૈયારીથી બને છે.",Premium greeting-card artwork for Family Values Day; cultural context: Indian; mood: Affection; season: Spring; elegant composition with clear bilingual text space; authentic details; no text inside artwork.,Lotus Pink,Royal Greeting,Spring,EN+GU,Draft,1.0,Evergreen
2026-04-14,Tuesday,Ambedkar Jayanti,આંબેડકર જયંતી,National Remembrance,Indian,Justice,1,"Let the meaning of Ambedkar Jayanti guide us toward responsibility, respect and thoughtful action.","આંબેડકર જયંતીનો અર્થ આપણને જવાબદારી, સન્માન અને વિચારપૂર્વકના કાર્ય તરફ દોરી જાય.",Premium greeting-card artwork for Ambedkar Jayanti; cultural context: Indian; mood: Justice; season: Spring; elegant composition with clear bilingual text space; authentic details; no text inside artwork.,Heritage Sandstone,Classic Heritage,Spring,EN+GU,Draft,1.0,Named Occasion
2026-04-15,Wednesday,Patience Day,ધીરજ દિવસ,Everyday Inspiration,Indian,Calm,3,Patience is not inaction; it is steady effort without unnecessary anxiety.,ધીરજ નિષ્ક્રિયતા નથી; તે અનાવશ્યક ચિંતા વિના સતત પ્રયત્ન છે.,Premium greeting-card artwork for Patience Day; cultural context: Indian; mood: Calm; season: Spring; elegant composition with clear bilingual text space; authentic details; no text inside artwork.,Monsoon Green,Spiritual Serenity,Spring,EN+GU,Draft,1.0,Evergreen
2026-04-16,Thursday,Unity Day,એકતા દિવસ,Indian Values,Indian,Unity,3,Differences become strength when people work together with mutual respect.,લોકો પરસ્પર સન્માનથી સાથે કામ કરે ત્યારે ભિન્નતા શક્તિ બની જાય છે.,Premium greeting-card artwork for Unity Day; cultural context: Indian; mood: Unity; season: Spring; elegant composition with clear bilingual text space; authentic details; no text inside artwork.,Royal Saffron,Classic Heritage,Spring,EN+GU,Draft,1.0,Evergreen
2026-04-17,Friday,Courage Day,હિંમત દિવસ,Everyday Inspiration,Indian,Courage,3,Courage is often a quiet decision to do what is right despite uncertainty.,હિંમત ઘણીવાર અનિશ્ચિતતા છતાં યોગ્ય કાર્ય કરવાની શાંત પસંદગી હોય છે.,Premium greeting-card artwork for Courage Day; cultural context: Indian; mood: Courage; season: Spring; elegant composition with clear bilingual text space; authentic details; no text inside artwork.,Midnight Indigo,Modern Editorial,Spring,EN+GU,Draft,1.0,Evergreen
2026-04-18,Saturday,World Heritage Day,વિશ્વ વારસા દિવસ,Culture and Heritage,Global,Cultural Pride,1,"Let the meaning of World Heritage Day guide us toward responsibility, respect and thoughtful action.","વિશ્વ વારસા દિવસનો અર્થ આપણને જવાબદારી, સન્માન અને વિચારપૂર્વકના કાર્ય તરફ દોરી જાય.",Premium greeting-card artwork for World Heritage Day; cultural context: Global; mood: Cultural Pride; season: Spring; elegant composition with clear bilingual text space; authentic details; no text inside artwork.,Heritage Sandstone,Classic Heritage,Spring,EN+GU,Draft,1.0,Named Occasion
2026-04-19,Sunday,Purposeful Day,હેતુપૂર્ણ દિવસ,Everyday Inspiration,Indian,Purpose,3,A meaningful day begins when one clear intention guides every small action.,દરેક નાનાં કાર્યને એક સ્પષ્ટ હેતુ દિશા આપે ત્યારે દિવસ અર્થપૂર્ણ બને છે.,Premium greeting-card artwork for Purposeful Day; cultural context: Indian; mood: Purpose; season: Spring; elegant composition with clear bilingual text space; authentic details; no text inside artwork.,Heritage Sandstone,Modern Editorial,Spring,EN+GU,Draft,1.0,Evergreen
2026-04-20,Monday,Character Day,ચારિત્ર્ય દિવસ,Indian Values,Indian,Integrity,3,"Character is built quietly, through choices made when no one is watching.","ચારિત્ર્ય શાંતિથી બને છે—ખાસ કરીને ત્યારે, જ્યારે કોઈ જોઈ રહ્યું ન હોય અને આપણે યોગ્ય પસંદગી કરીએ.",Premium greeting-card artwork for Character Day; cultural context: Indian; mood: Integrity; season: Spring; elegant composition with clear bilingual text space; authentic details; no text inside artwork.,Heritage Sandstone,Classic Heritage,Spring,EN+GU,Draft,1.0,Evergreen
2026-04-21,Tuesday,Gratitude Day,કૃતજ્ઞતા દિવસ,Indian Values,Indian,Gratitude,3,Gratitude does not reduce ambition; it gives ambition a peaceful foundation.,કૃતજ્ઞતા મહત્ત્વાકાંક્ષાને ઘટાડતી નથી; તે તેને શાંતિપૂર્ણ આધાર આપે છે.,Premium greeting-card artwork for Gratitude Day; cultural context: Indian; mood: Gratitude; season: Spring; elegant composition with clear bilingual text space; authentic details; no text inside artwork.,Lotus Pink,Royal Greeting,Spring,EN+GU,Draft,1.0,Evergreen
2026-04-22,Wednesday,Earth Day,પૃથ્વી દિવસ,Environment,Global,Responsibility,1,"Let the meaning of Earth Day guide us toward responsibility, respect and thoughtful action.","પૃથ્વી દિવસનો અર્થ આપણને જવાબદારી, સન્માન અને વિચારપૂર્વકના કાર્ય તરફ દોરી જાય.",Premium greeting-card artwork for Earth Day; cultural context: Global; mood: Responsibility; season: Spring; elegant composition with clear bilingual text space; authentic details; no text inside artwork.,Monsoon Green,Nature Canvas,Spring,EN+GU,Draft,1.0,Named Occasion
2026-04-23,Thursday,World Book Day,વિશ્વ પુસ્તક દિવસ,Education and Culture,Global,Wisdom,1,"Let the meaning of World Book Day guide us toward responsibility, respect and thoughtful action.","વિશ્વ પુસ્તક દિવસનો અર્થ આપણને જવાબદારી, સન્માન અને વિચારપૂર્વકના કાર્ય તરફ દોરી જાય.",Premium greeting-card artwork for World Book Day; cultural context: Global; mood: Wisdom; season: Spring; elegant composition with clear bilingual text space; authentic details; no text inside artwork.,Heritage Sandstone,Modern Editorial,Spring,EN+GU,Draft,1.0,Named Occasion
2026-04-24,Friday,Discipline Day,શિસ્ત દિવસ,Work Ethics,Indian,Determination,3,Discipline turns good intentions into steady progress.,શિસ્ત સારા ઇરાદાઓને સતત પ્રગતિમાં બદલે છે.,Premium greeting-card artwork for Discipline Day; cultural context: Indian; mood: Determination; season: Spring; elegant composition with clear bilingual text space; authentic details; no text inside artwork.,Midnight Indigo,Modern Editorial,Spring,EN+GU,Draft,1.0,Evergreen
2026-04-25,Saturday,Family Values Day,પરિવાર મૂલ્યો દિવસ,Family,Indian,Affection,3,"A strong family is built through time, respect and the willingness to listen.","મજબૂત પરિવાર સમય, સન્માન અને એકબીજાને સાંભળવાની તૈયારીથી બને છે.",Premium greeting-card artwork for Family Values Day; cultural context: Indian; mood: Affection; season: Spring; elegant composition with clear bilingual text space; authentic details; no text inside artwork.,Lotus Pink,Royal Greeting,Spring,EN+GU,Draft,1.0,Evergreen
2026-04-26,Sunday,Service Day,સેવાનો દિવસ,Social Responsibility,Indian,Service,3,Service becomes noble when it is offered with humility rather than recognition in mind.,"સેવા ત્યારે મહાન બને છે જ્યારે તે પ્રસિદ્ધિ માટે નહીં, પરંતુ વિનમ્રતાથી કરવામાં આવે.",Premium greeting-card artwork for Service Day; cultural context: Indian; mood: Service; season: Spring; elegant composition with clear bilingual text space; authentic details; no text inside artwork.,Royal Saffron,Classic Heritage,Spring,EN+GU,Draft,1.0,Evergreen
2026-04-27,Monday,Patience Day,ધીરજ દિવસ,Everyday Inspiration,Indian,Calm,3,Patience is not inaction; it is steady effort without unnecessary anxiety.,ધીરજ નિષ્ક્રિયતા નથી; તે અનાવશ્યક ચિંતા વિના સતત પ્રયત્ન છે.,Premium greeting-card artwork for Patience Day; cultural context: Indian; mood: Calm; season: Spring; elegant composition with clear bilingual text space; authentic details; no text inside artwork.,Monsoon Green,Spiritual Serenity,Spring,EN+GU,Draft,1.0,Evergreen
2026-04-28,Tuesday,Unity Day,એકતા દિવસ,Indian Values,Indian,Unity,3,Differences become strength when people work together with mutual respect.,લોકો પરસ્પર સન્માનથી સાથે કામ કરે ત્યારે ભિન્નતા શક્તિ બની જાય છે.,Premium greeting-card artwork for Unity Day; cultural context: Indian; mood: Unity; season: Spring; elegant composition with clear bilingual text space; authentic details; no text inside artwork.,Royal Saffron,Classic Heritage,Spring,EN+GU,Draft,1.0,Evergreen
2026-04-29,Wednesday,International Dance Day,આંતરરાષ્ટ્રીય નૃત્ય દિવસ,Arts and Culture,Global,Joy,1,"Let the meaning of International Dance Day guide us toward responsibility, respect and thoughtful action.","આંતરરાષ્ટ્રીય નૃત્ય દિવસનો અર્થ આપણને જવાબદારી, સન્માન અને વિચારપૂર્વકના કાર્ય તરફ દોરી જાય.",Premium greeting-card artwork for International Dance Day; cultural context: Global; mood: Joy; season: Spring; elegant composition with clear bilingual text space; authentic details; no text inside artwork.,Festival Gold,Royal Greeting,Spring,EN+GU,Draft,1.0,Named Occasion
2026-04-30,Thursday,Nature Appreciation Day,પ્રકૃતિ કદર દિવસ,Environment,Indian,Nature,3,"When we care for nature, we protect the inheritance of generations yet to come.",અપણે પ્રકૃતિની કાળજી લઈએ ત્યારે આવતી પેઢીઓનો વારસો સુરક્ષિત કરીએ છીએ.,Premium greeting-card artwork for Nature Appreciation Day; cultural context: Indian; mood: Nature; season: Spring; elegant composition with clear bilingual text space; authentic details; no text inside artwork.,Monsoon Green,Nature Canvas,Spring,EN+GU,Draft,1.0,Evergreen
2026-05-01,Friday,Labour Day • Buddha Purnima,મજૂર દિવસ • બુદ્ધ પૂર્ણિમા,Civic and Religious,Indian,Dignity,1,"Let the meaning of Labour Day • Buddha Purnima guide us toward responsibility, respect and thoughtful action.","મજૂર દિવસ • બુદ્ધ પૂર્ણિમાનો અર્થ આપણને જવાબદારી, સન્માન અને વિચારપૂર્વકના કાર્ય તરફ દોરી જાય.",Premium greeting-card artwork for Labour Day • Buddha Purnima; cultural context: Indian; mood: Dignity; season: Summer; elegant composition with clear bilingual text space; authentic details; no text inside artwork.,Heritage Sandstone,Spiritual Serenity,Summer,EN+GU,Draft,1.0,Named Occasion
2026-05-02,Saturday,Character Day,ચારિત્ર્ય દિવસ,Indian Values,Indian,Integrity,3,"Character is built quietly, through choices made when no one is watching.","ચારિત્ર્ય શાંતિથી બને છે—ખાસ કરીને ત્યારે, જ્યારે કોઈ જોઈ રહ્યું ન હોય અને આપણે યોગ્ય પસંદગી કરીએ.",Premium greeting-card artwork for Character Day; cultural context: Indian; mood: Integrity; season: Summer; elegant composition with clear bilingual text space; authentic details; no text inside artwork.,Heritage Sandstone,Classic Heritage,Summer,EN+GU,Draft,1.0,Evergreen
2026-05-03,Sunday,World Press Freedom Day,વિશ્વ પ્રેસ સ્વતંત્રતા દિવસ,Civic,Global,Freedom,1,"Let the meaning of World Press Freedom Day guide us toward responsibility, respect and thoughtful action.","વિશ્વ પ્રેસ સ્વતંત્રતા દિવસનો અર્થ આપણને જવાબદારી, સન્માન અને વિચારપૂર્વકના કાર્ય તરફ દોરી જાય.",Premium greeting-card artwork for World Press Freedom Day; cultural context: Global; mood: Freedom; season: Summer; elegant composition with clear bilingual text space; authentic details; no text inside artwork.,Midnight Indigo,Modern Editorial,Summer,EN+GU,Draft,1.0,Named Occasion
2026-05-04,Monday,Learning Day,શીખવાનો દિવસ,Education,Indian,Wisdom,3,Every person we meet and every difficulty we face can become a teacher.,અપણે મળતા દરેક વ્યક્તિ અને સામનો કરતી દરેક મુશ્કેલી એક શિક્ષક બની શકે છે.,Premium greeting-card artwork for Learning Day; cultural context: Indian; mood: Wisdom; season: Summer; elegant composition with clear bilingual text space; authentic details; no text inside artwork.,Peacock Royal,Modern Editorial,Summer,EN+GU,Draft,1.0,Evergreen
2026-05-05,Tuesday,Kindness Day,દયાનો દિવસ,Social Values,Indian,Compassion,3,A small act of kindness can become the part of someone's day they remember most.,દયાનો નાનો કાર્ય કોઈના દિવસની સૌથી યાદગાર ક્ષણ બની શકે છે.,Premium greeting-card artwork for Kindness Day; cultural context: Indian; mood: Compassion; season: Summer; elegant composition with clear bilingual text space; authentic details; no text inside artwork.,Lotus Pink,Royal Greeting,Summer,EN+GU,Draft,1.0,Evergreen
2026-05-06,Wednesday,Discipline Day,શિસ્ત દિવસ,Work Ethics,Indian,Determination,3,Discipline turns good intentions into steady progress.,શિસ્ત સારા ઇરાદાઓને સતત પ્રગતિમાં બદલે છે.,Premium greeting-card artwork for Discipline Day; cultural context: Indian; mood: Determination; season: Summer; elegant composition with clear bilingual text space; authentic details; no text inside artwork.,Midnight Indigo,Modern Editorial,Summer,EN+GU,Draft,1.0,Evergreen
2026-05-07,Thursday,Family Values Day,પરિવાર મૂલ્યો દિવસ,Family,Indian,Affection,3,"A strong family is built through time, respect and the willingness to listen.","મજબૂત પરિવાર સમય, સન્માન અને એકબીજાને સાંભળવાની તૈયારીથી બને છે.",Premium greeting-card artwork for Family Values Day; cultural context: Indian; mood: Affection; season: Summer; elegant composition with clear bilingual text space; authentic details; no text inside artwork.,Lotus Pink,Royal Greeting,Summer,EN+GU,Draft,1.0,Evergreen
2026-05-08,Friday,World Red Cross and Red Crescent Day,વિશ્વ રેડ ક્રોસ અને રેડ ક્રેસન્ટ દિવસ,Humanitarian,Global,Service,1,"Let the meaning of World Red Cross and Red Crescent Day guide us toward responsibility, respect and thoughtful action.","વિશ્વ રેડ ક્રોસ અને રેડ ક્રેસન્ટ દિવસનો અર્થ આપણને જવાબદારી, સન્માન અને વિચારપૂર્વકના કાર્ય તરફ દોરી જાય.",Premium greeting-card artwork for World Red Cross and Red Crescent Day; cultural context: Global; mood: Service; season: Summer; elegant composition with clear bilingual text space; authentic details; no text inside artwork.,Lotus Pink,Modern Editorial,Summer,EN+GU,Draft,1.0,Named Occasion
2026-05-09,Saturday,Patience Day,ધીરજ દિવસ,Everyday Inspiration,Indian,Calm,3,Patience is not inaction; it is steady effort without unnecessary anxiety.,ધીરજ નિષ્ક્રિયતા નથી; તે અનાવશ્યક ચિંતા વિના સતત પ્રયત્ન છે.,Premium greeting-card artwork for Patience Day; cultural context: Indian; mood: Calm; season: Summer; elegant composition with clear bilingual text space; authentic details; no text inside artwork.,Monsoon Green,Spiritual Serenity,Summer,EN+GU,Draft,1.0,Evergreen
2026-05-10,Sunday,Mother's Day,માતૃ દિવસ,Family,Global,Gratitude,1,"Let the meaning of Mother's Day guide us toward responsibility, respect and thoughtful action.","માતૃ દિવસનો અર્થ આપણને જવાબદારી, સન્માન અને વિચારપૂર્વકના કાર્ય તરફ દોરી જાય.",Premium greeting-card artwork for Mother's Day; cultural context: Global; mood: Gratitude; season: Summer; elegant composition with clear bilingual text space; authentic details; no text inside artwork.,Lotus Pink,Royal Greeting,Summer,EN+GU,Draft,1.0,Named Occasion
2026-05-11,Monday,Courage Day,હિંમત દિવસ,Everyday Inspiration,Indian,Courage,3,Courage is often a quiet decision to do what is right despite uncertainty.,હિંમત ઘણીવાર અનિશ્ચિતતા છતાં યોગ્ય કાર્ય કરવાની શાંત પસંદગી હોય છે.,Premium greeting-card artwork for Courage Day; cultural context: Indian; mood: Courage; season: Summer; elegant composition with clear bilingual text space; authentic details; no text inside artwork.,Midnight Indigo,Modern Editorial,Summer,EN+GU,Draft,1.0,Evergreen
2026-05-12,Tuesday,International Nurses Day,આંતરરાષ્ટ્રીય નર્સ દિવસ,Professional Appreciation,Global,Gratitude,1,"Let the meaning of International Nurses Day guide us toward responsibility, respect and thoughtful action.","આંતરરાષ્ટ્રીય નર્સ દિવસનો અર્થ આપણને જવાબદારી, સન્માન અને વિચારપૂર્વકના કાર્ય તરફ દોરી જાય.",Premium greeting-card artwork for International Nurses Day; cultural context: Global; mood: Gratitude; season: Summer; elegant composition with clear bilingual text space; authentic details; no text inside artwork.,Peacock Royal,Modern Editorial,Summer,EN+GU,Draft,1.0,Named Occasion
2026-05-13,Wednesday,Purposeful Day,હેતુપૂર્ણ દિવસ,Everyday Inspiration,Indian,Purpose,3,A meaningful day begins when one clear intention guides every small action.,દરેક નાનાં કાર્યને એક સ્પષ્ટ હેતુ દિશા આપે ત્યારે દિવસ અર્થપૂર્ણ બને છે.,Premium greeting-card artwork for Purposeful Day; cultural context: Indian; mood: Purpose; season: Summer; elegant composition with clear bilingual text space; authentic details; no text inside artwork.,Heritage Sandstone,Modern Editorial,Summer,EN+GU,Draft,1.0,Evergreen
2026-05-14,Thursday,Character Day,ચારિત્ર્ય દિવસ,Indian Values,Indian,Integrity,3,"Character is built quietly, through choices made when no one is watching.","ચારિત્ર્ય શાંતિથી બને છે—ખાસ કરીને ત્યારે, જ્યારે કોઈ જોઈ રહ્યું ન હોય અને આપણે યોગ્ય પસંદગી કરીએ.",Premium greeting-card artwork for Character Day; cultural context: Indian; mood: Integrity; season: Summer; elegant composition with clear bilingual text space; authentic details; no text inside artwork.,Heritage Sandstone,Classic Heritage,Summer,EN+GU,Draft,1.0,Evergreen
2026-05-15,Friday,International Day of Families,આંતરરાષ્ટ્રીય પરિવાર દિવસ,Family,Global,Affection,1,"Let the meaning of International Day of Families guide us toward responsibility, respect and thoughtful action.","આંતરરાષ્ટ્રીય પરિવાર દિવસનો અર્થ આપણને જવાબદારી, સન્માન અને વિચારપૂર્વકના કાર્ય તરફ દોરી જાય.",Premium greeting-card artwork for International Day of Families; cultural context: Global; mood: Affection; season: Summer; elegant composition with clear bilingual text space; authentic details; no text inside artwork.,Lotus Pink,Royal Greeting,Summer,EN+GU,Draft,1.0,Named Occasion
2026-05-16,Saturday,Learning Day,શીખવાનો દિવસ,Education,Indian,Wisdom,3,Every person we meet and every difficulty we face can become a teacher.,અપણે મળતા દરેક વ્યક્તિ અને સામનો કરતી દરેક મુશ્કેલી એક શિક્ષક બની શકે છે.,Premium greeting-card artwork for Learning Day; cultural context: Indian; mood: Wisdom; season: Summer; elegant composition with clear bilingual text space; authentic details; no text inside artwork.,Peacock Royal,Modern Editorial,Summer,EN+GU,Draft,1.0,Evergreen
2026-05-17,Sunday,Kindness Day,દયાનો દિવસ,Social Values,Indian,Compassion,3,A small act of kindness can become the part of someone's day they remember most.,દયાનો નાનો કાર્ય કોઈના દિવસની સૌથી યાદગાર ક્ષણ બની શકે છે.,Premium greeting-card artwork for Kindness Day; cultural context: Indian; mood: Compassion; season: Summer; elegant composition with clear bilingual text space; authentic details; no text inside artwork.,Lotus Pink,Royal Greeting,Summer,EN+GU,Draft,1.0,Evergreen
2026-05-18,Monday,Discipline Day,શિસ્ત દિવસ,Work Ethics,Indian,Determination,3,Discipline turns good intentions into steady progress.,શિસ્ત સારા ઇરાદાઓને સતત પ્રગતિમાં બદલે છે.,Premium greeting-card artwork for Discipline Day; cultural context: Indian; mood: Determination; season: Summer; elegant composition with clear bilingual text space; authentic details; no text inside artwork.,Midnight Indigo,Modern Editorial,Summer,EN+GU,Draft,1.0,Evergreen
2026-05-19,Tuesday,Family Values Day,પરિવાર મૂલ્યો દિવસ,Family,Indian,Affection,3,"A strong family is built through time, respect and the willingness to listen.","મજબૂત પરિવાર સમય, સન્માન અને એકબીજાને સાંભળવાની તૈયારીથી બને છે.",Premium greeting-card artwork for Family Values Day; cultural context: Indian; mood: Affection; season: Summer; elegant composition with clear bilingual text space; authentic details; no text inside artwork.,Lotus Pink,Royal Greeting,Summer,EN+GU,Draft,1.0,Evergreen
2026-05-20,Wednesday,World Bee Day,વિશ્વ મધમાખી દિવસ,Environment,Global,Nature,1,"Let the meaning of World Bee Day guide us toward responsibility, respect and thoughtful action.","વિશ્વ મધમાખી દિવસનો અર્થ આપણને જવાબદારી, સન્માન અને વિચારપૂર્વકના કાર્ય તરફ દોરી જાય.",Premium greeting-card artwork for World Bee Day; cultural context: Global; mood: Nature; season: Summer; elegant composition with clear bilingual text space; authentic details; no text inside artwork.,Monsoon Green,Nature Canvas,Summer,EN+GU,Draft,1.0,Named Occasion
2026-05-21,Thursday,International Tea Day,આંતરરાષ્ટ્રીય ચા દિવસ,Culture and Agriculture,Global,Warmth,1,"Let the meaning of International Tea Day guide us toward responsibility, respect and thoughtful action.","આંતરરાષ્ટ્રીય ચા દિવસનો અર્થ આપણને જવાબદારી, સન્માન અને વિચારપૂર્વકના કાર્ય તરફ દોરી જાય.",Premium greeting-card artwork for International Tea Day; cultural context: Global; mood: Warmth; season: Summer; elegant composition with clear bilingual text space; authentic details; no text inside artwork.,Heritage Sandstone,Royal Greeting,Summer,EN+GU,Draft,1.0,Named Occasion
2026-05-22,Friday,Unity Day,એકતા દિવસ,Indian Values,Indian,Unity,3,Differences become strength when people work together with mutual respect.,લોકો પરસ્પર સન્માનથી સાથે કામ કરે ત્યારે ભિન્નતા શક્તિ બની જાય છે.,Premium greeting-card artwork for Unity Day; cultural context: Indian; mood: Unity; season: Summer; elegant composition with clear bilingual text space; authentic details; no text inside artwork.,Royal Saffron,Classic Heritage,Summer,EN+GU,Draft,1.0,Evergreen
2026-05-23,Saturday,Courage Day,હિંમત દિવસ,Everyday Inspiration,Indian,Courage,3,Courage is often a quiet decision to do what is right despite uncertainty.,હિંમત ઘણીવાર અનિશ્ચિતતા છતાં યોગ્ય કાર્ય કરવાની શાંત પસંદગી હોય છે.,Premium greeting-card artwork for Courage Day; cultural context: Indian; mood: Courage; season: Summer; elegant composition with clear bilingual text space; authentic details; no text inside artwork.,Midnight Indigo,Modern Editorial,Summer,EN+GU,Draft,1.0,Evergreen
2026-05-24,Sunday,Nature Appreciation Day,પ્રકૃતિ કદર દિવસ,Environment,Indian,Nature,3,"When we care for nature, we protect the inheritance of generations yet to come.",અપણે પ્રકૃતિની કાળજી લઈએ ત્યારે આવતી પેઢીઓનો વારસો સુરક્ષિત કરીએ છીએ.,Premium greeting-card artwork for Nature Appreciation Day; cultural context: Indian; mood: Nature; season: Summer; elegant composition with clear bilingual text space; authentic details; no text inside artwork.,Monsoon Green,Nature Canvas,Summer,EN+GU,Draft,1.0,Evergreen
2026-05-25,Monday,Ganga Dussehra,ગંગા દશેરા,Religious Festival,Indian,Purity,1,"Let the meaning of Ganga Dussehra guide us toward responsibility, respect and thoughtful action.","ગંગા દશેરાનો અર્થ આપણને જવાબદારી, સન્માન અને વિચારપૂર્વકના કાર્ય તરફ દોરી જાય.",Premium greeting-card artwork for Ganga Dussehra; cultural context: Indian; mood: Purity; season: Summer; elegant composition with clear bilingual text space; authentic details; no text inside artwork.,Peacock Royal,Spiritual Serenity,Summer,EN+GU,Draft,1.0,Named Occasion
2026-05-26,Tuesday,Character Day,ચારિત્ર્ય દિવસ,Indian Values,Indian,Integrity,3,"Character is built quietly, through choices made when no one is watching.","ચારિત્ર્ય શાંતિથી બને છે—ખાસ કરીને ત્યારે, જ્યારે કોઈ જોઈ રહ્યું ન હોય અને આપણે યોગ્ય પસંદગી કરીએ.",Premium greeting-card artwork for Character Day; cultural context: Indian; mood: Integrity; season: Summer; elegant composition with clear bilingual text space; authentic details; no text inside artwork.,Heritage Sandstone,Classic Heritage,Summer,EN+GU,Draft,1.0,Evergreen
2026-05-27,Wednesday,Gratitude Day,કૃતજ્ઞતા દિવસ,Indian Values,Indian,Gratitude,3,Gratitude does not reduce ambition; it gives ambition a peaceful foundation.,કૃતજ્ઞતા મહત્ત્વાકાંક્ષાને ઘટાડતી નથી; તે તેને શાંતિપૂર્ણ આધાર આપે છે.,Premium greeting-card artwork for Gratitude Day; cultural context: Indian; mood: Gratitude; season: Summer; elegant composition with clear bilingual text space; authentic details; no text inside artwork.,Lotus Pink,Royal Greeting,Summer,EN+GU,Draft,1.0,Evergreen
2026-05-28,Thursday,Learning Day,શીખવાનો દિવસ,Education,Indian,Wisdom,3,Every person we meet and every difficulty we face can become a teacher.,અપણે મળતા દરેક વ્યક્તિ અને સામનો કરતી દરેક મુશ્કેલી એક શિક્ષક બની શકે છે.,Premium greeting-card artwork for Learning Day; cultural context: Indian; mood: Wisdom; season: Summer; elegant composition with clear bilingual text space; authentic details; no text inside artwork.,Peacock Royal,Modern Editorial,Summer,EN+GU,Draft,1.0,Evergreen
2026-05-29,Friday,Kindness Day,દયાનો દિવસ,Social Values,Indian,Compassion,3,A small act of kindness can become the part of someone's day they remember most.,દયાનો નાનો કાર્ય કોઈના દિવસની સૌથી યાદગાર ક્ષણ બની શકે છે.,Premium greeting-card artwork for Kindness Day; cultural context: Indian; mood: Compassion; season: Summer; elegant composition with clear bilingual text space; authentic details; no text inside artwork.,Lotus Pink,Royal Greeting,Summer,EN+GU,Draft,1.0,Evergreen
2026-05-30,Saturday,Discipline Day,શિસ્ત દિવસ,Work Ethics,Indian,Determination,3,Discipline turns good intentions into steady progress.,શિસ્ત સારા ઇરાદાઓને સતત પ્રગતિમાં બદલે છે.,Premium greeting-card artwork for Discipline Day; cultural context: Indian; mood: Determination; season: Summer; elegant composition with clear bilingual text space; authentic details; no text inside artwork.,Midnight Indigo,Modern Editorial,Summer,EN+GU,Draft,1.0,Evergreen
2026-05-31,Sunday,Responsibility Day,જવાબદારી દિવસ,Indian Values,Indian,Responsibility,3,Responsibility is the bridge between good intentions and trusted action.,જવાબદારી સારા ઇરાદા અને વિશ્વસનીય કાર્ય વચ્ચેનો સેતુ છે.,Premium Indian-context greeting-card artwork for Responsibility Day; mood: Responsibility; season: Summer; elegant composition with clear bilingual text space; no text inside artwork.,Heritage Sandstone,Classic Heritage,Summer,EN+GU,Draft,1.0,Evergreen
2026-06-01,Monday,Global Day of Parents,વૈશ્વિક માતા-પિતા દિવસ,Family,Global,Gratitude,1,"Let the meaning of Global Day of Parents guide us toward responsibility, respect and thoughtful action.","વૈશ્વિક માતા-પિતા દિવસનો અર્થ આપણને જવાબદારી, સન્માન અને વિચારપૂર્વકના કાર્ય તરફ દોરી જાય.",Premium greeting-card artwork for Global Day of Parents; cultural context: Global; mood: Gratitude; season: Summer; elegant composition with clear bilingual text space; authentic details; no text inside artwork.,Lotus Pink,Royal Greeting,Summer,EN+GU,Draft,1.0,Named Occasion
2026-06-02,Tuesday,Patience Day,ધીરજ દિવસ,Everyday Inspiration,Indian,Calm,3,Patience is not inaction; it is steady effort without unnecessary anxiety.,ધીરજ નિષ્ક્રિયતા નથી; તે અનાવશ્યક ચિંતા વિના સતત પ્રયત્ન છે.,Premium greeting-card artwork for Patience Day; cultural context: Indian; mood: Calm; season: Summer; elegant composition with clear bilingual text space; authentic details; no text inside artwork.,Monsoon Green,Spiritual Serenity,Summer,EN+GU,Draft,1.0,Evergreen
2026-06-03,Wednesday,Unity Day,એકતા દિવસ,Indian Values,Indian,Unity,3,Differences become strength when people work together with mutual respect.,લોકો પરસ્પર સન્માનથી સાથે કામ કરે ત્યારે ભિન્નતા શક્તિ બની જાય છે.,Premium greeting-card artwork for Unity Day; cultural context: Indian; mood: Unity; season: Summer; elegant composition with clear bilingual text space; authentic details; no text inside artwork.,Royal Saffron,Classic Heritage,Summer,EN+GU,Draft,1.0,Evergreen
2026-06-04,Thursday,Courage Day,હિંમત દિવસ,Everyday Inspiration,Indian,Courage,3,Courage is often a quiet decision to do what is right despite uncertainty.,હિંમત ઘણીવાર અનિશ્ચિતતા છતાં યોગ્ય કાર્ય કરવાની શાંત પસંદગી હોય છે.,Premium greeting-card artwork for Courage Day; cultural context: Indian; mood: Courage; season: Summer; elegant composition with clear bilingual text space; authentic details; no text inside artwork.,Midnight Indigo,Modern Editorial,Summer,EN+GU,Draft,1.0,Evergreen
2026-06-05,Friday,World Environment Day,વિશ્વ પર્યાવરણ દિવસ,Environment,Global,Responsibility,1,"Let the meaning of World Environment Day guide us toward responsibility, respect and thoughtful action.","વિશ્વ પર્યાવરણ દિવસનો અર્થ આપણને જવાબદારી, સન્માન અને વિચારપૂર્વકના કાર્ય તરફ દોરી જાય.",Premium greeting-card artwork for World Environment Day; cultural context: Global; mood: Responsibility; season: Summer; elegant composition with clear bilingual text space; authentic details; no text inside artwork.,Monsoon Green,Nature Canvas,Summer,EN+GU,Draft,1.0,Named Occasion
2026-06-06,Saturday,Purposeful Day,હેતુપૂર્ણ દિવસ,Everyday Inspiration,Indian,Purpose,3,A meaningful day begins when one clear intention guides every small action.,દરેક નાનાં કાર્યને એક સ્પષ્ટ હેતુ દિશા આપે ત્યારે દિવસ અર્થપૂર્ણ બને છે.,Premium greeting-card artwork for Purposeful Day; cultural context: Indian; mood: Purpose; season: Summer; elegant composition with clear bilingual text space; authentic details; no text inside artwork.,Heritage Sandstone,Modern Editorial,Summer,EN+GU,Draft,1.0,Evergreen
2026-06-07,Sunday,Character Day,ચારિત્ર્ય દિવસ,Indian Values,Indian,Integrity,3,"Character is built quietly, through choices made when no one is watching.","ચારિત્ર્ય શાંતિથી બને છે—ખાસ કરીને ત્યારે, જ્યારે કોઈ જોઈ રહ્યું ન હોય અને આપણે યોગ્ય પસંદગી કરીએ.",Premium greeting-card artwork for Character Day; cultural context: Indian; mood: Integrity; season: Summer; elegant composition with clear bilingual text space; authentic details; no text inside artwork.,Heritage Sandstone,Classic Heritage,Summer,EN+GU,Draft,1.0,Evergreen
2026-06-08,Monday,World Oceans Day,વિશ્વ મહાસાગર દિવસ,Environment,Global,Nature,1,"Let the meaning of World Oceans Day guide us toward responsibility, respect and thoughtful action.","વિશ્વ મહાસાગર દિવસનો અર્થ આપણને જવાબદારી, સન્માન અને વિચારપૂર્વકના કાર્ય તરફ દોરી જાય.",Premium greeting-card artwork for World Oceans Day; cultural context: Global; mood: Nature; season: Summer; elegant composition with clear bilingual text space; authentic details; no text inside artwork.,Peacock Royal,Nature Canvas,Summer,EN+GU,Draft,1.0,Named Occasion
2026-06-09,Tuesday,Learning Day,શીખવાનો દિવસ,Education,Indian,Wisdom,3,Every person we meet and every difficulty we face can become a teacher.,અપણે મળતા દરેક વ્યક્તિ અને સામનો કરતી દરેક મુશ્કેલી એક શિક્ષક બની શકે છે.,Premium greeting-card artwork for Learning Day; cultural context: Indian; mood: Wisdom; season: Summer; elegant composition with clear bilingual text space; authentic details; no text inside artwork.,Peacock Royal,Modern Editorial,Summer,EN+GU,Draft,1.0,Evergreen
2026-06-10,Wednesday,Kindness Day,દયાનો દિવસ,Social Values,Indian,Compassion,3,A small act of kindness can become the part of someone's day they remember most.,દયાનો નાનો કાર્ય કોઈના દિવસની સૌથી યાદગાર ક્ષણ બની શકે છે.,Premium greeting-card artwork for Kindness Day; cultural context: Indian; mood: Compassion; season: Summer; elegant composition with clear bilingual text space; authentic details; no text inside artwork.,Lotus Pink,Royal Greeting,Summer,EN+GU,Draft,1.0,Evergreen
2026-06-11,Thursday,Discipline Day,શિસ્ત દિવસ,Work Ethics,Indian,Determination,3,Discipline turns good intentions into steady progress.,શિસ્ત સારા ઇરાદાઓને સતત પ્રગતિમાં બદલે છે.,Premium greeting-card artwork for Discipline Day; cultural context: Indian; mood: Determination; season: Summer; elegant composition with clear bilingual text space; authentic details; no text inside artwork.,Midnight Indigo,Modern Editorial,Summer,EN+GU,Draft,1.0,Evergreen
2026-06-12,Friday,Family Values Day,પરિવાર મૂલ્યો દિવસ,Family,Indian,Affection,3,"A strong family is built through time, respect and the willingness to listen.","મજબૂત પરિવાર સમય, સન્માન અને એકબીજાને સાંભળવાની તૈયારીથી બને છે.",Premium greeting-card artwork for Family Values Day; cultural context: Indian; mood: Affection; season: Summer; elegant composition with clear bilingual text space; authentic details; no text inside artwork.,Lotus Pink,Royal Greeting,Summer,EN+GU,Draft,1.0,Evergreen
2026-06-13,Saturday,Service Day,સેવાનો દિવસ,Social Responsibility,Indian,Service,3,Service becomes noble when it is offered with humility rather than recognition in mind.,"સેવા ત્યારે મહાન બને છે જ્યારે તે પ્રસિદ્ધિ માટે નહીં, પરંતુ વિનમ્રતાથી કરવામાં આવે.",Premium greeting-card artwork for Service Day; cultural context: Indian; mood: Service; season: Summer; elegant composition with clear bilingual text space; authentic details; no text inside artwork.,Royal Saffron,Classic Heritage,Summer,EN+GU,Draft,1.0,Evergreen
2026-06-14,Sunday,World Blood Donor Day,વિશ્વ રક્તદાતા દિવસ,Humanitarian,Global,Service,1,"Let the meaning of World Blood Donor Day guide us toward responsibility, respect and thoughtful action.","વિશ્વ રક્તદાતા દિવસનો અર્થ આપણને જવાબદારી, સન્માન અને વિચારપૂર્વકના કાર્ય તરફ દોરી જાય.",Premium greeting-card artwork for World Blood Donor Day; cultural context: Global; mood: Service; season: Summer; elegant composition with clear bilingual text space; authentic details; no text inside artwork.,Royal Saffron,Modern Editorial,Summer,EN+GU,Draft,1.0,Named Occasion
2026-06-15,Monday,World Elder Abuse Awareness Day,વડીલો પર દુર્વ્યવહાર અંગે જાગૃતિ દિવસ,Social Awareness,Global,Compassion,1,"Let the meaning of World Elder Abuse Awareness Day guide us toward responsibility, respect and thoughtful action.","વડીલો પર દુર્વ્યવહાર અંગે જાગૃતિ દિવસનો અર્થ આપણને જવાબદારી, સન્માન અને વિચારપૂર્વકના કાર્ય તરફ દોરી જાય.",Premium greeting-card artwork for World Elder Abuse Awareness Day; cultural context: Global; mood: Compassion; season: Summer; elegant composition with clear bilingual text space; authentic details; no text inside artwork.,Heritage Sandstone,Modern Editorial,Summer,EN+GU,Draft,1.0,Named Occasion
2026-06-16,Tuesday,Courage Day,હિંમત દિવસ,Everyday Inspiration,Indian,Courage,3,Courage is often a quiet decision to do what is right despite uncertainty.,હિંમત ઘણીવાર અનિશ્ચિતતા છતાં યોગ્ય કાર્ય કરવાની શાંત પસંદગી હોય છે.,Premium greeting-card artwork for Courage Day; cultural context: Indian; mood: Courage; season: Summer; elegant composition with clear bilingual text space; authentic details; no text inside artwork.,Midnight Indigo,Modern Editorial,Summer,EN+GU,Draft,1.0,Evergreen
2026-06-17,Wednesday,Nature Appreciation Day,પ્રકૃતિ કદર દિવસ,Environment,Indian,Nature,3,"When we care for nature, we protect the inheritance of generations yet to come.",અપણે પ્રકૃતિની કાળજી લઈએ ત્યારે આવતી પેઢીઓનો વારસો સુરક્ષિત કરીએ છીએ.,Premium greeting-card artwork for Nature Appreciation Day; cultural context: Indian; mood: Nature; season: Summer; elegant composition with clear bilingual text space; authentic details; no text inside artwork.,Monsoon Green,Nature Canvas,Summer,EN+GU,Draft,1.0,Evergreen
2026-06-18,Thursday,Purposeful Day,હેતુપૂર્ણ દિવસ,Everyday Inspiration,Indian,Purpose,3,A meaningful day begins when one clear intention guides every small action.,દરેક નાનાં કાર્યને એક સ્પષ્ટ હેતુ દિશા આપે ત્યારે દિવસ અર્થપૂર્ણ બને છે.,Premium greeting-card artwork for Purposeful Day; cultural context: Indian; mood: Purpose; season: Summer; elegant composition with clear bilingual text space; authentic details; no text inside artwork.,Heritage Sandstone,Modern Editorial,Summer,EN+GU,Draft,1.0,Evergreen
2026-06-19,Friday,Character Day,ચારિત્ર્ય દિવસ,Indian Values,Indian,Integrity,3,"Character is built quietly, through choices made when no one is watching.","ચારિત્ર્ય શાંતિથી બને છે—ખાસ કરીને ત્યારે, જ્યારે કોઈ જોઈ રહ્યું ન હોય અને આપણે યોગ્ય પસંદગી કરીએ.",Premium greeting-card artwork for Character Day; cultural context: Indian; mood: Integrity; season: Summer; elegant composition with clear bilingual text space; authentic details; no text inside artwork.,Heritage Sandstone,Classic Heritage,Summer,EN+GU,Draft,1.0,Evergreen
2026-06-20,Saturday,Gratitude Day,કૃતજ્ઞતા દિવસ,Indian Values,Indian,Gratitude,3,Gratitude does not reduce ambition; it gives ambition a peaceful foundation.,કૃતજ્ઞતા મહત્ત્વાકાંક્ષાને ઘટાડતી નથી; તે તેને શાંતિપૂર્ણ આધાર આપે છે.,Premium greeting-card artwork for Gratitude Day; cultural context: Indian; mood: Gratitude; season: Summer; elegant composition with clear bilingual text space; authentic details; no text inside artwork.,Lotus Pink,Royal Greeting,Summer,EN+GU,Draft,1.0,Evergreen
2026-06-21,Sunday,International Day of Yoga • Father's Day,આંતરરાષ્ટ્રીય યોગ દિવસ • પિતૃ દિવસ,Culture and Family,Indian,Balance,1,"Let the meaning of International Day of Yoga • Father's Day guide us toward responsibility, respect and thoughtful action.","આંતરરાષ્ટ્રીય યોગ દિવસ • પિતૃ દિવસનો અર્થ આપણને જવાબદારી, સન્માન અને વિચારપૂર્વકના કાર્ય તરફ દોરી જાય.",Premium greeting-card artwork for International Day of Yoga • Father's Day; cultural context: Indian; mood: Balance; season: Summer; elegant composition with clear bilingual text space; authentic details; no text inside artwork.,Monsoon Green,Spiritual Serenity,Summer,EN+GU,Draft,1.0,Named Occasion
2026-06-22,Monday,Kindness Day,દયાનો દિવસ,Social Values,Indian,Compassion,3,A small act of kindness can become the part of someone's day they remember most.,દયાનો નાનો કાર્ય કોઈના દિવસની સૌથી યાદગાર ક્ષણ બની શકે છે.,Premium greeting-card artwork for Kindness Day; cultural context: Indian; mood: Compassion; season: Summer; elegant composition with clear bilingual text space; authentic details; no text inside artwork.,Lotus Pink,Royal Greeting,Summer,EN+GU,Draft,1.0,Evergreen
2026-06-23,Tuesday,United Nations Public Service Day,સંયુક્ત રાષ્ટ્ર જાહેર સેવા દિવસ,Public Service,Global,Service,1,"Let the meaning of United Nations Public Service Day guide us toward responsibility, respect and thoughtful action.","સંયુક્ત રાષ્ટ્ર જાહેર સેવા દિવસનો અર્થ આપણને જવાબદારી, સન્માન અને વિચારપૂર્વકના કાર્ય તરફ દોરી જાય.",Premium greeting-card artwork for United Nations Public Service Day; cultural context: Global; mood: Service; season: Summer; elegant composition with clear bilingual text space; authentic details; no text inside artwork.,Heritage Sandstone,Classic Heritage,Summer,EN+GU,Draft,1.0,Named Occasion
2026-06-24,Wednesday,Family Values Day,પરિવાર મૂલ્યો દિવસ,Family,Indian,Affection,3,"A strong family is built through time, respect and the willingness to listen.","મજબૂત પરિવાર સમય, સન્માન અને એકબીજાને સાંભળવાની તૈયારીથી બને છે.",Premium greeting-card artwork for Family Values Day; cultural context: Indian; mood: Affection; season: Summer; elegant composition with clear bilingual text space; authentic details; no text inside artwork.,Lotus Pink,Royal Greeting,Summer,EN+GU,Draft,1.0,Evergreen
2026-06-25,Thursday,Service Day,સેવાનો દિવસ,Social Responsibility,Indian,Service,3,Service becomes noble when it is offered with humility rather than recognition in mind.,"સેવા ત્યારે મહાન બને છે જ્યારે તે પ્રસિદ્ધિ માટે નહીં, પરંતુ વિનમ્રતાથી કરવામાં આવે.",Premium greeting-card artwork for Service Day; cultural context: Indian; mood: Service; season: Summer; elegant composition with clear bilingual text space; authentic details; no text inside artwork.,Royal Saffron,Classic Heritage,Summer,EN+GU,Draft,1.0,Evergreen
2026-06-26,Friday,International Day Against Drug Abuse and Illicit Trafficking,માદક દ્રવ્યોના દુરૂપયોગ અને ગેરકાયદે વેપાર વિરુદ્ધ આંતરરાષ્ટ્રીય દિવસ,Social Awareness,Global,Responsibility,1,"Let the meaning of International Day Against Drug Abuse and Illicit Trafficking guide us toward responsibility, respect and thoughtful action.","માદક દ્રવ્યોના દુરૂપયોગ અને ગેરકાયદે વેપાર વિરુદ્ધ આંતરરાષ્ટ્રીય દિવસનો અર્થ આપણને જવાબદારી, સન્માન અને વિચારપૂર્વકના કાર્ય તરફ દોરી જાય.",Premium greeting-card artwork for International Day Against Drug Abuse and Illicit Trafficking; cultural context: Global; mood: Responsibility; season: Summer; elegant composition with clear bilingual text space; authentic details; no text inside artwork.,Midnight Indigo,Modern Editorial,Summer,EN+GU,Draft,1.0,Named Occasion
2026-06-27,Saturday,Unity Day,એકતા દિવસ,Indian Values,Indian,Unity,3,Differences become strength when people work together with mutual respect.,લોકો પરસ્પર સન્માનથી સાથે કામ કરે ત્યારે ભિન્નતા શક્તિ બની જાય છે.,Premium greeting-card artwork for Unity Day; cultural context: Indian; mood: Unity; season: Summer; elegant composition with clear bilingual text space; authentic details; no text inside artwork.,Royal Saffron,Classic Heritage,Summer,EN+GU,Draft,1.0,Evergreen
2026-06-28,Sunday,Courage Day,હિંમત દિવસ,Everyday Inspiration,Indian,Courage,3,Courage is often a quiet decision to do what is right despite uncertainty.,હિંમત ઘણીવાર અનિશ્ચિતતા છતાં યોગ્ય કાર્ય કરવાની શાંત પસંદગી હોય છે.,Premium greeting-card artwork for Courage Day; cultural context: Indian; mood: Courage; season: Summer; elegant composition with clear bilingual text space; authentic details; no text inside artwork.,Midnight Indigo,Modern Editorial,Summer,EN+GU,Draft,1.0,Evergreen
2026-06-29,Monday,Nature Appreciation Day,પ્રકૃતિ કદર દિવસ,Environment,Indian,Nature,3,"When we care for nature, we protect the inheritance of generations yet to come.",અપણે પ્રકૃતિની કાળજી લઈએ ત્યારે આવતી પેઢીઓનો વારસો સુરક્ષિત કરીએ છીએ.,Premium greeting-card artwork for Nature Appreciation Day; cultural context: Indian; mood: Nature; season: Summer; elegant composition with clear bilingual text space; authentic details; no text inside artwork.,Monsoon Green,Nature Canvas,Summer,EN+GU,Draft,1.0,Evergreen
2026-06-30,Tuesday,Purposeful Day,હેતુપૂર્ણ દિવસ,Everyday Inspiration,Indian,Purpose,3,A meaningful day begins when one clear intention guides every small action.,દરેક નાનાં કાર્યને એક સ્પષ્ટ હેતુ દિશા આપે ત્યારે દિવસ અર્થપૂર્ણ બને છે.,Premium greeting-card artwork for Purposeful Day; cultural context: Indian; mood: Purpose; season: Summer; elegant composition with clear bilingual text space; authentic details; no text inside artwork.,Heritage Sandstone,Modern Editorial,Summer,EN+GU,Draft,1.0,Evergreen
2026-07-01,Wednesday,National Doctors' Day,રાષ્ટ્રીય ડોક્ટર્સ દિવસ,Professional Appreciation,Indian,Gratitude,1,"Let the meaning of National Doctors' Day guide us toward responsibility, respect and thoughtful action.","રાષ્ટ્રીય ડોક્ટર્સ દિવસનો અર્થ આપણને જવાબદારી, સન્માન અને વિચારપૂર્વકના કાર્ય તરફ દોરી જાય.",Premium greeting-card artwork for National Doctors' Day; cultural context: Indian; mood: Gratitude; season: Monsoon; elegant composition with clear bilingual text space; authentic details; no text inside artwork.,Peacock Royal,Modern Editorial,Monsoon,EN+GU,Draft,1.0,Named Occasion
2026-07-02,Thursday,Gratitude Day,કૃતજ્ઞતા દિવસ,Indian Values,Indian,Gratitude,3,Gratitude does not reduce ambition; it gives ambition a peaceful foundation.,કૃતજ્ઞતા મહત્ત્વાકાંક્ષાને ઘટાડતી નથી; તે તેને શાંતિપૂર્ણ આધાર આપે છે.,Premium greeting-card artwork for Gratitude Day; cultural context: Indian; mood: Gratitude; season: Monsoon; elegant composition with clear bilingual text space; authentic details; no text inside artwork.,Lotus Pink,Royal Greeting,Monsoon,EN+GU,Draft,1.0,Evergreen
2026-07-03,Friday,Learning Day,શીખવાનો દિવસ,Education,Indian,Wisdom,3,Every person we meet and every difficulty we face can become a teacher.,અપણે મળતા દરેક વ્યક્તિ અને સામનો કરતી દરેક મુશ્કેલી એક શિક્ષક બની શકે છે.,Premium greeting-card artwork for Learning Day; cultural context: Indian; mood: Wisdom; season: Monsoon; elegant composition with clear bilingual text space; authentic details; no text inside artwork.,Peacock Royal,Modern Editorial,Monsoon,EN+GU,Draft,1.0,Evergreen
2026-07-04,Saturday,Kindness Day,દયાનો દિવસ,Social Values,Indian,Compassion,3,A small act of kindness can become the part of someone's day they remember most.,દયાનો નાનો કાર્ય કોઈના દિવસની સૌથી યાદગાર ક્ષણ બની શકે છે.,Premium greeting-card artwork for Kindness Day; cultural context: Indian; mood: Compassion; season: Monsoon; elegant composition with clear bilingual text space; authentic details; no text inside artwork.,Lotus Pink,Royal Greeting,Monsoon,EN+GU,Draft,1.0,Evergreen
2026-07-05,Sunday,Discipline Day,શિસ્ત દિવસ,Work Ethics,Indian,Determination,3,Discipline turns good intentions into steady progress.,શિસ્ત સારા ઇરાદાઓને સતત પ્રગતિમાં બદલે છે.,Premium greeting-card artwork for Discipline Day; cultural context: Indian; mood: Determination; season: Monsoon; elegant composition with clear bilingual text space; authentic details; no text inside artwork.,Midnight Indigo,Modern Editorial,Monsoon,EN+GU,Draft,1.0,Evergreen
2026-07-06,Monday,Family Values Day,પરિવાર મૂલ્યો દિવસ,Family,Indian,Affection,3,"A strong family is built through time, respect and the willingness to listen.","મજબૂત પરિવાર સમય, સન્માન અને એકબીજાને સાંભળવાની તૈયારીથી બને છે.",Premium greeting-card artwork for Family Values Day; cultural context: Indian; mood: Affection; season: Monsoon; elegant composition with clear bilingual text space; authentic details; no text inside artwork.,Lotus Pink,Royal Greeting,Monsoon,EN+GU,Draft,1.0,Evergreen
2026-07-07,Tuesday,Service Day,સેવાનો દિવસ,Social Responsibility,Indian,Service,3,Service becomes noble when it is offered with humility rather than recognition in mind.,"સેવા ત્યારે મહાન બને છે જ્યારે તે પ્રસિદ્ધિ માટે નહીં, પરંતુ વિનમ્રતાથી કરવામાં આવે.",Premium greeting-card artwork for Service Day; cultural context: Indian; mood: Service; season: Monsoon; elegant composition with clear bilingual text space; authentic details; no text inside artwork.,Royal Saffron,Classic Heritage,Monsoon,EN+GU,Draft,1.0,Evergreen
2026-07-08,Wednesday,Patience Day,ધીરજ દિવસ,Everyday Inspiration,Indian,Calm,3,Patience is not inaction; it is steady effort without unnecessary anxiety.,ધીરજ નિષ્ક્રિયતા નથી; તે અનાવશ્યક ચિંતા વિના સતત પ્રયત્ન છે.,Premium greeting-card artwork for Patience Day; cultural context: Indian; mood: Calm; season: Monsoon; elegant composition with clear bilingual text space; authentic details; no text inside artwork.,Monsoon Green,Spiritual Serenity,Monsoon,EN+GU,Draft,1.0,Evergreen
2026-07-09,Thursday,Unity Day,એકતા દિવસ,Indian Values,Indian,Unity,3,Differences become strength when people work together with mutual respect.,લોકો પરસ્પર સન્માનથી સાથે કામ કરે ત્યારે ભિન્નતા શક્તિ બની જાય છે.,Premium greeting-card artwork for Unity Day; cultural context: Indian; mood: Unity; season: Monsoon; elegant composition with clear bilingual text space; authentic details; no text inside artwork.,Royal Saffron,Classic Heritage,Monsoon,EN+GU,Draft,1.0,Evergreen
2026-07-10,Friday,Courage Day,હિંમત દિવસ,Everyday Inspiration,Indian,Courage,3,Courage is often a quiet decision to do what is right despite uncertainty.,હિંમત ઘણીવાર અનિશ્ચિતતા છતાં યોગ્ય કાર્ય કરવાની શાંત પસંદગી હોય છે.,Premium greeting-card artwork for Courage Day; cultural context: Indian; mood: Courage; season: Monsoon; elegant composition with clear bilingual text space; authentic details; no text inside artwork.,Midnight Indigo,Modern Editorial,Monsoon,EN+GU,Draft,1.0,Evergreen
2026-07-11,Saturday,World Population Day,વિશ્વ વસ્તી દિવસ,Global Awareness,Global,Responsibility,1,"Let the meaning of World Population Day guide us toward responsibility, respect and thoughtful action.","વિશ્વ વસ્તી દિવસનો અર્થ આપણને જવાબદારી, સન્માન અને વિચારપૂર્વકના કાર્ય તરફ દોરી જાય.",Premium greeting-card artwork for World Population Day; cultural context: Global; mood: Responsibility; season: Monsoon; elegant composition with clear bilingual text space; authentic details; no text inside artwork.,Heritage Sandstone,Modern Editorial,Monsoon,EN+GU,Draft,1.0,Named Occasion
2026-07-12,Sunday,Purposeful Day,હેતુપૂર્ણ દિવસ,Everyday Inspiration,Indian,Purpose,3,A meaningful day begins when one clear intention guides every small action.,દરેક નાનાં કાર્યને એક સ્પષ્ટ હેતુ દિશા આપે ત્યારે દિવસ અર્થપૂર્ણ બને છે.,Premium greeting-card artwork for Purposeful Day; cultural context: Indian; mood: Purpose; season: Monsoon; elegant composition with clear bilingual text space; authentic details; no text inside artwork.,Heritage Sandstone,Modern Editorial,Monsoon,EN+GU,Draft,1.0,Evergreen
2026-07-13,Monday,Character Day,ચારિત્ર્ય દિવસ,Indian Values,Indian,Integrity,3,"Character is built quietly, through choices made when no one is watching.","ચારિત્ર્ય શાંતિથી બને છે—ખાસ કરીને ત્યારે, જ્યારે કોઈ જોઈ રહ્યું ન હોય અને આપણે યોગ્ય પસંદગી કરીએ.",Premium greeting-card artwork for Character Day; cultural context: Indian; mood: Integrity; season: Monsoon; elegant composition with clear bilingual text space; authentic details; no text inside artwork.,Heritage Sandstone,Classic Heritage,Monsoon,EN+GU,Draft,1.0,Evergreen
2026-07-14,Tuesday,Gratitude Day,કૃતજ્ઞતા દિવસ,Indian Values,Indian,Gratitude,3,Gratitude does not reduce ambition; it gives ambition a peaceful foundation.,કૃતજ્ઞતા મહત્ત્વાકાંક્ષાને ઘટાડતી નથી; તે તેને શાંતિપૂર્ણ આધાર આપે છે.,Premium greeting-card artwork for Gratitude Day; cultural context: Indian; mood: Gratitude; season: Monsoon; elegant composition with clear bilingual text space; authentic details; no text inside artwork.,Lotus Pink,Royal Greeting,Monsoon,EN+GU,Draft,1.0,Evergreen
2026-07-15,Wednesday,Learning Day,શીખવાનો દિવસ,Education,Indian,Wisdom,3,Every person we meet and every difficulty we face can become a teacher.,અપણે મળતા દરેક વ્યક્તિ અને સામનો કરતી દરેક મુશ્કેલી એક શિક્ષક બની શકે છે.,Premium greeting-card artwork for Learning Day; cultural context: Indian; mood: Wisdom; season: Monsoon; elegant composition with clear bilingual text space; authentic details; no text inside artwork.,Peacock Royal,Modern Editorial,Monsoon,EN+GU,Draft,1.0,Evergreen
2026-07-16,Thursday,Kindness Day,દયાનો દિવસ,Social Values,Indian,Compassion,3,A small act of kindness can become the part of someone's day they remember most.,દયાનો નાનો કાર્ય કોઈના દિવસની સૌથી યાદગાર ક્ષણ બની શકે છે.,Premium greeting-card artwork for Kindness Day; cultural context: Indian; mood: Compassion; season: Monsoon; elegant composition with clear bilingual text space; authentic details; no text inside artwork.,Lotus Pink,Royal Greeting,Monsoon,EN+GU,Draft,1.0,Evergreen
2026-07-17,Friday,World Emoji Day,વિશ્વ ઇમોજી દિવસ,Digital Culture,Global,Playfulness,1,"Let the meaning of World Emoji Day guide us toward responsibility, respect and thoughtful action.","વિશ્વ ઇમોજી દિવસનો અર્થ આપણને જવાબદારી, સન્માન અને વિચારપૂર્વકના કાર્ય તરફ દોરી જાય.",Premium greeting-card artwork for World Emoji Day; cultural context: Global; mood: Playfulness; season: Monsoon; elegant composition with clear bilingual text space; authentic details; no text inside artwork.,Lotus Pink,Modern Editorial,Monsoon,EN+GU,Draft,1.0,Named Occasion
2026-07-18,Saturday,Family Values Day,પરિવાર મૂલ્યો દિવસ,Family,Indian,Affection,3,"A strong family is built through time, respect and the willingness to listen.","મજબૂત પરિવાર સમય, સન્માન અને એકબીજાને સાંભળવાની તૈયારીથી બને છે.",Premium greeting-card artwork for Family Values Day; cultural context: Indian; mood: Affection; season: Monsoon; elegant composition with clear bilingual text space; authentic details; no text inside artwork.,Lotus Pink,Royal Greeting,Monsoon,EN+GU,Draft,1.0,Evergreen
2026-07-19,Sunday,Service Day,સેવાનો દિવસ,Social Responsibility,Indian,Service,3,Service becomes noble when it is offered with humility rather than recognition in mind.,"સેવા ત્યારે મહાન બને છે જ્યારે તે પ્રસિદ્ધિ માટે નહીં, પરંતુ વિનમ્રતાથી કરવામાં આવે.",Premium greeting-card artwork for Service Day; cultural context: Indian; mood: Service; season: Monsoon; elegant composition with clear bilingual text space; authentic details; no text inside artwork.,Royal Saffron,Classic Heritage,Monsoon,EN+GU,Draft,1.0,Evergreen
2026-07-20,Monday,International Chess Day,આંતરરાષ્ટ્રીય શતરંજ દિવસ,Sports and Mind,Global,Strategy,1,"Let the meaning of International Chess Day guide us toward responsibility, respect and thoughtful action.","આંતરરાષ્ટ્રીય શતરંજ દિવસનો અર્થ આપણને જવાબદારી, સન્માન અને વિચારપૂર્વકના કાર્ય તરફ દોરી જાય.",Premium greeting-card artwork for International Chess Day; cultural context: Global; mood: Strategy; season: Monsoon; elegant composition with clear bilingual text space; authentic details; no text inside artwork.,Midnight Indigo,Modern Editorial,Monsoon,EN+GU,Draft,1.0,Named Occasion
2026-07-21,Tuesday,Unity Day,એકતા દિવસ,Indian Values,Indian,Unity,3,Differences become strength when people work together with mutual respect.,લોકો પરસ્પર સન્માનથી સાથે કામ કરે ત્યારે ભિન્નતા શક્તિ બની જાય છે.,Premium greeting-card artwork for Unity Day; cultural context: Indian; mood: Unity; season: Monsoon; elegant composition with clear bilingual text space; authentic details; no text inside artwork.,Royal Saffron,Classic Heritage,Monsoon,EN+GU,Draft,1.0,Evergreen
2026-07-22,Wednesday,Courage Day,હિંમત દિવસ,Everyday Inspiration,Indian,Courage,3,Courage is often a quiet decision to do what is right despite uncertainty.,હિંમત ઘણીવાર અનિશ્ચિતતા છતાં યોગ્ય કાર્ય કરવાની શાંત પસંદગી હોય છે.,Premium greeting-card artwork for Courage Day; cultural context: Indian; mood: Courage; season: Monsoon; elegant composition with clear bilingual text space; authentic details; no text inside artwork.,Midnight Indigo,Modern Editorial,Monsoon,EN+GU,Draft,1.0,Evergreen
2026-07-23,Thursday,Nature Appreciation Day,પ્રકૃતિ કદર દિવસ,Environment,Indian,Nature,3,"When we care for nature, we protect the inheritance of generations yet to come.",અપણે પ્રકૃતિની કાળજી લઈએ ત્યારે આવતી પેઢીઓનો વારસો સુરક્ષિત કરીએ છીએ.,Premium greeting-card artwork for Nature Appreciation Day; cultural context: Indian; mood: Nature; season: Monsoon; elegant composition with clear bilingual text space; authentic details; no text inside artwork.,Monsoon Green,Nature Canvas,Monsoon,EN+GU,Draft,1.0,Evergreen
2026-07-24,Friday,Purposeful Day,હેતુપૂર્ણ દિવસ,Everyday Inspiration,Indian,Purpose,3,A meaningful day begins when one clear intention guides every small action.,દરેક નાનાં કાર્યને એક સ્પષ્ટ હેતુ દિશા આપે ત્યારે દિવસ અર્થપૂર્ણ બને છે.,Premium greeting-card artwork for Purposeful Day; cultural context: Indian; mood: Purpose; season: Monsoon; elegant composition with clear bilingual text space; authentic details; no text inside artwork.,Heritage Sandstone,Modern Editorial,Monsoon,EN+GU,Draft,1.0,Evergreen
2026-07-25,Saturday,Character Day,ચારિત્ર્ય દિવસ,Indian Values,Indian,Integrity,3,"Character is built quietly, through choices made when no one is watching.","ચારિત્ર્ય શાંતિથી બને છે—ખાસ કરીને ત્યારે, જ્યારે કોઈ જોઈ રહ્યું ન હોય અને આપણે યોગ્ય પસંદગી કરીએ.",Premium greeting-card artwork for Character Day; cultural context: Indian; mood: Integrity; season: Monsoon; elegant composition with clear bilingual text space; authentic details; no text inside artwork.,Heritage Sandstone,Classic Heritage,Monsoon,EN+GU,Draft,1.0,Evergreen
2026-07-26,Sunday,Kargil Vijay Diwas,કારગિલ વિજય દિવસ,National Remembrance,Indian,Pride,1,"Let the meaning of Kargil Vijay Diwas guide us toward responsibility, respect and thoughtful action.","કારગિલ વિજય દિવસનો અર્થ આપણને જવાબદારી, સન્માન અને વિચારપૂર્વકના કાર્ય તરફ દોરી જાય.",Premium greeting-card artwork for Kargil Vijay Diwas; cultural context: Indian; mood: Pride; season: Monsoon; elegant composition with clear bilingual text space; authentic details; no text inside artwork.,Heritage Sandstone,Classic Heritage,Monsoon,EN+GU,Draft,1.0,Named Occasion
2026-07-27,Monday,Learning Day,શીખવાનો દિવસ,Education,Indian,Wisdom,3,Every person we meet and every difficulty we face can become a teacher.,અપણે મળતા દરેક વ્યક્તિ અને સામનો કરતી દરેક મુશ્કેલી એક શિક્ષક બની શકે છે.,Premium greeting-card artwork for Learning Day; cultural context: Indian; mood: Wisdom; season: Monsoon; elegant composition with clear bilingual text space; authentic details; no text inside artwork.,Peacock Royal,Modern Editorial,Monsoon,EN+GU,Draft,1.0,Evergreen
2026-07-28,Tuesday,Kindness Day,દયાનો દિવસ,Social Values,Indian,Compassion,3,A small act of kindness can become the part of someone's day they remember most.,દયાનો નાનો કાર્ય કોઈના દિવસની સૌથી યાદગાર ક્ષણ બની શકે છે.,Premium greeting-card artwork for Kindness Day; cultural context: Indian; mood: Compassion; season: Monsoon; elegant composition with clear bilingual text space; authentic details; no text inside artwork.,Lotus Pink,Royal Greeting,Monsoon,EN+GU,Draft,1.0,Evergreen
2026-07-29,Wednesday,International Tiger Day • Guru Purnima,આંતરરાષ્ટ્રીય વાઘ દિવસ • ગુરુ પૂર્ણિમા,Environment and Spiritual,Indian,Respect,1,"Let the meaning of International Tiger Day • Guru Purnima guide us toward responsibility, respect and thoughtful action.","આંતરરાષ્ટ્રીય વાઘ દિવસ • ગુરુ પૂર્ણિમાનો અર્થ આપણને જવાબદારી, સન્માન અને વિચારપૂર્વકના કાર્ય તરફ દોરી જાય.",Premium greeting-card artwork for International Tiger Day • Guru Purnima; cultural context: Indian; mood: Respect; season: Monsoon; elegant composition with clear bilingual text space; authentic details; no text inside artwork.,Peacock Royal,Spiritual Serenity,Monsoon,EN+GU,Draft,1.0,Named Occasion
2026-07-30,Thursday,International Day of Friendship,આંતરરાષ્ટ્રીય મિત્રતા દિવસ,Social Values,Global,Connection,1,"Let the meaning of International Day of Friendship guide us toward responsibility, respect and thoughtful action.","આંતરરાષ્ટ્રીય મિત્રતા દિવસનો અર્થ આપણને જવાબદારી, સન્માન અને વિચારપૂર્વકના કાર્ય તરફ દોરી જાય.",Premium greeting-card artwork for International Day of Friendship; cultural context: Global; mood: Connection; season: Monsoon; elegant composition with clear bilingual text space; authentic details; no text inside artwork.,Lotus Pink,Royal Greeting,Monsoon,EN+GU,Draft,1.0,Named Occasion
2026-07-31,Friday,Service Day,સેવાનો દિવસ,Social Responsibility,Indian,Service,3,Service becomes noble when it is offered with humility rather than recognition in mind.,"સેવા ત્યારે મહાન બને છે જ્યારે તે પ્રસિદ્ધિ માટે નહીં, પરંતુ વિનમ્રતાથી કરવામાં આવે.",Premium greeting-card artwork for Service Day; cultural context: Indian; mood: Service; season: Monsoon; elegant composition with clear bilingual text space; authentic details; no text inside artwork.,Royal Saffron,Classic Heritage,Monsoon,EN+GU,Draft,1.0,Evergreen
2026-08-01,Saturday,Patience Day,ધીરજ દિવસ,Everyday Inspiration,Indian,Calm,3,Patience is not inaction; it is steady effort without unnecessary anxiety.,ધીરજ નિષ્ક્રિયતા નથી; તે અનાવશ્યક ચિંતા વિના સતત પ્રયત્ન છે.,Premium greeting-card artwork for Patience Day; cultural context: Indian; mood: Calm; season: Monsoon; elegant composition with clear bilingual text space; authentic details; no text inside artwork.,Monsoon Green,Spiritual Serenity,Monsoon,EN+GU,Draft,1.0,Evergreen
2026-08-02,Sunday,Friendship Day,મિત્રતા દિવસ,Social Celebration,Global,Connection,1,"Let the meaning of Friendship Day guide us toward responsibility, respect and thoughtful action.","મિત્રતા દિવસનો અર્થ આપણને જવાબદારી, સન્માન અને વિચારપૂર્વકના કાર્ય તરફ દોરી જાય.",Premium greeting-card artwork for Friendship Day; cultural context: Global; mood: Connection; season: Monsoon; elegant composition with clear bilingual text space; authentic details; no text inside artwork.,Lotus Pink,Royal Greeting,Monsoon,EN+GU,Draft,1.0,Named Occasion
2026-08-03,Monday,Courage Day,હિંમત દિવસ,Everyday Inspiration,Indian,Courage,3,Courage is often a quiet decision to do what is right despite uncertainty.,હિંમત ઘણીવાર અનિશ્ચિતતા છતાં યોગ્ય કાર્ય કરવાની શાંત પસંદગી હોય છે.,Premium greeting-card artwork for Courage Day; cultural context: Indian; mood: Courage; season: Monsoon; elegant composition with clear bilingual text space; authentic details; no text inside artwork.,Midnight Indigo,Modern Editorial,Monsoon,EN+GU,Draft,1.0,Evergreen
2026-08-04,Tuesday,Nature Appreciation Day,પ્રકૃતિ કદર દિવસ,Environment,Indian,Nature,3,"When we care for nature, we protect the inheritance of generations yet to come.",અપણે પ્રકૃતિની કાળજી લઈએ ત્યારે આવતી પેઢીઓનો વારસો સુરક્ષિત કરીએ છીએ.,Premium greeting-card artwork for Nature Appreciation Day; cultural context: Indian; mood: Nature; season: Monsoon; elegant composition with clear bilingual text space; authentic details; no text inside artwork.,Monsoon Green,Nature Canvas,Monsoon,EN+GU,Draft,1.0,Evergreen
2026-08-05,Wednesday,Purposeful Day,હેતુપૂર્ણ દિવસ,Everyday Inspiration,Indian,Purpose,3,A meaningful day begins when one clear intention guides every small action.,દરેક નાનાં કાર્યને એક સ્પષ્ટ હેતુ દિશા આપે ત્યારે દિવસ અર્થપૂર્ણ બને છે.,Premium greeting-card artwork for Purposeful Day; cultural context: Indian; mood: Purpose; season: Monsoon; elegant composition with clear bilingual text space; authentic details; no text inside artwork.,Heritage Sandstone,Modern Editorial,Monsoon,EN+GU,Draft,1.0,Evergreen
2026-08-06,Thursday,Character Day,ચારિત્ર્ય દિવસ,Indian Values,Indian,Integrity,3,"Character is built quietly, through choices made when no one is watching.","ચારિત્ર્ય શાંતિથી બને છે—ખાસ કરીને ત્યારે, જ્યારે કોઈ જોઈ રહ્યું ન હોય અને આપણે યોગ્ય પસંદગી કરીએ.",Premium greeting-card artwork for Character Day; cultural context: Indian; mood: Integrity; season: Monsoon; elegant composition with clear bilingual text space; authentic details; no text inside artwork.,Heritage Sandstone,Classic Heritage,Monsoon,EN+GU,Draft,1.0,Evergreen
2026-08-07,Friday,Gratitude Day,કૃતજ્ઞતા દિવસ,Indian Values,Indian,Gratitude,3,Gratitude does not reduce ambition; it gives ambition a peaceful foundation.,કૃતજ્ઞતા મહત્ત્વાકાંક્ષાને ઘટાડતી નથી; તે તેને શાંતિપૂર્ણ આધાર આપે છે.,Premium greeting-card artwork for Gratitude Day; cultural context: Indian; mood: Gratitude; season: Monsoon; elegant composition with clear bilingual text space; authentic details; no text inside artwork.,Lotus Pink,Royal Greeting,Monsoon,EN+GU,Draft,1.0,Evergreen
2026-08-08,Saturday,Learning Day,શીખવાનો દિવસ,Education,Indian,Wisdom,3,Every person we meet and every difficulty we face can become a teacher.,અપણે મળતા દરેક વ્યક્તિ અને સામનો કરતી દરેક મુશ્કેલી એક શિક્ષક બની શકે છે.,Premium greeting-card artwork for Learning Day; cultural context: Indian; mood: Wisdom; season: Monsoon; elegant composition with clear bilingual text space; authentic details; no text inside artwork.,Peacock Royal,Modern Editorial,Monsoon,EN+GU,Draft,1.0,Evergreen
2026-08-09,Sunday,Kindness Day,દયાનો દિવસ,Social Values,Indian,Compassion,3,A small act of kindness can become the part of someone's day they remember most.,દયાનો નાનો કાર્ય કોઈના દિવસની સૌથી યાદગાર ક્ષણ બની શકે છે.,Premium greeting-card artwork for Kindness Day; cultural context: Indian; mood: Compassion; season: Monsoon; elegant composition with clear bilingual text space; authentic details; no text inside artwork.,Lotus Pink,Royal Greeting,Monsoon,EN+GU,Draft,1.0,Evergreen
2026-08-10,Monday,Discipline Day,શિસ્ત દિવસ,Work Ethics,Indian,Determination,3,Discipline turns good intentions into steady progress.,શિસ્ત સારા ઇરાદાઓને સતત પ્રગતિમાં બદલે છે.,Premium greeting-card artwork for Discipline Day; cultural context: Indian; mood: Determination; season: Monsoon; elegant composition with clear bilingual text space; authentic details; no text inside artwork.,Midnight Indigo,Modern Editorial,Monsoon,EN+GU,Draft,1.0,Evergreen
2026-08-11,Tuesday,Family Values Day,પરિવાર મૂલ્યો દિવસ,Family,Indian,Affection,3,"A strong family is built through time, respect and the willingness to listen.","મજબૂત પરિવાર સમય, સન્માન અને એકબીજાને સાંભળવાની તૈયારીથી બને છે.",Premium greeting-card artwork for Family Values Day; cultural context: Indian; mood: Affection; season: Monsoon; elegant composition with clear bilingual text space; authentic details; no text inside artwork.,Lotus Pink,Royal Greeting,Monsoon,EN+GU,Draft,1.0,Evergreen
2026-08-12,Wednesday,International Youth Day,આંતરરાષ્ટ્રીય યુવા દિવસ,Youth,Global,Inspiration,1,"Let the meaning of International Youth Day guide us toward responsibility, respect and thoughtful action.","આંતરરાષ્ટ્રીય યુવા દિવસનો અર્થ આપણને જવાબદારી, સન્માન અને વિચારપૂર્વકના કાર્ય તરફ દોરી જાય.",Premium greeting-card artwork for International Youth Day; cultural context: Global; mood: Inspiration; season: Monsoon; elegant composition with clear bilingual text space; authentic details; no text inside artwork.,Royal Saffron,Modern Editorial,Monsoon,EN+GU,Draft,1.0,Named Occasion
2026-08-13,Thursday,Patience Day,ધીરજ દિવસ,Everyday Inspiration,Indian,Calm,3,Patience is not inaction; it is steady effort without unnecessary anxiety.,ધીરજ નિષ્ક્રિયતા નથી; તે અનાવશ્યક ચિંતા વિના સતત પ્રયત્ન છે.,Premium greeting-card artwork for Patience Day; cultural context: Indian; mood: Calm; season: Monsoon; elegant composition with clear bilingual text space; authentic details; no text inside artwork.,Monsoon Green,Spiritual Serenity,Monsoon,EN+GU,Draft,1.0,Evergreen
2026-08-14,Friday,Unity Day,એકતા દિવસ,Indian Values,Indian,Unity,3,Differences become strength when people work together with mutual respect.,લોકો પરસ્પર સન્માનથી સાથે કામ કરે ત્યારે ભિન્નતા શક્તિ બની જાય છે.,Premium greeting-card artwork for Unity Day; cultural context: Indian; mood: Unity; season: Monsoon; elegant composition with clear bilingual text space; authentic details; no text inside artwork.,Royal Saffron,Classic Heritage,Monsoon,EN+GU,Draft,1.0,Evergreen
2026-08-15,Saturday,Independence Day,સ્વતંત્રતા દિવસ,National,Indian,Pride,1,"Freedom grows stronger when it is protected by responsibility, courage and respect for every citizen.","સ્વતંત્રતા જવાબદારી, હિંમત અને દરેક નાગરિક પ્રત્યેના સન્માનથી વધુ મજબૂત બને છે.",Premium greeting-card artwork for Independence Day; cultural context: Indian; mood: Pride; season: Monsoon; elegant composition with clear bilingual text space; authentic details; no text inside artwork.,Royal Saffron,Classic Heritage,Monsoon,EN+GU,Draft,1.0,Named Occasion
2026-08-16,Sunday,Nature Appreciation Day,પ્રકૃતિ કદર દિવસ,Environment,Indian,Nature,3,"When we care for nature, we protect the inheritance of generations yet to come.",અપણે પ્રકૃતિની કાળજી લઈએ ત્યારે આવતી પેઢીઓનો વારસો સુરક્ષિત કરીએ છીએ.,Premium greeting-card artwork for Nature Appreciation Day; cultural context: Indian; mood: Nature; season: Monsoon; elegant composition with clear bilingual text space; authentic details; no text inside artwork.,Monsoon Green,Nature Canvas,Monsoon,EN+GU,Draft,1.0,Evergreen
2026-08-17,Monday,Purposeful Day,હેતુપૂર્ણ દિવસ,Everyday Inspiration,Indian,Purpose,3,A meaningful day begins when one clear intention guides every small action.,દરેક નાનાં કાર્યને એક સ્પષ્ટ હેતુ દિશા આપે ત્યારે દિવસ અર્થપૂર્ણ બને છે.,Premium greeting-card artwork for Purposeful Day; cultural context: Indian; mood: Purpose; season: Monsoon; elegant composition with clear bilingual text space; authentic details; no text inside artwork.,Heritage Sandstone,Modern Editorial,Monsoon,EN+GU,Draft,1.0,Evergreen
2026-08-18,Tuesday,Character Day,ચારિત્ર્ય દિવસ,Indian Values,Indian,Integrity,3,"Character is built quietly, through choices made when no one is watching.","ચારિત્ર્ય શાંતિથી બને છે—ખાસ કરીને ત્યારે, જ્યારે કોઈ જોઈ રહ્યું ન હોય અને આપણે યોગ્ય પસંદગી કરીએ.",Premium greeting-card artwork for Character Day; cultural context: Indian; mood: Integrity; season: Monsoon; elegant composition with clear bilingual text space; authentic details; no text inside artwork.,Heritage Sandstone,Classic Heritage,Monsoon,EN+GU,Draft,1.0,Evergreen
2026-08-19,Wednesday,Gratitude Day,કૃતજ્ઞતા દિવસ,Indian Values,Indian,Gratitude,3,Gratitude does not reduce ambition; it gives ambition a peaceful foundation.,કૃતજ્ઞતા મહત્ત્વાકાંક્ષાને ઘટાડતી નથી; તે તેને શાંતિપૂર્ણ આધાર આપે છે.,Premium greeting-card artwork for Gratitude Day; cultural context: Indian; mood: Gratitude; season: Monsoon; elegant composition with clear bilingual text space; authentic details; no text inside artwork.,Lotus Pink,Royal Greeting,Monsoon,EN+GU,Draft,1.0,Evergreen
2026-08-20,Thursday,Learning Day,શીખવાનો દિવસ,Education,Indian,Wisdom,3,Every person we meet and every difficulty we face can become a teacher.,અપણે મળતા દરેક વ્યક્તિ અને સામનો કરતી દરેક મુશ્કેલી એક શિક્ષક બની શકે છે.,Premium greeting-card artwork for Learning Day; cultural context: Indian; mood: Wisdom; season: Monsoon; elegant composition with clear bilingual text space; authentic details; no text inside artwork.,Peacock Royal,Modern Editorial,Monsoon,EN+GU,Draft,1.0,Evergreen
2026-08-21,Friday,Kindness Day,દયાનો દિવસ,Social Values,Indian,Compassion,3,A small act of kindness can become the part of someone's day they remember most.,દયાનો નાનો કાર્ય કોઈના દિવસની સૌથી યાદગાર ક્ષણ બની શકે છે.,Premium greeting-card artwork for Kindness Day; cultural context: Indian; mood: Compassion; season: Monsoon; elegant composition with clear bilingual text space; authentic details; no text inside artwork.,Lotus Pink,Royal Greeting,Monsoon,EN+GU,Draft,1.0,Evergreen
2026-08-22,Saturday,Discipline Day,શિસ્ત દિવસ,Work Ethics,Indian,Determination,3,Discipline turns good intentions into steady progress.,શિસ્ત સારા ઇરાદાઓને સતત પ્રગતિમાં બદલે છે.,Premium greeting-card artwork for Discipline Day; cultural context: Indian; mood: Determination; season: Monsoon; elegant composition with clear bilingual text space; authentic details; no text inside artwork.,Midnight Indigo,Modern Editorial,Monsoon,EN+GU,Draft,1.0,Evergreen
2026-08-23,Sunday,Family Values Day,પરિવાર મૂલ્યો દિવસ,Family,Indian,Affection,3,"A strong family is built through time, respect and the willingness to listen.","મજબૂત પરિવાર સમય, સન્માન અને એકબીજાને સાંભળવાની તૈયારીથી બને છે.",Premium greeting-card artwork for Family Values Day; cultural context: Indian; mood: Affection; season: Monsoon; elegant composition with clear bilingual text space; authentic details; no text inside artwork.,Lotus Pink,Royal Greeting,Monsoon,EN+GU,Draft,1.0,Evergreen
2026-08-24,Monday,Service Day,સેવાનો દિવસ,Social Responsibility,Indian,Service,3,Service becomes noble when it is offered with humility rather than recognition in mind.,"સેવા ત્યારે મહાન બને છે જ્યારે તે પ્રસિદ્ધિ માટે નહીં, પરંતુ વિનમ્રતાથી કરવામાં આવે.",Premium greeting-card artwork for Service Day; cultural context: Indian; mood: Service; season: Monsoon; elegant composition with clear bilingual text space; authentic details; no text inside artwork.,Royal Saffron,Classic Heritage,Monsoon,EN+GU,Draft,1.0,Evergreen
2026-08-25,Tuesday,Patience Day,ધીરજ દિવસ,Everyday Inspiration,Indian,Calm,3,Patience is not inaction; it is steady effort without unnecessary anxiety.,ધીરજ નિષ્ક્રિયતા નથી; તે અનાવશ્યક ચિંતા વિના સતત પ્રયત્ન છે.,Premium greeting-card artwork for Patience Day; cultural context: Indian; mood: Calm; season: Monsoon; elegant composition with clear bilingual text space; authentic details; no text inside artwork.,Monsoon Green,Spiritual Serenity,Monsoon,EN+GU,Draft,1.0,Evergreen
2026-08-26,Wednesday,Milad-un-Nabi,ઈદ-એ-મિલાદ,Religious Festival,Islamic,Peace,1,"Let the meaning of Milad-un-Nabi guide us toward responsibility, respect and thoughtful action.","ઈદ-એ-મિલાદનો અર્થ આપણને જવાબદારી, સન્માન અને વિચારપૂર્વકના કાર્ય તરફ દોરી જાય.",Premium greeting-card artwork for Milad-un-Nabi; cultural context: Islamic; mood: Peace; season: Monsoon; elegant composition with clear bilingual text space; authentic details; no text inside artwork.,Peacock Royal,Spiritual Serenity,Monsoon,EN+GU,Draft,1.0,Named Occasion
2026-08-27,Thursday,Courage Day,હિંમત દિવસ,Everyday Inspiration,Indian,Courage,3,Courage is often a quiet decision to do what is right despite uncertainty.,હિંમત ઘણીવાર અનિશ્ચિતતા છતાં યોગ્ય કાર્ય કરવાની શાંત પસંદગી હોય છે.,Premium greeting-card artwork for Courage Day; cultural context: Indian; mood: Courage; season: Monsoon; elegant composition with clear bilingual text space; authentic details; no text inside artwork.,Midnight Indigo,Modern Editorial,Monsoon,EN+GU,Draft,1.0,Evergreen
2026-08-28,Friday,Raksha Bandhan,રક્ષાબંધન,Festival and Family,Indian,Affection,1,"Let the meaning of Raksha Bandhan guide us toward responsibility, respect and thoughtful action.","રક્ષાબંધનનો અર્થ આપણને જવાબદારી, સન્માન અને વિચારપૂર્વકના કાર્ય તરફ દોરી જાય.",Premium greeting-card artwork for Raksha Bandhan; cultural context: Indian; mood: Affection; season: Monsoon; elegant composition with clear bilingual text space; authentic details; no text inside artwork.,Lotus Pink,Royal Greeting,Monsoon,EN+GU,Draft,1.0,Named Occasion
2026-08-29,Saturday,Purposeful Day,હેતુપૂર્ણ દિવસ,Everyday Inspiration,Indian,Purpose,3,A meaningful day begins when one clear intention guides every small action.,દરેક નાનાં કાર્યને એક સ્પષ્ટ હેતુ દિશા આપે ત્યારે દિવસ અર્થપૂર્ણ બને છે.,Premium greeting-card artwork for Purposeful Day; cultural context: Indian; mood: Purpose; season: Monsoon; elegant composition with clear bilingual text space; authentic details; no text inside artwork.,Heritage Sandstone,Modern Editorial,Monsoon,EN+GU,Draft,1.0,Evergreen
2026-08-30,Sunday,Character Day,ચારિત્ર્ય દિવસ,Indian Values,Indian,Integrity,3,"Character is built quietly, through choices made when no one is watching.","ચારિત્ર્ય શાંતિથી બને છે—ખાસ કરીને ત્યારે, જ્યારે કોઈ જોઈ રહ્યું ન હોય અને આપણે યોગ્ય પસંદગી કરીએ.",Premium greeting-card artwork for Character Day; cultural context: Indian; mood: Integrity; season: Monsoon; elegant composition with clear bilingual text space; authentic details; no text inside artwork.,Heritage Sandstone,Classic Heritage,Monsoon,EN+GU,Draft,1.0,Evergreen
2026-08-31,Monday,Gratitude Day,કૃતજ્ઞતા દિવસ,Indian Values,Indian,Gratitude,3,Gratitude does not reduce ambition; it gives ambition a peaceful foundation.,કૃતજ્ઞતા મહત્ત્વાકાંક્ષાને ઘટાડતી નથી; તે તેને શાંતિપૂર્ણ આધાર આપે છે.,Premium greeting-card artwork for Gratitude Day; cultural context: Indian; mood: Gratitude; season: Monsoon; elegant composition with clear bilingual text space; authentic details; no text inside artwork.,Lotus Pink,Royal Greeting,Monsoon,EN+GU,Draft,1.0,Evergreen
2026-09-01,Tuesday,Learning Day,શીખવાનો દિવસ,Education,Indian,Wisdom,3,Every person we meet and every difficulty we face can become a teacher.,અપણે મળતા દરેક વ્યક્તિ અને સામનો કરતી દરેક મુશ્કેલી એક શિક્ષક બની શકે છે.,Premium greeting-card artwork for Learning Day; cultural context: Indian; mood: Wisdom; season: Monsoon; elegant composition with clear bilingual text space; authentic details; no text inside artwork.,Peacock Royal,Modern Editorial,Monsoon,EN+GU,Draft,1.0,Evergreen
2026-09-02,Wednesday,Kindness Day,દયાનો દિવસ,Social Values,Indian,Compassion,3,A small act of kindness can become the part of someone's day they remember most.,દયાનો નાનો કાર્ય કોઈના દિવસની સૌથી યાદગાર ક્ષણ બની શકે છે.,Premium greeting-card artwork for Kindness Day; cultural context: Indian; mood: Compassion; season: Monsoon; elegant composition with clear bilingual text space; authentic details; no text inside artwork.,Lotus Pink,Royal Greeting,Monsoon,EN+GU,Draft,1.0,Evergreen
2026-09-03,Thursday,Discipline Day,શિસ્ત દિવસ,Work Ethics,Indian,Determination,3,Discipline turns good intentions into steady progress.,શિસ્ત સારા ઇરાદાઓને સતત પ્રગતિમાં બદલે છે.,Premium greeting-card artwork for Discipline Day; cultural context: Indian; mood: Determination; season: Monsoon; elegant composition with clear bilingual text space; authentic details; no text inside artwork.,Midnight Indigo,Modern Editorial,Monsoon,EN+GU,Draft,1.0,Evergreen
2026-09-04,Friday,Family Values Day,પરિવાર મૂલ્યો દિવસ,Family,Indian,Affection,3,"A strong family is built through time, respect and the willingness to listen.","મજબૂત પરિવાર સમય, સન્માન અને એકબીજાને સાંભળવાની તૈયારીથી બને છે.",Premium greeting-card artwork for Family Values Day; cultural context: Indian; mood: Affection; season: Monsoon; elegant composition with clear bilingual text space; authentic details; no text inside artwork.,Lotus Pink,Royal Greeting,Monsoon,EN+GU,Draft,1.0,Evergreen
2026-09-05,Saturday,Teachers' Day,શિક્ષક દિવસ,Education,Indian,Gratitude,1,A true teacher does more than share knowledge; a true teacher helps shape character.,સાચો શિક્ષક માત્ર જ્ઞાન આપતો નથી; તે વ્યક્તિત્વ અને સંસ્કારનું ઘડતર પણ કરે છે.,Premium greeting-card artwork for Teachers' Day; cultural context: Indian; mood: Gratitude; season: Monsoon; elegant composition with clear bilingual text space; authentic details; no text inside artwork.,Heritage Sandstone,Modern Editorial,Monsoon,EN+GU,Draft,1.0,Named Occasion
2026-09-06,Sunday,Patience Day,ધીરજ દિવસ,Everyday Inspiration,Indian,Calm,3,Patience is not inaction; it is steady effort without unnecessary anxiety.,ધીરજ નિષ્ક્રિયતા નથી; તે અનાવશ્યક ચિંતા વિના સતત પ્રયત્ન છે.,Premium greeting-card artwork for Patience Day; cultural context: Indian; mood: Calm; season: Monsoon; elegant composition with clear bilingual text space; authentic details; no text inside artwork.,Monsoon Green,Spiritual Serenity,Monsoon,EN+GU,Draft,1.0,Evergreen
2026-09-07,Monday,Unity Day,એકતા દિવસ,Indian Values,Indian,Unity,3,Differences become strength when people work together with mutual respect.,લોકો પરસ્પર સન્માનથી સાથે કામ કરે ત્યારે ભિન્નતા શક્તિ બની જાય છે.,Premium greeting-card artwork for Unity Day; cultural context: Indian; mood: Unity; season: Monsoon; elegant composition with clear bilingual text space; authentic details; no text inside artwork.,Royal Saffron,Classic Heritage,Monsoon,EN+GU,Draft,1.0,Evergreen
2026-09-08,Tuesday,International Literacy Day,આંતરરાષ્ટ્રીય સાક્ષરતા દિવસ,Education,Global,Wisdom,1,"Let the meaning of International Literacy Day guide us toward responsibility, respect and thoughtful action.","આંતરરાષ્ટ્રીય સાક્ષરતા દિવસનો અર્થ આપણને જવાબદારી, સન્માન અને વિચારપૂર્વકના કાર્ય તરફ દોરી જાય.",Premium greeting-card artwork for International Literacy Day; cultural context: Global; mood: Wisdom; season: Monsoon; elegant composition with clear bilingual text space; authentic details; no text inside artwork.,Peacock Royal,Modern Editorial,Monsoon,EN+GU,Draft,1.0,Named Occasion
2026-09-09,Wednesday,Nature Appreciation Day,પ્રકૃતિ કદર દિવસ,Environment,Indian,Nature,3,"When we care for nature, we protect the inheritance of generations yet to come.",અપણે પ્રકૃતિની કાળજી લઈએ ત્યારે આવતી પેઢીઓનો વારસો સુરક્ષિત કરીએ છીએ.,Premium greeting-card artwork for Nature Appreciation Day; cultural context: Indian; mood: Nature; season: Monsoon; elegant composition with clear bilingual text space; authentic details; no text inside artwork.,Monsoon Green,Nature Canvas,Monsoon,EN+GU,Draft,1.0,Evergreen
2026-09-10,Thursday,World Suicide Prevention Day,વિશ્વ આત્મહત્યા નિવારણ દિવસ,Social Awareness,Global,Compassion,1,"Let the meaning of World Suicide Prevention Day guide us toward responsibility, respect and thoughtful action.","વિશ્વ આત્મહત્યા નિવારણ દિવસનો અર્થ આપણને જવાબદારી, સન્માન અને વિચારપૂર્વકના કાર્ય તરફ દોરી જાય.",Premium greeting-card artwork for World Suicide Prevention Day; cultural context: Global; mood: Compassion; season: Monsoon; elegant composition with clear bilingual text space; authentic details; no text inside artwork.,Midnight Indigo,Modern Editorial,Monsoon,EN+GU,Draft,1.0,Named Occasion
2026-09-11,Friday,Character Day,ચારિત્ર્ય દિવસ,Indian Values,Indian,Integrity,3,"Character is built quietly, through choices made when no one is watching.","ચારિત્ર્ય શાંતિથી બને છે—ખાસ કરીને ત્યારે, જ્યારે કોઈ જોઈ રહ્યું ન હોય અને આપણે યોગ્ય પસંદગી કરીએ.",Premium greeting-card artwork for Character Day; cultural context: Indian; mood: Integrity; season: Monsoon; elegant composition with clear bilingual text space; authentic details; no text inside artwork.,Heritage Sandstone,Classic Heritage,Monsoon,EN+GU,Draft,1.0,Evergreen
2026-09-12,Saturday,Gratitude Day,કૃતજ્ઞતા દિવસ,Indian Values,Indian,Gratitude,3,Gratitude does not reduce ambition; it gives ambition a peaceful foundation.,કૃતજ્ઞતા મહત્ત્વાકાંક્ષાને ઘટાડતી નથી; તે તેને શાંતિપૂર્ણ આધાર આપે છે.,Premium greeting-card artwork for Gratitude Day; cultural context: Indian; mood: Gratitude; season: Monsoon; elegant composition with clear bilingual text space; authentic details; no text inside artwork.,Lotus Pink,Royal Greeting,Monsoon,EN+GU,Draft,1.0,Evergreen
2026-09-13,Sunday,Learning Day,શીખવાનો દિવસ,Education,Indian,Wisdom,3,Every person we meet and every difficulty we face can become a teacher.,અપણે મળતા દરેક વ્યક્તિ અને સામનો કરતી દરેક મુશ્કેલી એક શિક્ષક બની શકે છે.,Premium greeting-card artwork for Learning Day; cultural context: Indian; mood: Wisdom; season: Monsoon; elegant composition with clear bilingual text space; authentic details; no text inside artwork.,Peacock Royal,Modern Editorial,Monsoon,EN+GU,Draft,1.0,Evergreen
2026-09-14,Monday,Hindi Diwas • Ganesh Chaturthi,હિન્દી દિવસ • ગણેશ ચતુર્થી,Language and Festival,Indian,Wisdom,1,"Let the meaning of Hindi Diwas • Ganesh Chaturthi guide us toward responsibility, respect and thoughtful action.","હિન્દી દિવસ • ગણેશ ચતુર્થીનો અર્થ આપણને જવાબદારી, સન્માન અને વિચારપૂર્વકના કાર્ય તરફ દોરી જાય.",Premium greeting-card artwork for Hindi Diwas • Ganesh Chaturthi; cultural context: Indian; mood: Wisdom; season: Monsoon; elegant composition with clear bilingual text space; authentic details; no text inside artwork.,Royal Saffron,Royal Greeting,Monsoon,EN+GU,Draft,1.0,Named Occasion
2026-09-15,Tuesday,Engineers' Day,ઇજનેર દિવસ,Professional Appreciation,Indian,Innovation,1,"Let the meaning of Engineers' Day guide us toward responsibility, respect and thoughtful action.","ઇજનેર દિવસનો અર્થ આપણને જવાબદારી, સન્માન અને વિચારપૂર્વકના કાર્ય તરફ દોરી જાય.",Premium greeting-card artwork for Engineers' Day; cultural context: Indian; mood: Innovation; season: Monsoon; elegant composition with clear bilingual text space; authentic details; no text inside artwork.,Peacock Royal,Modern Editorial,Monsoon,EN+GU,Draft,1.0,Named Occasion
2026-09-16,Wednesday,World Ozone Day,વિશ્વ ઓઝોન દિવસ,Environment,Global,Responsibility,1,"Let the meaning of World Ozone Day guide us toward responsibility, respect and thoughtful action.","વિશ્વ ઓઝોન દિવસનો અર્થ આપણને જવાબદારી, સન્માન અને વિચારપૂર્વકના કાર્ય તરફ દોરી જાય.",Premium greeting-card artwork for World Ozone Day; cultural context: Global; mood: Responsibility; season: Monsoon; elegant composition with clear bilingual text space; authentic details; no text inside artwork.,Monsoon Green,Nature Canvas,Monsoon,EN+GU,Draft,1.0,Named Occasion
2026-09-17,Thursday,Mindful Living Day,સજાગ જીવન દિવસ,Everyday Inspiration,Indian,Balance,3,A balanced life grows from thoughtful choices repeated with patience.,સંતુલિત જીવન ધીરજ સાથે વારંવાર કરેલી વિચારપૂર્વકની પસંદગીઓથી વિકસે છે.,Premium Indian-context greeting-card artwork for Mindful Living Day; mood: Balance; season: Monsoon; elegant composition with clear bilingual text space; no text inside artwork.,Monsoon Green,Spiritual Serenity,Monsoon,EN+GU,Draft,1.0,Evergreen
2026-09-18,Friday,Patience Day,ધીરજ દિવસ,Everyday Inspiration,Indian,Calm,3,Patience is not inaction; it is steady effort without unnecessary anxiety.,ધીરજ નિષ્ક્રિયતા નથી; તે અનાવશ્યક ચિંતા વિના સતત પ્રયત્ન છે.,Premium greeting-card artwork for Patience Day; cultural context: Indian; mood: Calm; season: Monsoon; elegant composition with clear bilingual text space; authentic details; no text inside artwork.,Monsoon Green,Spiritual Serenity,Monsoon,EN+GU,Draft,1.0,Evergreen
2026-09-19,Saturday,Unity Day,એકતા દિવસ,Indian Values,Indian,Unity,3,Differences become strength when people work together with mutual respect.,લોકો પરસ્પર સન્માનથી સાથે કામ કરે ત્યારે ભિન્નતા શક્તિ બની જાય છે.,Premium greeting-card artwork for Unity Day; cultural context: Indian; mood: Unity; season: Monsoon; elegant composition with clear bilingual text space; authentic details; no text inside artwork.,Royal Saffron,Classic Heritage,Monsoon,EN+GU,Draft,1.0,Evergreen
2026-09-20,Sunday,World Cleanup Day,વિશ્વ સ્વચ્છતા દિવસ,Environment,Global,Responsibility,1,"Let the meaning of World Cleanup Day guide us toward responsibility, respect and thoughtful action.","વિશ્વ સ્વચ્છતા દિવસનો અર્થ આપણને જવાબદારી, સન્માન અને વિચારપૂર્વકના કાર્ય તરફ દોરી જાય.",Premium greeting-card artwork for World Cleanup Day; cultural context: Global; mood: Responsibility; season: Monsoon; elegant composition with clear bilingual text space; authentic details; no text inside artwork.,Monsoon Green,Modern Editorial,Monsoon,EN+GU,Draft,1.0,Named Occasion
2026-09-21,Monday,International Day of Peace,આંતરરાષ્ટ્રીય શાંતિ દિવસ,Global Values,Global,Peace,1,"Let the meaning of International Day of Peace guide us toward responsibility, respect and thoughtful action.","આંતરરાષ્ટ્રીય શાંતિ દિવસનો અર્થ આપણને જવાબદારી, સન્માન અને વિચારપૂર્વકના કાર્ય તરફ દોરી જાય.",Premium greeting-card artwork for International Day of Peace; cultural context: Global; mood: Peace; season: Monsoon; elegant composition with clear bilingual text space; authentic details; no text inside artwork.,Midnight Indigo,Spiritual Serenity,Monsoon,EN+GU,Draft,1.0,Named Occasion
2026-09-22,Tuesday,World Rose Day,વિશ્વ ગુલાબ દિવસ,Compassion,Global,Hope,1,"Let the meaning of World Rose Day guide us toward responsibility, respect and thoughtful action.","વિશ્વ ગુલાબ દિવસનો અર્થ આપણને જવાબદારી, સન્માન અને વિચારપૂર્વકના કાર્ય તરફ દોરી જાય.",Premium greeting-card artwork for World Rose Day; cultural context: Global; mood: Hope; season: Monsoon; elegant composition with clear bilingual text space; authentic details; no text inside artwork.,Lotus Pink,Royal Greeting,Monsoon,EN+GU,Draft,1.0,Named Occasion
2026-09-23,Wednesday,International Day of Sign Languages,આંતરરાષ્ટ્રીય સંકેત ભાષા દિવસ,Inclusion,Global,Inclusion,1,"Let the meaning of International Day of Sign Languages guide us toward responsibility, respect and thoughtful action.","આંતરરાષ્ટ્રીય સંકેત ભાષા દિવસનો અર્થ આપણને જવાબદારી, સન્માન અને વિચારપૂર્વકના કાર્ય તરફ દોરી જાય.",Premium greeting-card artwork for International Day of Sign Languages; cultural context: Global; mood: Inclusion; season: Monsoon; elegant composition with clear bilingual text space; authentic details; no text inside artwork.,Peacock Royal,Modern Editorial,Monsoon,EN+GU,Draft,1.0,Named Occasion
2026-09-24,Thursday,Gratitude Day,કૃતજ્ઞતા દિવસ,Indian Values,Indian,Gratitude,3,Gratitude does not reduce ambition; it gives ambition a peaceful foundation.,કૃતજ્ઞતા મહત્ત્વાકાંક્ષાને ઘટાડતી નથી; તે તેને શાંતિપૂર્ણ આધાર આપે છે.,Premium greeting-card artwork for Gratitude Day; cultural context: Indian; mood: Gratitude; season: Monsoon; elegant composition with clear bilingual text space; authentic details; no text inside artwork.,Lotus Pink,Royal Greeting,Monsoon,EN+GU,Draft,1.0,Evergreen
2026-09-25,Friday,Learning Day,શીખવાનો દિવસ,Education,Indian,Wisdom,3,Every person we meet and every difficulty we face can become a teacher.,અપણે મળતા દરેક વ્યક્તિ અને સામનો કરતી દરેક મુશ્કેલી એક શિક્ષક બની શકે છે.,Premium greeting-card artwork for Learning Day; cultural context: Indian; mood: Wisdom; season: Monsoon; elegant composition with clear bilingual text space; authentic details; no text inside artwork.,Peacock Royal,Modern Editorial,Monsoon,EN+GU,Draft,1.0,Evergreen
2026-09-26,Saturday,World Environmental Health Day,વિશ્વ પર્યાવરણીય આરોગ્ય દિવસ,Environment,Global,Responsibility,1,"Let the meaning of World Environmental Health Day guide us toward responsibility, respect and thoughtful action.","વિશ્વ પર્યાવરણીય આરોગ્ય દિવસનો અર્થ આપણને જવાબદારી, સન્માન અને વિચારપૂર્વકના કાર્ય તરફ દોરી જાય.",Premium greeting-card artwork for World Environmental Health Day; cultural context: Global; mood: Responsibility; season: Monsoon; elegant composition with clear bilingual text space; authentic details; no text inside artwork.,Monsoon Green,Modern Editorial,Monsoon,EN+GU,Draft,1.0,Named Occasion
2026-09-27,Sunday,World Tourism Day,વિશ્વ પ્રવાસન દિવસ,Culture and Travel,Global,Curiosity,1,"Let the meaning of World Tourism Day guide us toward responsibility, respect and thoughtful action.","વિશ્વ પ્રવાસન દિવસનો અર્થ આપણને જવાબદારી, સન્માન અને વિચારપૂર્વકના કાર્ય તરફ દોરી જાય.",Premium greeting-card artwork for World Tourism Day; cultural context: Global; mood: Curiosity; season: Monsoon; elegant composition with clear bilingual text space; authentic details; no text inside artwork.,Festival Gold,Nature Canvas,Monsoon,EN+GU,Draft,1.0,Named Occasion
2026-09-28,Monday,Compassion Day,કરુણા દિવસ,Social Values,Indian,Compassion,3,Compassion becomes powerful when it is expressed through practical help.,કરુણા ત્યારે શક્તિશાળી બને છે જ્યારે તે વ્યવહારુ મદદમાં વ્યક્ત થાય છે.,Premium Indian-context greeting-card artwork for Compassion Day; mood: Compassion; season: Monsoon; elegant composition with clear bilingual text space; no text inside artwork.,Lotus Pink,Royal Greeting,Monsoon,EN+GU,Draft,1.0,Evergreen
2026-09-29,Tuesday,Responsibility Day,જવાબદારી દિવસ,Indian Values,Indian,Responsibility,3,Responsibility is the bridge between good intentions and trusted action.,જવાબદારી સારા ઇરાદા અને વિશ્વસનીય કાર્ય વચ્ચેનો સેતુ છે.,Premium Indian-context greeting-card artwork for Responsibility Day; mood: Responsibility; season: Monsoon; elegant composition with clear bilingual text space; no text inside artwork.,Heritage Sandstone,Classic Heritage,Monsoon,EN+GU,Draft,1.0,Evergreen
2026-09-30,Wednesday,Patience Day,ધીરજ દિવસ,Everyday Inspiration,Indian,Calm,3,Patience is not inaction; it is steady effort without unnecessary anxiety.,ધીરજ નિષ્ક્રિયતા નથી; તે અનાવશ્યક ચિંતા વિના સતત પ્રયત્ન છે.,Premium greeting-card artwork for Patience Day; cultural context: Indian; mood: Calm; season: Monsoon; elegant composition with clear bilingual text space; authentic details; no text inside artwork.,Monsoon Green,Spiritual Serenity,Monsoon,EN+GU,Draft,1.0,Evergreen
2026-10-01,Thursday,International Day of Older Persons • International Coffee Day,આંતરરાષ્ટ્રીય વડીલ દિવસ • આંતરરાષ્ટ્રીય કોફી દિવસ,Social and Culture,Global,Gratitude,1,"Let the meaning of International Day of Older Persons • International Coffee Day guide us toward responsibility, respect and thoughtful action.","આંતરરાષ્ટ્રીય વડીલ દિવસ • આંતરરાષ્ટ્રીય કોફી દિવસનો અર્થ આપણને જવાબદારી, સન્માન અને વિચારપૂર્વકના કાર્ય તરફ દોરી જાય.",Premium greeting-card artwork for International Day of Older Persons • International Coffee Day; cultural context: Global; mood: Gratitude; season: Autumn-Festival; elegant composition with clear bilingual text space; authentic details; no text inside artwork.,Heritage Sandstone,Royal Greeting,Autumn-Festival,EN+GU,Draft,1.0,Named Occasion
2026-10-02,Friday,Gandhi Jayanti,ગાંધી જયંતી,National Remembrance,Indian,Reflection,1,"Let the meaning of Gandhi Jayanti guide us toward responsibility, respect and thoughtful action.","ગાંધી જયંતીનો અર્થ આપણને જવાબદારી, સન્માન અને વિચારપૂર્વકના કાર્ય તરફ દોરી જાય.",Premium greeting-card artwork for Gandhi Jayanti; cultural context: Indian; mood: Reflection; season: Autumn-Festival; elegant composition with clear bilingual text space; authentic details; no text inside artwork.,Heritage Sandstone,Classic Heritage,Autumn-Festival,EN+GU,Draft,1.0,Named Occasion
2026-10-03,Saturday,Nature Appreciation Day,પ્રકૃતિ કદર દિવસ,Environment,Indian,Nature,3,"When we care for nature, we protect the inheritance of generations yet to come.",અપણે પ્રકૃતિની કાળજી લઈએ ત્યારે આવતી પેઢીઓનો વારસો સુરક્ષિત કરીએ છીએ.,Premium greeting-card artwork for Nature Appreciation Day; cultural context: Indian; mood: Nature; season: Autumn-Festival; elegant composition with clear bilingual text space; authentic details; no text inside artwork.,Monsoon Green,Nature Canvas,Autumn-Festival,EN+GU,Draft,1.0,Evergreen
2026-10-04,Sunday,Purposeful Day,હેતુપૂર્ણ દિવસ,Everyday Inspiration,Indian,Purpose,3,A meaningful day begins when one clear intention guides every small action.,દરેક નાનાં કાર્યને એક સ્પષ્ટ હેતુ દિશા આપે ત્યારે દિવસ અર્થપૂર્ણ બને છે.,Premium greeting-card artwork for Purposeful Day; cultural context: Indian; mood: Purpose; season: Autumn-Festival; elegant composition with clear bilingual text space; authentic details; no text inside artwork.,Heritage Sandstone,Modern Editorial,Autumn-Festival,EN+GU,Draft,1.0,Evergreen
2026-10-05,Monday,World Teachers' Day,વિશ્વ શિક્ષક દિવસ,Education,Global,Gratitude,1,"Let the meaning of World Teachers' Day guide us toward responsibility, respect and thoughtful action.","વિશ્વ શિક્ષક દિવસનો અર્થ આપણને જવાબદારી, સન્માન અને વિચારપૂર્વકના કાર્ય તરફ દોરી જાય.",Premium greeting-card artwork for World Teachers' Day; cultural context: Global; mood: Gratitude; season: Autumn-Festival; elegant composition with clear bilingual text space; authentic details; no text inside artwork.,Heritage Sandstone,Modern Editorial,Autumn-Festival,EN+GU,Draft,1.0,Named Occasion
2026-10-06,Tuesday,Gratitude Day,કૃતજ્ઞતા દિવસ,Indian Values,Indian,Gratitude,3,Gratitude does not reduce ambition; it gives ambition a peaceful foundation.,કૃતજ્ઞતા મહત્ત્વાકાંક્ષાને ઘટાડતી નથી; તે તેને શાંતિપૂર્ણ આધાર આપે છે.,Premium greeting-card artwork for Gratitude Day; cultural context: Indian; mood: Gratitude; season: Autumn-Festival; elegant composition with clear bilingual text space; authentic details; no text inside artwork.,Lotus Pink,Royal Greeting,Autumn-Festival,EN+GU,Draft,1.0,Evergreen
2026-10-07,Wednesday,Learning Day,શીખવાનો દિવસ,Education,Indian,Wisdom,3,Every person we meet and every difficulty we face can become a teacher.,અપણે મળતા દરેક વ્યક્તિ અને સામનો કરતી દરેક મુશ્કેલી એક શિક્ષક બની શકે છે.,Premium greeting-card artwork for Learning Day; cultural context: Indian; mood: Wisdom; season: Autumn-Festival; elegant composition with clear bilingual text space; authentic details; no text inside artwork.,Peacock Royal,Modern Editorial,Autumn-Festival,EN+GU,Draft,1.0,Evergreen
2026-10-08,Thursday,Indian Air Force Day,ભારતીય વાયુસેના દિવસ,National Observance,Indian,Pride,1,"Let the meaning of Indian Air Force Day guide us toward responsibility, respect and thoughtful action.","ભારતીય વાયુસેના દિવસનો અર્થ આપણને જવાબદારી, સન્માન અને વિચારપૂર્વકના કાર્ય તરફ દોરી જાય.",Premium greeting-card artwork for Indian Air Force Day; cultural context: Indian; mood: Pride; season: Autumn-Festival; elegant composition with clear bilingual text space; authentic details; no text inside artwork.,Midnight Indigo,Classic Heritage,Autumn-Festival,EN+GU,Draft,1.0,Named Occasion
2026-10-09,Friday,World Post Day,વિશ્વ ટપાલ દિવસ,Public Service,Global,Connection,1,"Let the meaning of World Post Day guide us toward responsibility, respect and thoughtful action.","વિશ્વ ટપાલ દિવસનો અર્થ આપણને જવાબદારી, સન્માન અને વિચારપૂર્વકના કાર્ય તરફ દોરી જાય.",Premium greeting-card artwork for World Post Day; cultural context: Global; mood: Connection; season: Autumn-Festival; elegant composition with clear bilingual text space; authentic details; no text inside artwork.,Heritage Sandstone,Modern Editorial,Autumn-Festival,EN+GU,Draft,1.0,Named Occasion
2026-10-10,Saturday,Mindful Living Day,સજાગ જીવન દિવસ,Everyday Inspiration,Indian,Balance,3,A balanced life grows from thoughtful choices repeated with patience.,સંતુલિત જીવન ધીરજ સાથે વારંવાર કરેલી વિચારપૂર્વકની પસંદગીઓથી વિકસે છે.,Premium Indian-context greeting-card artwork for Mindful Living Day; mood: Balance; season: Autumn-Festival; elegant composition with clear bilingual text space; no text inside artwork.,Monsoon Green,Spiritual Serenity,Autumn-Festival,EN+GU,Draft,1.0,Evergreen
2026-10-11,Sunday,Service Day,સેવાનો દિવસ,Social Responsibility,Indian,Service,3,Service becomes noble when it is offered with humility rather than recognition in mind.,"સેવા ત્યારે મહાન બને છે જ્યારે તે પ્રસિદ્ધિ માટે નહીં, પરંતુ વિનમ્રતાથી કરવામાં આવે.",Premium greeting-card artwork for Service Day; cultural context: Indian; mood: Service; season: Autumn-Festival; elegant composition with clear bilingual text space; authentic details; no text inside artwork.,Royal Saffron,Classic Heritage,Autumn-Festival,EN+GU,Draft,1.0,Evergreen
2026-10-12,Monday,Patience Day,ધીરજ દિવસ,Everyday Inspiration,Indian,Calm,3,Patience is not inaction; it is steady effort without unnecessary anxiety.,ધીરજ નિષ્ક્રિયતા નથી; તે અનાવશ્યક ચિંતા વિના સતત પ્રયત્ન છે.,Premium greeting-card artwork for Patience Day; cultural context: Indian; mood: Calm; season: Autumn-Festival; elegant composition with clear bilingual text space; authentic details; no text inside artwork.,Monsoon Green,Spiritual Serenity,Autumn-Festival,EN+GU,Draft,1.0,Evergreen
2026-10-13,Tuesday,International Day for Disaster Risk Reduction,આપત્તિ જોખમ ઘટાડા માટે આંતરરાષ્ટ્રીય દિવસ,Global Awareness,Global,Preparedness,1,"Let the meaning of International Day for Disaster Risk Reduction guide us toward responsibility, respect and thoughtful action.","આપત્તિ જોખમ ઘટાડા માટે આંતરરાષ્ટ્રીય દિવસનો અર્થ આપણને જવાબદારી, સન્માન અને વિચારપૂર્વકના કાર્ય તરફ દોરી જાય.",Premium greeting-card artwork for International Day for Disaster Risk Reduction; cultural context: Global; mood: Preparedness; season: Autumn-Festival; elegant composition with clear bilingual text space; authentic details; no text inside artwork.,Heritage Sandstone,Modern Editorial,Autumn-Festival,EN+GU,Draft,1.0,Named Occasion
2026-10-14,Wednesday,Courage Day,હિંમત દિવસ,Everyday Inspiration,Indian,Courage,3,Courage is often a quiet decision to do what is right despite uncertainty.,હિંમત ઘણીવાર અનિશ્ચિતતા છતાં યોગ્ય કાર્ય કરવાની શાંત પસંદગી હોય છે.,Premium greeting-card artwork for Courage Day; cultural context: Indian; mood: Courage; season: Autumn-Festival; elegant composition with clear bilingual text space; authentic details; no text inside artwork.,Midnight Indigo,Modern Editorial,Autumn-Festival,EN+GU,Draft,1.0,Evergreen
2026-10-15,Thursday,Compassion Day,કરુણા દિવસ,Social Values,Indian,Compassion,3,Compassion becomes powerful when it is expressed through practical help.,કરુણા ત્યારે શક્તિશાળી બને છે જ્યારે તે વ્યવહારુ મદદમાં વ્યક્ત થાય છે.,Premium Indian-context greeting-card artwork for Compassion Day; mood: Compassion; season: Autumn-Festival; elegant composition with clear bilingual text space; no text inside artwork.,Lotus Pink,Royal Greeting,Autumn-Festival,EN+GU,Draft,1.0,Evergreen
2026-10-16,Friday,World Food Day,વિશ્વ ખાદ્ય દિવસ,Food and Agriculture,Global,Gratitude,1,"Let the meaning of World Food Day guide us toward responsibility, respect and thoughtful action.","વિશ્વ ખાદ્ય દિવસનો અર્થ આપણને જવાબદારી, સન્માન અને વિચારપૂર્વકના કાર્ય તરફ દોરી જાય.",Premium greeting-card artwork for World Food Day; cultural context: Global; mood: Gratitude; season: Autumn-Festival; elegant composition with clear bilingual text space; authentic details; no text inside artwork.,Monsoon Green,Nature Canvas,Autumn-Festival,EN+GU,Draft,1.0,Named Occasion
2026-10-17,Saturday,Character Day,ચારિત્ર્ય દિવસ,Indian Values,Indian,Integrity,3,"Character is built quietly, through choices made when no one is watching.","ચારિત્ર્ય શાંતિથી બને છે—ખાસ કરીને ત્યારે, જ્યારે કોઈ જોઈ રહ્યું ન હોય અને આપણે યોગ્ય પસંદગી કરીએ.",Premium greeting-card artwork for Character Day; cultural context: Indian; mood: Integrity; season: Autumn-Festival; elegant composition with clear bilingual text space; authentic details; no text inside artwork.,Heritage Sandstone,Classic Heritage,Autumn-Festival,EN+GU,Draft,1.0,Evergreen
2026-10-18,Sunday,Gratitude Day,કૃતજ્ઞતા દિવસ,Indian Values,Indian,Gratitude,3,Gratitude does not reduce ambition; it gives ambition a peaceful foundation.,કૃતજ્ઞતા મહત્ત્વાકાંક્ષાને ઘટાડતી નથી; તે તેને શાંતિપૂર્ણ આધાર આપે છે.,Premium greeting-card artwork for Gratitude Day; cultural context: Indian; mood: Gratitude; season: Autumn-Festival; elegant composition with clear bilingual text space; authentic details; no text inside artwork.,Lotus Pink,Royal Greeting,Autumn-Festival,EN+GU,Draft,1.0,Evergreen
2026-10-19,Monday,Learning Day,શીખવાનો દિવસ,Education,Indian,Wisdom,3,Every person we meet and every difficulty we face can become a teacher.,અપણે મળતા દરેક વ્યક્તિ અને સામનો કરતી દરેક મુશ્કેલી એક શિક્ષક બની શકે છે.,Premium greeting-card artwork for Learning Day; cultural context: Indian; mood: Wisdom; season: Autumn-Festival; elegant composition with clear bilingual text space; authentic details; no text inside artwork.,Peacock Royal,Modern Editorial,Autumn-Festival,EN+GU,Draft,1.0,Evergreen
2026-10-20,Tuesday,Dussehra,દશેરા,Festival,Indian,Courage,1,"Let the meaning of Dussehra guide us toward responsibility, respect and thoughtful action.","દશેરાનો અર્થ આપણને જવાબદારી, સન્માન અને વિચારપૂર્વકના કાર્ય તરફ દોરી જાય.",Premium greeting-card artwork for Dussehra; cultural context: Indian; mood: Courage; season: Autumn-Festival; elegant composition with clear bilingual text space; authentic details; no text inside artwork.,Royal Saffron,Classic Heritage,Autumn-Festival,EN+GU,Draft,1.0,Named Occasion
2026-10-21,Wednesday,Discipline Day,શિસ્ત દિવસ,Work Ethics,Indian,Determination,3,Discipline turns good intentions into steady progress.,શિસ્ત સારા ઇરાદાઓને સતત પ્રગતિમાં બદલે છે.,Premium greeting-card artwork for Discipline Day; cultural context: Indian; mood: Determination; season: Autumn-Festival; elegant composition with clear bilingual text space; authentic details; no text inside artwork.,Midnight Indigo,Modern Editorial,Autumn-Festival,EN+GU,Draft,1.0,Evergreen
2026-10-22,Thursday,Family Values Day,પરિવાર મૂલ્યો દિવસ,Family,Indian,Affection,3,"A strong family is built through time, respect and the willingness to listen.","મજબૂત પરિવાર સમય, સન્માન અને એકબીજાને સાંભળવાની તૈયારીથી બને છે.",Premium greeting-card artwork for Family Values Day; cultural context: Indian; mood: Affection; season: Autumn-Festival; elegant composition with clear bilingual text space; authentic details; no text inside artwork.,Lotus Pink,Royal Greeting,Autumn-Festival,EN+GU,Draft,1.0,Evergreen
2026-10-23,Friday,Service Day,સેવાનો દિવસ,Social Responsibility,Indian,Service,3,Service becomes noble when it is offered with humility rather than recognition in mind.,"સેવા ત્યારે મહાન બને છે જ્યારે તે પ્રસિદ્ધિ માટે નહીં, પરંતુ વિનમ્રતાથી કરવામાં આવે.",Premium greeting-card artwork for Service Day; cultural context: Indian; mood: Service; season: Autumn-Festival; elegant composition with clear bilingual text space; authentic details; no text inside artwork.,Royal Saffron,Classic Heritage,Autumn-Festival,EN+GU,Draft,1.0,Evergreen
2026-10-24,Saturday,United Nations Day,સંયુક્ત રાષ્ટ્ર દિવસ,International Observance,Global,Cooperation,1,"Let the meaning of United Nations Day guide us toward responsibility, respect and thoughtful action.","સંયુક્ત રાષ્ટ્ર દિવસનો અર્થ આપણને જવાબદારી, સન્માન અને વિચારપૂર્વકના કાર્ય તરફ દોરી જાય.",Premium greeting-card artwork for United Nations Day; cultural context: Global; mood: Cooperation; season: Autumn-Festival; elegant composition with clear bilingual text space; authentic details; no text inside artwork.,Peacock Royal,Modern Editorial,Autumn-Festival,EN+GU,Draft,1.0,Named Occasion
2026-10-25,Sunday,Unity Day,એકતા દિવસ,Indian Values,Indian,Unity,3,Differences become strength when people work together with mutual respect.,લોકો પરસ્પર સન્માનથી સાથે કામ કરે ત્યારે ભિન્નતા શક્તિ બની જાય છે.,Premium greeting-card artwork for Unity Day; cultural context: Indian; mood: Unity; season: Autumn-Festival; elegant composition with clear bilingual text space; authentic details; no text inside artwork.,Royal Saffron,Classic Heritage,Autumn-Festival,EN+GU,Draft,1.0,Evergreen
2026-10-26,Monday,Courage Day,હિંમત દિવસ,Everyday Inspiration,Indian,Courage,3,Courage is often a quiet decision to do what is right despite uncertainty.,હિંમત ઘણીવાર અનિશ્ચિતતા છતાં યોગ્ય કાર્ય કરવાની શાંત પસંદગી હોય છે.,Premium greeting-card artwork for Courage Day; cultural context: Indian; mood: Courage; season: Autumn-Festival; elegant composition with clear bilingual text space; authentic details; no text inside artwork.,Midnight Indigo,Modern Editorial,Autumn-Festival,EN+GU,Draft,1.0,Evergreen
2026-10-27,Tuesday,Nature Appreciation Day,પ્રકૃતિ કદર દિવસ,Environment,Indian,Nature,3,"When we care for nature, we protect the inheritance of generations yet to come.",અપણે પ્રકૃતિની કાળજી લઈએ ત્યારે આવતી પેઢીઓનો વારસો સુરક્ષિત કરીએ છીએ.,Premium greeting-card artwork for Nature Appreciation Day; cultural context: Indian; mood: Nature; season: Autumn-Festival; elegant composition with clear bilingual text space; authentic details; no text inside artwork.,Monsoon Green,Nature Canvas,Autumn-Festival,EN+GU,Draft,1.0,Evergreen
2026-10-28,Wednesday,Purposeful Day,હેતુપૂર્ણ દિવસ,Everyday Inspiration,Indian,Purpose,3,A meaningful day begins when one clear intention guides every small action.,દરેક નાનાં કાર્યને એક સ્પષ્ટ હેતુ દિશા આપે ત્યારે દિવસ અર્થપૂર્ણ બને છે.,Premium greeting-card artwork for Purposeful Day; cultural context: Indian; mood: Purpose; season: Autumn-Festival; elegant composition with clear bilingual text space; authentic details; no text inside artwork.,Heritage Sandstone,Modern Editorial,Autumn-Festival,EN+GU,Draft,1.0,Evergreen
2026-10-29,Thursday,Character Day,ચારિત્ર્ય દિવસ,Indian Values,Indian,Integrity,3,"Character is built quietly, through choices made when no one is watching.","ચારિત્ર્ય શાંતિથી બને છે—ખાસ કરીને ત્યારે, જ્યારે કોઈ જોઈ રહ્યું ન હોય અને આપણે યોગ્ય પસંદગી કરીએ.",Premium greeting-card artwork for Character Day; cultural context: Indian; mood: Integrity; season: Autumn-Festival; elegant composition with clear bilingual text space; authentic details; no text inside artwork.,Heritage Sandstone,Classic Heritage,Autumn-Festival,EN+GU,Draft,1.0,Evergreen
2026-10-30,Friday,Gratitude Day,કૃતજ્ઞતા દિવસ,Indian Values,Indian,Gratitude,3,Gratitude does not reduce ambition; it gives ambition a peaceful foundation.,કૃતજ્ઞતા મહત્ત્વાકાંક્ષાને ઘટાડતી નથી; તે તેને શાંતિપૂર્ણ આધાર આપે છે.,Premium greeting-card artwork for Gratitude Day; cultural context: Indian; mood: Gratitude; season: Autumn-Festival; elegant composition with clear bilingual text space; authentic details; no text inside artwork.,Lotus Pink,Royal Greeting,Autumn-Festival,EN+GU,Draft,1.0,Evergreen
2026-10-31,Saturday,Halloween,હેલોવીન,International Celebration,Western,Playfulness,1,"Let the meaning of Halloween guide us toward responsibility, respect and thoughtful action.","હેલોવીનનો અર્થ આપણને જવાબદારી, સન્માન અને વિચારપૂર્વકના કાર્ય તરફ દોરી જાય.",Premium greeting-card artwork for Halloween; cultural context: Western; mood: Playfulness; season: Autumn-Festival; elegant composition with clear bilingual text space; authentic details; no text inside artwork.,Midnight Indigo,Royal Greeting,Autumn-Festival,EN+GU,Draft,1.0,Named Occasion
2026-11-01,Sunday,Kindness Day,દયાનો દિવસ,Social Values,Indian,Compassion,3,A small act of kindness can become the part of someone's day they remember most.,દયાનો નાનો કાર્ય કોઈના દિવસની સૌથી યાદગાર ક્ષણ બની શકે છે.,Premium greeting-card artwork for Kindness Day; cultural context: Indian; mood: Compassion; season: Autumn-Festival; elegant composition with clear bilingual text space; authentic details; no text inside artwork.,Lotus Pink,Royal Greeting,Autumn-Festival,EN+GU,Draft,1.0,Evergreen
2026-11-02,Monday,Discipline Day,શિસ્ત દિવસ,Work Ethics,Indian,Determination,3,Discipline turns good intentions into steady progress.,શિસ્ત સારા ઇરાદાઓને સતત પ્રગતિમાં બદલે છે.,Premium greeting-card artwork for Discipline Day; cultural context: Indian; mood: Determination; season: Autumn-Festival; elegant composition with clear bilingual text space; authentic details; no text inside artwork.,Midnight Indigo,Modern Editorial,Autumn-Festival,EN+GU,Draft,1.0,Evergreen
2026-11-03,Tuesday,Family Values Day,પરિવાર મૂલ્યો દિવસ,Family,Indian,Affection,3,"A strong family is built through time, respect and the willingness to listen.","મજબૂત પરિવાર સમય, સન્માન અને એકબીજાને સાંભળવાની તૈયારીથી બને છે.",Premium greeting-card artwork for Family Values Day; cultural context: Indian; mood: Affection; season: Autumn-Festival; elegant composition with clear bilingual text space; authentic details; no text inside artwork.,Lotus Pink,Royal Greeting,Autumn-Festival,EN+GU,Draft,1.0,Evergreen
2026-11-04,Wednesday,Service Day,સેવાનો દિવસ,Social Responsibility,Indian,Service,3,Service becomes noble when it is offered with humility rather than recognition in mind.,"સેવા ત્યારે મહાન બને છે જ્યારે તે પ્રસિદ્ધિ માટે નહીં, પરંતુ વિનમ્રતાથી કરવામાં આવે.",Premium greeting-card artwork for Service Day; cultural context: Indian; mood: Service; season: Autumn-Festival; elegant composition with clear bilingual text space; authentic details; no text inside artwork.,Royal Saffron,Classic Heritage,Autumn-Festival,EN+GU,Draft,1.0,Evergreen
2026-11-05,Thursday,Vagh Baras,વાઘ બારસ,Gujarati Festival,Regional Indian,Gratitude,1,"Let the meaning of Vagh Baras guide us toward responsibility, respect and thoughtful action.","વાઘ બારસનો અર્થ આપણને જવાબદારી, સન્માન અને વિચારપૂર્વકના કાર્ય તરફ દોરી જાય.",Premium greeting-card artwork for Vagh Baras; cultural context: Regional Indian; mood: Gratitude; season: Autumn-Festival; elegant composition with clear bilingual text space; authentic details; no text inside artwork.,Heritage Sandstone,Royal Greeting,Autumn-Festival,EN+GU,Draft,1.0,Named Occasion
2026-11-06,Friday,Dhanteras,ધનતેરસ,Festival,Indian,Prosperity,1,"Let the meaning of Dhanteras guide us toward responsibility, respect and thoughtful action.","ધનતેરસનો અર્થ આપણને જવાબદારી, સન્માન અને વિચારપૂર્વકના કાર્ય તરફ દોરી જાય.",Premium greeting-card artwork for Dhanteras; cultural context: Indian; mood: Prosperity; season: Autumn-Festival; elegant composition with clear bilingual text space; authentic details; no text inside artwork.,Festival Gold,Royal Greeting,Autumn-Festival,EN+GU,Draft,1.0,Named Occasion
2026-11-07,Saturday,Kali Chaudas,કાળી ચૌદસ,Festival,Regional Indian,Protection,1,"Let the meaning of Kali Chaudas guide us toward responsibility, respect and thoughtful action.","કાળી ચૌદસનો અર્થ આપણને જવાબદારી, સન્માન અને વિચારપૂર્વકના કાર્ય તરફ દોરી જાય.",Premium greeting-card artwork for Kali Chaudas; cultural context: Regional Indian; mood: Protection; season: Autumn-Festival; elegant composition with clear bilingual text space; authentic details; no text inside artwork.,Midnight Indigo,Spiritual Serenity,Autumn-Festival,EN+GU,Draft,1.0,Named Occasion
2026-11-08,Sunday,Diwali • Lakshmi Puja • Chopda Puja,દિવાળી • લક્ષ્મી પૂજન • ચોપડા પૂજન,Festival,Regional Indian,Celebration,1,"May the light of wisdom remove fear, prejudice and negativity from every heart.","જ્ઞાનનો પ્રકાશ દરેક હૃદયમાંથી ભય, પૂર્વગ્રહ અને નકારાત્મકતા દૂર કરે.",Premium greeting-card artwork for Diwali • Lakshmi Puja • Chopda Puja; cultural context: Regional Indian; mood: Celebration; season: Autumn-Festival; elegant composition with clear bilingual text space; authentic details; no text inside artwork.,Festival Gold,Royal Greeting,Autumn-Festival,EN+GU,Draft,1.0,Named Occasion
2026-11-09,Monday,Govardhan Puja • Annakut,ગોવર્ધન પૂજા • અન્નકૂટ,Festival,Indian,Gratitude,1,"Let the meaning of Govardhan Puja • Annakut guide us toward responsibility, respect and thoughtful action.","ગોવર્ધન પૂજા • અન્નકૂટનો અર્થ આપણને જવાબદારી, સન્માન અને વિચારપૂર્વકના કાર્ય તરફ દોરી જાય.",Premium greeting-card artwork for Govardhan Puja • Annakut; cultural context: Indian; mood: Gratitude; season: Autumn-Festival; elegant composition with clear bilingual text space; authentic details; no text inside artwork.,Monsoon Green,Royal Greeting,Autumn-Festival,EN+GU,Draft,1.0,Named Occasion
2026-11-10,Tuesday,Bestu Varas — Gujarati New Year,બેસતું વર્ષ — ગુજરાતી નવું વર્ષ,Gujarati Festival,Regional Indian,Hope,1,Begin the Gujarati New Year with gratitude for the past and honest purpose for the future.,ગુજરાતી નવા વર્ષની શરૂઆત ભૂતકાળ પ્રત્યે કૃતજ્ઞતા અને ભવિષ્ય માટેના નિષ્ઠાવાન સંકલ્પથી કરો.,Premium greeting-card artwork for Bestu Varas — Gujarati New Year; cultural context: Regional Indian; mood: Hope; season: Autumn-Festival; elegant composition with clear bilingual text space; authentic details; no text inside artwork.,Royal Saffron,Royal Greeting,Autumn-Festival,EN+GU,Draft,1.0,Named Occasion
2026-11-11,Wednesday,Bhai Beej,ભાઈ બીજ,Festival and Family,Regional Indian,Affection,1,"Let the meaning of Bhai Beej guide us toward responsibility, respect and thoughtful action.","ભાઈ બીજનો અર્થ આપણને જવાબદારી, સન્માન અને વિચારપૂર્વકના કાર્ય તરફ દોરી જાય.",Premium greeting-card artwork for Bhai Beej; cultural context: Regional Indian; mood: Affection; season: Autumn-Festival; elegant composition with clear bilingual text space; authentic details; no text inside artwork.,Lotus Pink,Royal Greeting,Autumn-Festival,EN+GU,Draft,1.0,Named Occasion
2026-11-12,Thursday,Responsibility Day,જવાબદારી દિવસ,Indian Values,Indian,Responsibility,3,Responsibility is the bridge between good intentions and trusted action.,જવાબદારી સારા ઇરાદા અને વિશ્વસનીય કાર્ય વચ્ચેનો સેતુ છે.,Premium Indian-context greeting-card artwork for Responsibility Day; mood: Responsibility; season: Autumn-Festival; elegant composition with clear bilingual text space; no text inside artwork.,Heritage Sandstone,Classic Heritage,Autumn-Festival,EN+GU,Draft,1.0,Evergreen
2026-11-13,Friday,Kindness Day,દયાનો દિવસ,Social Values,Indian,Compassion,3,A small act of kindness can become the part of someone's day they remember most.,દયાનો નાનો કાર્ય કોઈના દિવસની સૌથી યાદગાર ક્ષણ બની શકે છે.,Premium greeting-card artwork for Kindness Day; cultural context: Indian; mood: Compassion; season: Autumn-Festival; elegant composition with clear bilingual text space; authentic details; no text inside artwork.,Lotus Pink,Royal Greeting,Autumn-Festival,EN+GU,Draft,1.0,Evergreen
2026-11-14,Saturday,Children's Day • World Diabetes Day • Labh Pancham,બાળ દિવસ • વિશ્વ ડાયાબિટીસ દિવસ • લાભ પંચમ,National and Festival,Indian,Joy,1,"Let the meaning of Children's Day • World Diabetes Day • Labh Pancham guide us toward responsibility, respect and thoughtful action.","બાળ દિવસ • વિશ્વ ડાયાબિટીસ દિવસ • લાભ પંચમનો અર્થ આપણને જવાબદારી, સન્માન અને વિચારપૂર્વકના કાર્ય તરફ દોરી જાય.",Premium greeting-card artwork for Children's Day • World Diabetes Day • Labh Pancham; cultural context: Indian; mood: Joy; season: Autumn-Festival; elegant composition with clear bilingual text space; authentic details; no text inside artwork.,Festival Gold,Modern Editorial,Autumn-Festival,EN+GU,Draft,1.0,Named Occasion
2026-11-15,Sunday,Family Values Day,પરિવાર મૂલ્યો દિવસ,Family,Indian,Affection,3,"A strong family is built through time, respect and the willingness to listen.","મજબૂત પરિવાર સમય, સન્માન અને એકબીજાને સાંભળવાની તૈયારીથી બને છે.",Premium greeting-card artwork for Family Values Day; cultural context: Indian; mood: Affection; season: Autumn-Festival; elegant composition with clear bilingual text space; authentic details; no text inside artwork.,Lotus Pink,Royal Greeting,Autumn-Festival,EN+GU,Draft,1.0,Evergreen
2026-11-16,Monday,Jalaram Bapa Jayanti,જલારામ બાપા જયંતી,Religious Observance,Regional Indian,Service,1,"Let the meaning of Jalaram Bapa Jayanti guide us toward responsibility, respect and thoughtful action.","જલારામ બાપા જયંતીનો અર્થ આપણને જવાબદારી, સન્માન અને વિચારપૂર્વકના કાર્ય તરફ દોરી જાય.",Premium greeting-card artwork for Jalaram Bapa Jayanti; cultural context: Regional Indian; mood: Service; season: Autumn-Festival; elegant composition with clear bilingual text space; authentic details; no text inside artwork.,Royal Saffron,Spiritual Serenity,Autumn-Festival,EN+GU,Draft,1.0,Named Occasion
2026-11-17,Tuesday,International Students' Day,આંતરરાષ્ટ્રીય વિદ્યાર્થી દિવસ,Education,Global,Inspiration,1,"Let the meaning of International Students' Day guide us toward responsibility, respect and thoughtful action.","આંતરરાષ્ટ્રીય વિદ્યાર્થી દિવસનો અર્થ આપણને જવાબદારી, સન્માન અને વિચારપૂર્વકના કાર્ય તરફ દોરી જાય.",Premium greeting-card artwork for International Students' Day; cultural context: Global; mood: Inspiration; season: Autumn-Festival; elegant composition with clear bilingual text space; authentic details; no text inside artwork.,Peacock Royal,Modern Editorial,Autumn-Festival,EN+GU,Draft,1.0,Named Occasion
2026-11-18,Wednesday,Unity Day,એકતા દિવસ,Indian Values,Indian,Unity,3,Differences become strength when people work together with mutual respect.,લોકો પરસ્પર સન્માનથી સાથે કામ કરે ત્યારે ભિન્નતા શક્તિ બની જાય છે.,Premium greeting-card artwork for Unity Day; cultural context: Indian; mood: Unity; season: Autumn-Festival; elegant composition with clear bilingual text space; authentic details; no text inside artwork.,Royal Saffron,Classic Heritage,Autumn-Festival,EN+GU,Draft,1.0,Evergreen
2026-11-19,Thursday,World Toilet Day,વિશ્વ શૌચાલય દિવસ,Global Awareness,Global,Dignity,1,"Let the meaning of World Toilet Day guide us toward responsibility, respect and thoughtful action.","વિશ્વ શૌચાલય દિવસનો અર્થ આપણને જવાબદારી, સન્માન અને વિચારપૂર્વકના કાર્ય તરફ દોરી જાય.",Premium greeting-card artwork for World Toilet Day; cultural context: Global; mood: Dignity; season: Autumn-Festival; elegant composition with clear bilingual text space; authentic details; no text inside artwork.,Heritage Sandstone,Modern Editorial,Autumn-Festival,EN+GU,Draft,1.0,Named Occasion
2026-11-20,Friday,Universal Children's Day,વિશ્વ બાળ દિવસ,Children,Global,Hope,1,"Let the meaning of Universal Children's Day guide us toward responsibility, respect and thoughtful action.","વિશ્વ બાળ દિવસનો અર્થ આપણને જવાબદારી, સન્માન અને વિચારપૂર્વકના કાર્ય તરફ દોરી જાય.",Premium greeting-card artwork for Universal Children's Day; cultural context: Global; mood: Hope; season: Autumn-Festival; elegant composition with clear bilingual text space; authentic details; no text inside artwork.,Lotus Pink,Modern Editorial,Autumn-Festival,EN+GU,Draft,1.0,Named Occasion
2026-11-21,Saturday,Purposeful Day,હેતુપૂર્ણ દિવસ,Everyday Inspiration,Indian,Purpose,3,A meaningful day begins when one clear intention guides every small action.,દરેક નાનાં કાર્યને એક સ્પષ્ટ હેતુ દિશા આપે ત્યારે દિવસ અર્થપૂર્ણ બને છે.,Premium greeting-card artwork for Purposeful Day; cultural context: Indian; mood: Purpose; season: Autumn-Festival; elegant composition with clear bilingual text space; authentic details; no text inside artwork.,Heritage Sandstone,Modern Editorial,Autumn-Festival,EN+GU,Draft,1.0,Evergreen
2026-11-22,Sunday,Character Day,ચારિત્ર્ય દિવસ,Indian Values,Indian,Integrity,3,"Character is built quietly, through choices made when no one is watching.","ચારિત્ર્ય શાંતિથી બને છે—ખાસ કરીને ત્યારે, જ્યારે કોઈ જોઈ રહ્યું ન હોય અને આપણે યોગ્ય પસંદગી કરીએ.",Premium greeting-card artwork for Character Day; cultural context: Indian; mood: Integrity; season: Autumn-Festival; elegant composition with clear bilingual text space; authentic details; no text inside artwork.,Heritage Sandstone,Classic Heritage,Autumn-Festival,EN+GU,Draft,1.0,Evergreen
2026-11-23,Monday,Gratitude Day,કૃતજ્ઞતા દિવસ,Indian Values,Indian,Gratitude,3,Gratitude does not reduce ambition; it gives ambition a peaceful foundation.,કૃતજ્ઞતા મહત્ત્વાકાંક્ષાને ઘટાડતી નથી; તે તેને શાંતિપૂર્ણ આધાર આપે છે.,Premium greeting-card artwork for Gratitude Day; cultural context: Indian; mood: Gratitude; season: Autumn-Festival; elegant composition with clear bilingual text space; authentic details; no text inside artwork.,Lotus Pink,Royal Greeting,Autumn-Festival,EN+GU,Draft,1.0,Evergreen
2026-11-24,Tuesday,Dev Diwali • Guru Nanak Jayanti,દેવ દિવાળી • ગુરુ નાનક જયંતી,Religious Festival,Indian,Devotion,1,"Let the meaning of Dev Diwali • Guru Nanak Jayanti guide us toward responsibility, respect and thoughtful action.","દેવ દિવાળી • ગુરુ નાનક જયંતીનો અર્થ આપણને જવાબદારી, સન્માન અને વિચારપૂર્વકના કાર્ય તરફ દોરી જાય.",Premium greeting-card artwork for Dev Diwali • Guru Nanak Jayanti; cultural context: Indian; mood: Devotion; season: Autumn-Festival; elegant composition with clear bilingual text space; authentic details; no text inside artwork.,Festival Gold,Spiritual Serenity,Autumn-Festival,EN+GU,Draft,1.0,Named Occasion
2026-11-25,Wednesday,Kindness Day,દયાનો દિવસ,Social Values,Indian,Compassion,3,A small act of kindness can become the part of someone's day they remember most.,દયાનો નાનો કાર્ય કોઈના દિવસની સૌથી યાદગાર ક્ષણ બની શકે છે.,Premium greeting-card artwork for Kindness Day; cultural context: Indian; mood: Compassion; season: Autumn-Festival; elegant composition with clear bilingual text space; authentic details; no text inside artwork.,Lotus Pink,Royal Greeting,Autumn-Festival,EN+GU,Draft,1.0,Evergreen
2026-11-26,Thursday,Constitution Day of India • Thanksgiving Day,ભારતનો બંધારણ દિવસ • થેન્ક્સગિવિંગ દિવસ,Civic and International,Indian and Western,Gratitude,1,"Let the meaning of Constitution Day of India • Thanksgiving Day guide us toward responsibility, respect and thoughtful action.","ભારતનો બંધારણ દિવસ • થેન્ક્સગિવિંગ દિવસનો અર્થ આપણને જવાબદારી, સન્માન અને વિચારપૂર્વકના કાર્ય તરફ દોરી જાય.",Premium greeting-card artwork for Constitution Day of India • Thanksgiving Day; cultural context: Indian and Western; mood: Gratitude; season: Autumn-Festival; elegant composition with clear bilingual text space; authentic details; no text inside artwork.,Heritage Sandstone,Classic Heritage,Autumn-Festival,EN+GU,Draft,1.0,Named Occasion
2026-11-27,Friday,Family Values Day,પરિવાર મૂલ્યો દિવસ,Family,Indian,Affection,3,"A strong family is built through time, respect and the willingness to listen.","મજબૂત પરિવાર સમય, સન્માન અને એકબીજાને સાંભળવાની તૈયારીથી બને છે.",Premium greeting-card artwork for Family Values Day; cultural context: Indian; mood: Affection; season: Autumn-Festival; elegant composition with clear bilingual text space; authentic details; no text inside artwork.,Lotus Pink,Royal Greeting,Autumn-Festival,EN+GU,Draft,1.0,Evergreen
2026-11-28,Saturday,Service Day,સેવાનો દિવસ,Social Responsibility,Indian,Service,3,Service becomes noble when it is offered with humility rather than recognition in mind.,"સેવા ત્યારે મહાન બને છે જ્યારે તે પ્રસિદ્ધિ માટે નહીં, પરંતુ વિનમ્રતાથી કરવામાં આવે.",Premium greeting-card artwork for Service Day; cultural context: Indian; mood: Service; season: Autumn-Festival; elegant composition with clear bilingual text space; authentic details; no text inside artwork.,Royal Saffron,Classic Heritage,Autumn-Festival,EN+GU,Draft,1.0,Evergreen
2026-11-29,Sunday,Patience Day,ધીરજ દિવસ,Everyday Inspiration,Indian,Calm,3,Patience is not inaction; it is steady effort without unnecessary anxiety.,ધીરજ નિષ્ક્રિયતા નથી; તે અનાવશ્યક ચિંતા વિના સતત પ્રયત્ન છે.,Premium greeting-card artwork for Patience Day; cultural context: Indian; mood: Calm; season: Autumn-Festival; elegant composition with clear bilingual text space; authentic details; no text inside artwork.,Monsoon Green,Spiritual Serenity,Autumn-Festival,EN+GU,Draft,1.0,Evergreen
2026-11-30,Monday,Unity Day,એકતા દિવસ,Indian Values,Indian,Unity,3,Differences become strength when people work together with mutual respect.,લોકો પરસ્પર સન્માનથી સાથે કામ કરે ત્યારે ભિન્નતા શક્તિ બની જાય છે.,Premium greeting-card artwork for Unity Day; cultural context: Indian; mood: Unity; season: Autumn-Festival; elegant composition with clear bilingual text space; authentic details; no text inside artwork.,Royal Saffron,Classic Heritage,Autumn-Festival,EN+GU,Draft,1.0,Evergreen
2026-12-01,Tuesday,Mindful Living Day,સજાગ જીવન દિવસ,Everyday Inspiration,Indian,Balance,3,A balanced life grows from thoughtful choices repeated with patience.,સંતુલિત જીવન ધીરજ સાથે વારંવાર કરેલી વિચારપૂર્વકની પસંદગીઓથી વિકસે છે.,Premium Indian-context greeting-card artwork for Mindful Living Day; mood: Balance; season: Winter; elegant composition with clear bilingual text space; no text inside artwork.,Monsoon Green,Spiritual Serenity,Winter,EN+GU,Draft,1.0,Evergreen
2026-12-02,Wednesday,National Pollution Control Day,રાષ્ટ્રીય પ્રદૂષણ નિયંત્રણ દિવસ,Environment,Indian,Responsibility,1,"Let the meaning of National Pollution Control Day guide us toward responsibility, respect and thoughtful action.","રાષ્ટ્રીય પ્રદૂષણ નિયંત્રણ દિવસનો અર્થ આપણને જવાબદારી, સન્માન અને વિચારપૂર્વકના કાર્ય તરફ દોરી જાય.",Premium greeting-card artwork for National Pollution Control Day; cultural context: Indian; mood: Responsibility; season: Winter; elegant composition with clear bilingual text space; authentic details; no text inside artwork.,Monsoon Green,Modern Editorial,Winter,EN+GU,Draft,1.0,Named Occasion
2026-12-03,Thursday,International Day of Persons with Disabilities,દિવ્યાંગ વ્યક્તિઓનો આંતરરાષ્ટ્રીય દિવસ,Inclusion,Global,Inclusion,1,"Let the meaning of International Day of Persons with Disabilities guide us toward responsibility, respect and thoughtful action.","દિવ્યાંગ વ્યક્તિઓનો આંતરરાષ્ટ્રીય દિવસનો અર્થ આપણને જવાબદારી, સન્માન અને વિચારપૂર્વકના કાર્ય તરફ દોરી જાય.",Premium greeting-card artwork for International Day of Persons with Disabilities; cultural context: Global; mood: Inclusion; season: Winter; elegant composition with clear bilingual text space; authentic details; no text inside artwork.,Peacock Royal,Modern Editorial,Winter,EN+GU,Draft,1.0,Named Occasion
2026-12-04,Friday,Character Day,ચારિત્ર્ય દિવસ,Indian Values,Indian,Integrity,3,"Character is built quietly, through choices made when no one is watching.","ચારિત્ર્ય શાંતિથી બને છે—ખાસ કરીને ત્યારે, જ્યારે કોઈ જોઈ રહ્યું ન હોય અને આપણે યોગ્ય પસંદગી કરીએ.",Premium greeting-card artwork for Character Day; cultural context: Indian; mood: Integrity; season: Winter; elegant composition with clear bilingual text space; authentic details; no text inside artwork.,Heritage Sandstone,Classic Heritage,Winter,EN+GU,Draft,1.0,Evergreen
2026-12-05,Saturday,World Soil Day • International Volunteer Day,વિશ્વ માટી દિવસ • આંતરરાષ્ટ્રીય સ્વયંસેવક દિવસ,Environment and Service,Global,Service,1,"Let the meaning of World Soil Day • International Volunteer Day guide us toward responsibility, respect and thoughtful action.","વિશ્વ માટી દિવસ • આંતરરાષ્ટ્રીય સ્વયંસેવક દિવસનો અર્થ આપણને જવાબદારી, સન્માન અને વિચારપૂર્વકના કાર્ય તરફ દોરી જાય.",Premium greeting-card artwork for World Soil Day • International Volunteer Day; cultural context: Global; mood: Service; season: Winter; elegant composition with clear bilingual text space; authentic details; no text inside artwork.,Monsoon Green,Nature Canvas,Winter,EN+GU,Draft,1.0,Named Occasion
2026-12-06,Sunday,Learning Day,શીખવાનો દિવસ,Education,Indian,Wisdom,3,Every person we meet and every difficulty we face can become a teacher.,અપણે મળતા દરેક વ્યક્તિ અને સામનો કરતી દરેક મુશ્કેલી એક શિક્ષક બની શકે છે.,Premium greeting-card artwork for Learning Day; cultural context: Indian; mood: Wisdom; season: Winter; elegant composition with clear bilingual text space; authentic details; no text inside artwork.,Peacock Royal,Modern Editorial,Winter,EN+GU,Draft,1.0,Evergreen
2026-12-07,Monday,Armed Forces Flag Day,સશસ્ત્ર સેના ધ્વજ દિવસ,National Observance,Indian,Respect,1,"Let the meaning of Armed Forces Flag Day guide us toward responsibility, respect and thoughtful action.","સશસ્ત્ર સેના ધ્વજ દિવસનો અર્થ આપણને જવાબદારી, સન્માન અને વિચારપૂર્વકના કાર્ય તરફ દોરી જાય.",Premium greeting-card artwork for Armed Forces Flag Day; cultural context: Indian; mood: Respect; season: Winter; elegant composition with clear bilingual text space; authentic details; no text inside artwork.,Heritage Sandstone,Classic Heritage,Winter,EN+GU,Draft,1.0,Named Occasion
2026-12-08,Tuesday,Discipline Day,શિસ્ત દિવસ,Work Ethics,Indian,Determination,3,Discipline turns good intentions into steady progress.,શિસ્ત સારા ઇરાદાઓને સતત પ્રગતિમાં બદલે છે.,Premium greeting-card artwork for Discipline Day; cultural context: Indian; mood: Determination; season: Winter; elegant composition with clear bilingual text space; authentic details; no text inside artwork.,Midnight Indigo,Modern Editorial,Winter,EN+GU,Draft,1.0,Evergreen
2026-12-09,Wednesday,International Anti-Corruption Day,આંતરરાષ્ટ્રીય ભ્રષ્ટાચાર વિરોધી દિવસ,Civic,Global,Integrity,1,"Let the meaning of International Anti-Corruption Day guide us toward responsibility, respect and thoughtful action.","આંતરરાષ્ટ્રીય ભ્રષ્ટાચાર વિરોધી દિવસનો અર્થ આપણને જવાબદારી, સન્માન અને વિચારપૂર્વકના કાર્ય તરફ દોરી જાય.",Premium greeting-card artwork for International Anti-Corruption Day; cultural context: Global; mood: Integrity; season: Winter; elegant composition with clear bilingual text space; authentic details; no text inside artwork.,Heritage Sandstone,Modern Editorial,Winter,EN+GU,Draft,1.0,Named Occasion
2026-12-10,Thursday,Human Rights Day,માનવ અધિકાર દિવસ,Global Values,Global,Justice,1,"Let the meaning of Human Rights Day guide us toward responsibility, respect and thoughtful action.","માનવ અધિકાર દિવસનો અર્થ આપણને જવાબદારી, સન્માન અને વિચારપૂર્વકના કાર્ય તરફ દોરી જાય.",Premium greeting-card artwork for Human Rights Day; cultural context: Global; mood: Justice; season: Winter; elegant composition with clear bilingual text space; authentic details; no text inside artwork.,Midnight Indigo,Modern Editorial,Winter,EN+GU,Draft,1.0,Named Occasion
2026-12-11,Friday,International Mountain Day,આંતરરાષ્ટ્રીય પર્વત દિવસ,Environment,Global,Nature,1,"Let the meaning of International Mountain Day guide us toward responsibility, respect and thoughtful action.","આંતરરાષ્ટ્રીય પર્વત દિવસનો અર્થ આપણને જવાબદારી, સન્માન અને વિચારપૂર્વકના કાર્ય તરફ દોરી જાય.",Premium greeting-card artwork for International Mountain Day; cultural context: Global; mood: Nature; season: Winter; elegant composition with clear bilingual text space; authentic details; no text inside artwork.,Monsoon Green,Nature Canvas,Winter,EN+GU,Draft,1.0,Named Occasion
2026-12-12,Saturday,Unity Day,એકતા દિવસ,Indian Values,Indian,Unity,3,Differences become strength when people work together with mutual respect.,લોકો પરસ્પર સન્માનથી સાથે કામ કરે ત્યારે ભિન્નતા શક્તિ બની જાય છે.,Premium greeting-card artwork for Unity Day; cultural context: Indian; mood: Unity; season: Winter; elegant composition with clear bilingual text space; authentic details; no text inside artwork.,Royal Saffron,Classic Heritage,Winter,EN+GU,Draft,1.0,Evergreen
2026-12-13,Sunday,Courage Day,હિંમત દિવસ,Everyday Inspiration,Indian,Courage,3,Courage is often a quiet decision to do what is right despite uncertainty.,હિંમત ઘણીવાર અનિશ્ચિતતા છતાં યોગ્ય કાર્ય કરવાની શાંત પસંદગી હોય છે.,Premium greeting-card artwork for Courage Day; cultural context: Indian; mood: Courage; season: Winter; elegant composition with clear bilingual text space; authentic details; no text inside artwork.,Midnight Indigo,Modern Editorial,Winter,EN+GU,Draft,1.0,Evergreen
2026-12-14,Monday,Nature Appreciation Day,પ્રકૃતિ કદર દિવસ,Environment,Indian,Nature,3,"When we care for nature, we protect the inheritance of generations yet to come.",અપણે પ્રકૃતિની કાળજી લઈએ ત્યારે આવતી પેઢીઓનો વારસો સુરક્ષિત કરીએ છીએ.,Premium greeting-card artwork for Nature Appreciation Day; cultural context: Indian; mood: Nature; season: Winter; elegant composition with clear bilingual text space; authentic details; no text inside artwork.,Monsoon Green,Nature Canvas,Winter,EN+GU,Draft,1.0,Evergreen
2026-12-15,Tuesday,Purposeful Day,હેતુપૂર્ણ દિવસ,Everyday Inspiration,Indian,Purpose,3,A meaningful day begins when one clear intention guides every small action.,દરેક નાનાં કાર્યને એક સ્પષ્ટ હેતુ દિશા આપે ત્યારે દિવસ અર્થપૂર્ણ બને છે.,Premium greeting-card artwork for Purposeful Day; cultural context: Indian; mood: Purpose; season: Winter; elegant composition with clear bilingual text space; authentic details; no text inside artwork.,Heritage Sandstone,Modern Editorial,Winter,EN+GU,Draft,1.0,Evergreen
2026-12-16,Wednesday,Vijay Diwas,વિજય દિવસ,National Remembrance,Indian,Pride,1,"Let the meaning of Vijay Diwas guide us toward responsibility, respect and thoughtful action.","વિજય દિવસનો અર્થ આપણને જવાબદારી, સન્માન અને વિચારપૂર્વકના કાર્ય તરફ દોરી જાય.",Premium greeting-card artwork for Vijay Diwas; cultural context: Indian; mood: Pride; season: Winter; elegant composition with clear bilingual text space; authentic details; no text inside artwork.,Heritage Sandstone,Classic Heritage,Winter,EN+GU,Draft,1.0,Named Occasion
2026-12-17,Thursday,Gratitude Day,કૃતજ્ઞતા દિવસ,Indian Values,Indian,Gratitude,3,Gratitude does not reduce ambition; it gives ambition a peaceful foundation.,કૃતજ્ઞતા મહત્ત્વાકાંક્ષાને ઘટાડતી નથી; તે તેને શાંતિપૂર્ણ આધાર આપે છે.,Premium greeting-card artwork for Gratitude Day; cultural context: Indian; mood: Gratitude; season: Winter; elegant composition with clear bilingual text space; authentic details; no text inside artwork.,Lotus Pink,Royal Greeting,Winter,EN+GU,Draft,1.0,Evergreen
2026-12-18,Friday,International Migrants Day,આંતરરાષ્ટ્રીય સ્થળાંતરિત દિવસ,Global Values,Global,Compassion,1,"Let the meaning of International Migrants Day guide us toward responsibility, respect and thoughtful action.","આંતરરાષ્ટ્રીય સ્થળાંતરિત દિવસનો અર્થ આપણને જવાબદારી, સન્માન અને વિચારપૂર્વકના કાર્ય તરફ દોરી જાય.",Premium greeting-card artwork for International Migrants Day; cultural context: Global; mood: Compassion; season: Winter; elegant composition with clear bilingual text space; authentic details; no text inside artwork.,Peacock Royal,Modern Editorial,Winter,EN+GU,Draft,1.0,Named Occasion
2026-12-19,Saturday,Kindness Day,દયાનો દિવસ,Social Values,Indian,Compassion,3,A small act of kindness can become the part of someone's day they remember most.,દયાનો નાનો કાર્ય કોઈના દિવસની સૌથી યાદગાર ક્ષણ બની શકે છે.,Premium greeting-card artwork for Kindness Day; cultural context: Indian; mood: Compassion; season: Winter; elegant composition with clear bilingual text space; authentic details; no text inside artwork.,Lotus Pink,Royal Greeting,Winter,EN+GU,Draft,1.0,Evergreen
2026-12-20,Sunday,Discipline Day,શિસ્ત દિવસ,Work Ethics,Indian,Determination,3,Discipline turns good intentions into steady progress.,શિસ્ત સારા ઇરાદાઓને સતત પ્રગતિમાં બદલે છે.,Premium greeting-card artwork for Discipline Day; cultural context: Indian; mood: Determination; season: Winter; elegant composition with clear bilingual text space; authentic details; no text inside artwork.,Midnight Indigo,Modern Editorial,Winter,EN+GU,Draft,1.0,Evergreen
2026-12-21,Monday,Winter Solstice,શિયાળુ અયનાંત,Seasonal,Global,Reflection,1,"Let the meaning of Winter Solstice guide us toward responsibility, respect and thoughtful action.","શિયાળુ અયનાંતનો અર્થ આપણને જવાબદારી, સન્માન અને વિચારપૂર્વકના કાર્ય તરફ દોરી જાય.",Premium greeting-card artwork for Winter Solstice; cultural context: Global; mood: Reflection; season: Winter; elegant composition with clear bilingual text space; authentic details; no text inside artwork.,Midnight Indigo,Nature Canvas,Winter,EN+GU,Draft,1.0,Named Occasion
2026-12-22,Tuesday,Service Day,સેવાનો દિવસ,Social Responsibility,Indian,Service,3,Service becomes noble when it is offered with humility rather than recognition in mind.,"સેવા ત્યારે મહાન બને છે જ્યારે તે પ્રસિદ્ધિ માટે નહીં, પરંતુ વિનમ્રતાથી કરવામાં આવે.",Premium greeting-card artwork for Service Day; cultural context: Indian; mood: Service; season: Winter; elegant composition with clear bilingual text space; authentic details; no text inside artwork.,Royal Saffron,Classic Heritage,Winter,EN+GU,Draft,1.0,Evergreen
2026-12-23,Wednesday,Patience Day,ધીરજ દિવસ,Everyday Inspiration,Indian,Calm,3,Patience is not inaction; it is steady effort without unnecessary anxiety.,ધીરજ નિષ્ક્રિયતા નથી; તે અનાવશ્યક ચિંતા વિના સતત પ્રયત્ન છે.,Premium greeting-card artwork for Patience Day; cultural context: Indian; mood: Calm; season: Winter; elegant composition with clear bilingual text space; authentic details; no text inside artwork.,Monsoon Green,Spiritual Serenity,Winter,EN+GU,Draft,1.0,Evergreen
2026-12-24,Thursday,Christmas Eve,નાતાલની પૂર્વસંધ્યા,Religious Celebration,Christian,Peace,1,"Let the meaning of Christmas Eve guide us toward responsibility, respect and thoughtful action.","નાતાલની પૂર્વસંધ્યાનો અર્થ આપણને જવાબદારી, સન્માન અને વિચારપૂર્વકના કાર્ય તરફ દોરી જાય.",Premium greeting-card artwork for Christmas Eve; cultural context: Christian; mood: Peace; season: Winter; elegant composition with clear bilingual text space; authentic details; no text inside artwork.,Festival Gold,Royal Greeting,Winter,EN+GU,Draft,1.0,Named Occasion
2026-12-25,Friday,Christmas Day,નાતાલ દિવસ,Religious Festival,Christian,Joy,1,"May compassion enter every home, peace guide every conversation and hope brighten every tomorrow.","દરેક ઘરમાં કરુણા વસે, દરેક વાતચીતને શાંતિ દિશા આપે અને દરેક આવતીકાલ આશાથી ઉજળી બને.",Premium greeting-card artwork for Christmas Day; cultural context: Christian; mood: Joy; season: Winter; elegant composition with clear bilingual text space; authentic details; no text inside artwork.,Festival Gold,Royal Greeting,Winter,EN+GU,Draft,1.0,Named Occasion
2026-12-26,Saturday,Nature Appreciation Day,પ્રકૃતિ કદર દિવસ,Environment,Indian,Nature,3,"When we care for nature, we protect the inheritance of generations yet to come.",અપણે પ્રકૃતિની કાળજી લઈએ ત્યારે આવતી પેઢીઓનો વારસો સુરક્ષિત કરીએ છીએ.,Premium greeting-card artwork for Nature Appreciation Day; cultural context: Indian; mood: Nature; season: Winter; elegant composition with clear bilingual text space; authentic details; no text inside artwork.,Monsoon Green,Nature Canvas,Winter,EN+GU,Draft,1.0,Evergreen
2026-12-27,Sunday,Purposeful Day,હેતુપૂર્ણ દિવસ,Everyday Inspiration,Indian,Purpose,3,A meaningful day begins when one clear intention guides every small action.,દરેક નાનાં કાર્યને એક સ્પષ્ટ હેતુ દિશા આપે ત્યારે દિવસ અર્થપૂર્ણ બને છે.,Premium greeting-card artwork for Purposeful Day; cultural context: Indian; mood: Purpose; season: Winter; elegant composition with clear bilingual text space; authentic details; no text inside artwork.,Heritage Sandstone,Modern Editorial,Winter,EN+GU,Draft,1.0,Evergreen
2026-12-28,Monday,Character Day,ચારિત્ર્ય દિવસ,Indian Values,Indian,Integrity,3,"Character is built quietly, through choices made when no one is watching.","ચારિત્ર્ય શાંતિથી બને છે—ખાસ કરીને ત્યારે, જ્યારે કોઈ જોઈ રહ્યું ન હોય અને આપણે યોગ્ય પસંદગી કરીએ.",Premium greeting-card artwork for Character Day; cultural context: Indian; mood: Integrity; season: Winter; elegant composition with clear bilingual text space; authentic details; no text inside artwork.,Heritage Sandstone,Classic Heritage,Winter,EN+GU,Draft,1.0,Evergreen
2026-12-29,Tuesday,Gratitude Day,કૃતજ્ઞતા દિવસ,Indian Values,Indian,Gratitude,3,Gratitude does not reduce ambition; it gives ambition a peaceful foundation.,કૃતજ્ઞતા મહત્ત્વાકાંક્ષાને ઘટાડતી નથી; તે તેને શાંતિપૂર્ણ આધાર આપે છે.,Premium greeting-card artwork for Gratitude Day; cultural context: Indian; mood: Gratitude; season: Winter; elegant composition with clear bilingual text space; authentic details; no text inside artwork.,Lotus Pink,Royal Greeting,Winter,EN+GU,Draft,1.0,Evergreen
2026-12-30,Wednesday,Learning Day,શીખવાનો દિવસ,Education,Indian,Wisdom,3,Every person we meet and every difficulty we face can become a teacher.,અપણે મળતા દરેક વ્યક્તિ અને સામનો કરતી દરેક મુશ્કેલી એક શિક્ષક બની શકે છે.,Premium greeting-card artwork for Learning Day; cultural context: Indian; mood: Wisdom; season: Winter; elegant composition with clear bilingual text space; authentic details; no text inside artwork.,Peacock Royal,Modern Editorial,Winter,EN+GU,Draft,1.0,Evergreen
2026-12-31,Thursday,New Year's Eve,નવા વર્ષની પૂર્વસંધ્યા,International Celebration,Western,Reflection,1,"Let the meaning of New Year's Eve guide us toward responsibility, respect and thoughtful action.","નવા વર્ષની પૂર્વસંધ્યાનો અર્થ આપણને જવાબદારી, સન્માન અને વિચારપૂર્વકના કાર્ય તરફ દોરી જાય.",Premium greeting-card artwork for New Year's Eve; cultural context: Western; mood: Reflection; season: Winter; elegant composition with clear bilingual text space; authentic details; no text inside artwork.,Midnight Indigo,Royal Greeting,Winter,EN+GU,Draft,1.0,Named Occasion
